lazada,trail running shoes,www.lazada.sg/products/salomon-men-speedcross-6-wide-trail-running-shoes-quiet-shade-black-pearl-blue-i2353793059.html,Salomon Men Speedcross 6 Wide Trail Running Shoes - Quiet Shade / Black / Pearl Blue,1,05-08-2023
lazada,trail running shoes,www.lazada.sg/products/asics-women-gel-venture-9-trail-running-shoes-in-blackblack-i2751178659.html,ASICS Women GEL-VENTURE 9 Trail Running Shoes in Black/Black,1,05-08-2023
lazada,trail running shoes,www.lazada.sg/products/salomon-men-sense-ride-5-trail-running-shoes-blackfiery-redblack-i2640601091.html,Salomon Men Sense Ride 5 Trail Running Shoes - Black/Fiery Red/Black,1,05-08-2023
lazada,trail running shoes,www.lazada.sg/products/nike-womens-juniper-trail-2-next-nature-trail-running-shoes-wolf-grey-i2653171915.html,Nike Women's Juniper Trail 2 Next Nature Trail Running Shoes - Wolf Grey,1,05-08-2023
lazada,trail running shoes,www.lazada.sg/products/asics-women-trail-scout-2-trail-running-shoes-in-indigo-bluelight-sage-i2751260091.html,ASICS Women TRAIL SCOUT 2 Trail Running Shoes in Indigo Blue/Light Sage,1,05-08-2023
lazada,trail running shoes,www.lazada.sg/products/hoka-men-speedgoat-5-wide-trail-running-shoes-stone-blue-dark-citron-i2772416520.html,Hoka Men Speedgoat 5 Wide Trail Running Shoes - Stone Blue / Dark Citron,1,05-08-2023
lazada,trail running shoes,www.lazada.sg/products/hoka-women-torrent-3-trail-running-shoes-evening-primrose-i2757677252.html,Hoka Women Torrent 3 Trail Running Shoes - Evening Primrose,1,05-08-2023
lazada,trail running shoes,www.lazada.sg/products/hoka-women-torrent-3-trail-running-shoes-festival-fuchsia-camellia-i2784791028.html,HOKA Women Torrent 3 Trail Running Shoes - Festival Fuchsia / Camellia,1,05-08-2023
lazada,trail running shoes,www.lazada.sg/products/salomon-men-speedcross-6-wide-trail-running-shoes-blackblackphantom-i2631144310.html,Salomon Men Speedcross 6 Wide Trail Running Shoes - Black/Black/Phantom,1,05-08-2023
lazada,trail running shoes,www.lazada.sg/products/salomon-men-pulsar-trail-running-shoes-poppy-red-biking-red-black-i2353635952.html,Salomon Men Pulsar Trail Running Shoes - Poppy Red / Biking Red / Black,1,05-08-2023
lazada,trail running shoes,www.lazada.sg/products/under-armour-ua-mens-charged-maven-trek-trail-shoes-i2743641826.html,Under Armour UA Men's Charged Maven Trek Trail Shoes,1,05-08-2023
lazada,trail running shoes,www.lazada.sg/products/the-north-face-mens-vectiv-eminus-trail-running-shoes-tnf-cone-orange-tnf-black-i2691616688.html,The North Face Men's Vectiv Eminus Trail Running Shoes - TNF Cone Orange / TNF Black,1,05-08-2023
lazada,trail running shoes,www.lazada.sg/products/nike-mens-juniper-trail-2-next-nature-trail-running-shoes-wolf-grey-i2692734746.html,Nike Men's Juniper Trail 2 Next Nature Trail-Running Shoes- Wolf Grey,1,05-08-2023
lazada,trail running shoes,www.lazada.sg/products/adidas-terrex-trailrider-women-trail-shoes-black-mint-ton-gw5557-i2632430629.html,Adidas Terrex Trailrider - Women Trail Shoes (Black / Mint Ton) GW5557,1,05-08-2023
lazada,trail running shoes,www.lazada.sg/products/hoka-men-torrent-3-trail-running-shoes-thyme-fiesta-i2757569533.html,Hoka Men Torrent 3 Trail Running Shoes - Thyme / Fiesta,1,05-08-2023
lazada,trail running shoes,www.lazada.sg/products/under-armour-ua-unisex-hovr-ridge-trail-running-shoes-i2668850198.html,Under Armour UA Unisex HOVR™ Ridge Trail Running Shoes,1,05-08-2023
lazada,trail running shoes,www.lazada.sg/products/under-armour-ua-unisex-hovr-ridge-trek-trail-running-shoes-i2668851193.html,Under Armour UA Unisex HOVR™ Ridge Trek Trail Running Shoes,1,05-08-2023
lazada,trail running shoes,www.lazada.sg/products/salomon-men-hypulse-trail-running-shoes-dazzling-blueblackvibrant-orange-i2249783028.html,Salomon Men Hypulse Trail Running Shoes - Dazzling Blue/Black/Vibrant Orange,1,05-08-2023
lazada,trail running shoes,www.lazada.sg/products/hoka-men-torrent-3-trail-running-shoes-blue-steel-dark-citron-i2757586460.html,Hoka Men Torrent 3 Trail Running Shoes - Blue Steel / Dark Citron,1,05-08-2023
lazada,trail running shoes,www.lazada.sg/products/hoka-women-speedgoat-5-trail-running-shoes-bellwether-blue-cyclamen-i2757560591.html,Hoka Women Speedgoat 5 Trail Running Shoes - Bellwether Blue / Cyclamen,1,05-08-2023
lazada,trail running shoes,www.lazada.sg/products/hoka-unisex-stinson-atr-6-trail-running-shoes-dune-oxford-tan-i2601100128.html,HOKA Unisex Stinson Atr 6 Trail Running Shoes - Dune / Oxford Tan,1,05-08-2023
lazada,trail running shoes,www.lazada.sg/products/hoka-women-speedgoat-5-trail-running-shoes-deep-lake-ceramic-i2757617585.html,Hoka Women Speedgoat 5 Trail Running Shoes - Deep Lake / Ceramic,1,05-08-2023
lazada,trail running shoes,www.lazada.sg/products/salomon-women-speedcross-6-wide-trail-running-shoes-moonscape-black-ashes-of-roses-i2353724582.html,Salomon Women Speedcross 6 Wide Trail Running Shoes - Moonscape / Black / Ashes Of Roses,1,05-08-2023
lazada,trail running shoes,www.lazada.sg/products/on-men-cloudvista-trail-running-shoes-midnight-olive-i2669481230.html,ON Men Cloudvista Trail Running Shoes - Midnight / Olive,1,05-08-2023
lazada,trail running shoes,www.lazada.sg/products/on-men-cloudvista-trail-running-shoes-navy-mineral-i2777357636.html,ON Men Cloudvista Trail Running Shoes - Navy / Mineral,1,05-08-2023
lazada,trail running shoes,www.lazada.sg/products/salomon-unisex-glide-max-trail-running-shoes-lunar-rock-black-tanager-turquoise-i2353716619.html,Salomon Unisex Glide Max Trail Running Shoes - Lunar Rock / Black / Tanager Turquoise,1,05-08-2023
lazada,trail running shoes,www.lazada.sg/products/salomon-women-pulsar-trail-running-shoes-velvet-morning-black-blazing-orange-i2353789051.html,Salomon Women Pulsar Trail Running Shoes - Velvet Morning / Black / Blazing Orange,1,05-08-2023
lazada,trail running shoes,www.lazada.sg/products/salomon-men-ultra-glide-wide-trail-running-shoes-black-alloy-goji-berry-i2353778101.html,Salomon Men Ultra Glide Wide Trail Running Shoes - Black / Alloy / Goji Berry,1,05-08-2023
lazada,trail running shoes,www.lazada.sg/products/salomon-women-sense-ride-5-trail-running-shoes-india-inklilac-sachetarctic-ice-i2640546564.html,Salomon Women Sense Ride 5 Trail Running Shoes - India Ink/Lilac Sachet/Arctic Ice,1,05-08-2023
lazada,trail running shoes,www.lazada.sg/products/salomon-men-hypulse-trail-running-shoes-dazzling-blueblackvibrant-orange-i2249752201.html,Salomon Men Hypulse Trail Running Shoes - Dazzling Blue/Black/Vibrant Orange,1,05-08-2023
lazada,trail running shoes,www.lazada.sg/products/salomon-men-speedcross-6-trail-running-shoes-white-black-empire-yellow-i2353647938.html,Salomon Men Speedcross 6 Trail Running Shoes - White / Black / Empire Yellow,1,05-08-2023
lazada,trail running shoes,www.lazada.sg/products/salomon-women-xa-pro-3d-v8-gore-tex-trail-running-shoes-blackgreen-mosszen-blue-i2631218047.html,Salomon Women XA Pro 3D V8 Gore-Tex Trail Running Shoes - Black/Green Moss/Zen Blue,1,05-08-2023
lazada,trail running shoes,www.lazada.sg/products/hoka-women-speedgoat-5-wide-trail-running-shoes-mercury-trellis-i2772481162.html,Hoka Women Speedgoat 5 Wide Trail Running Shoes - Mercury / Trellis,1,05-08-2023
lazada,trail running shoes,www.lazada.sg/products/on-men-cloudvista-waterproof-trail-running-shoes-eclipse-black-i2777310591.html,ON Men Cloudvista Waterproof Trail Running Shoes - Eclipse / Black,1,05-08-2023
lazada,trail running shoes,www.lazada.sg/products/on-men-cloudventure-peak-3-trail-running-shoes-white-i2712921449.html,ON Men Cloudventure Peak 3 Trail Running shoes - White,1,05-08-2023
lazada,trail running shoes,www.lazada.sg/products/craft-ctm-ultra-trail-m-desert-magic-1912657-574739-i2749269474.html,CRAFT CTM ULTRA TRAIL M DESERT-MAGIC  1912657-574739,1,05-08-2023
lazada,trail running shoes,www.lazada.sg/products/craft-endurance-trail-m-aquamarine-heat-shoes-1913374-327569-i2749284440.html,CRAFT ENDURANCE TRAIL M AQUAMARINE-HEAT SHOES 1913374-327569,1,05-08-2023
lazada,trail running shoes,www.lazada.sg/products/craft-endurance-trail-w-machine-sky-shoe-1913375-479313-i2749266547.html,CRAFT ENDURANCE TRAIL W MACHINE-SKY SHOE 1913375-479313,1,05-08-2023
lazada,trail running shoes,www.lazada.sg/products/craft-endurance-trail-m-flex-desert-1913374-932574-i2749366158.html,CRAFT ENDURANCE TRAIL M FLEX-DESERT  1913374-932574,1,05-08-2023
lazada,trail running shoes,www.lazada.sg/products/craft-ctm-ultra-trail-w-sky-peach-1912658-313582-i2749319372.html,CRAFT CTM ULTRA TRAIL W SKY-PEACH  1912658-313582,1,05-08-2023
lazada,trail running shoes,www.lazada.sg/products/craft-ctm-ultra-2-m-ash-whitglxy-1912181-895350-i2749366157.html,CRAFT CTM ULTRA 2 M ASH WHIT/GLXY  1912181-895350,2,05-08-2023
lazada,trail running shoes,www.lazada.sg/products/craft-pro-endur-distance-m-asphaltash-1912183-995914-i2749256555.html,CRAFT PRO ENDUR DISTANCE M ASPHALT/ASH 1912183-995914,2,05-08-2023
lazada,trail running shoes,www.lazada.sg/products/salomon-men-sense-ride-5-trail-running-shoes-blackfiery-redblack-i2640601091.html,Salomon Men Sense Ride 5 Trail Running Shoes - Black/Fiery Red/Black,2,05-08-2023
lazada,trail running shoes,www.lazada.sg/products/salomon-men-speedcross-6-wide-trail-running-shoes-blackblackphantom-i2631144310.html,Salomon Men Speedcross 6 Wide Trail Running Shoes - Black/Black/Phantom,2,05-08-2023
lazada,trail running shoes,www.lazada.sg/products/salomon-women-speedcross-6-wide-trail-running-shoes-moonscape-black-ashes-of-roses-i2353724582.html,Salomon Women Speedcross 6 Wide Trail Running Shoes - Moonscape / Black / Ashes Of Roses,2,05-08-2023
lazada,trail running shoes,www.lazada.sg/products/salomon-men-speedcross-6-wide-trail-running-shoes-quiet-shade-black-pearl-blue-i2353793059.html,Salomon Men Speedcross 6 Wide Trail Running Shoes - Quiet Shade / Black / Pearl Blue,2,05-08-2023
lazada,trail running shoes,www.lazada.sg/products/nike-womens-juniper-trail-2-next-nature-trail-running-shoes-wolf-grey-i2653171915.html,Nike Women's Juniper Trail 2 Next Nature Trail Running Shoes - Wolf Grey,2,05-08-2023
lazada,trail running shoes,www.lazada.sg/products/asics-men-gel-trabuco-10-trail-running-shoes-in-mantle-greenmidnight-i2781685016.html,ASICS Men GEL-Trabuco 10 Trail Running Shoes in Mantle Green/Midnight,2,05-08-2023
lazada,trail running shoes,www.lazada.sg/products/hoka-men-clifton-9-wide-running-shoes-ceramic-evening-primrose-i2772446227.html,Hoka Men Clifton 9 Wide Running Shoes - Ceramic / Evening Primrose,2,05-08-2023
lazada,trail running shoes,www.lazada.sg/products/asics-men-trail-scout-2-trail-running-shoes-in-indigo-blueisland-blue-i2751346516.html,ASICS Men TRAIL SCOUT 2 Trail Running Shoes in Indigo Blue/Island Blue,2,05-08-2023
lazada,trail running shoes,www.lazada.sg/products/asics-men-gel-venture-9-trail-running-shoes-in-blackblack-i2781539754.html,ASICS Men GEL-VENTURE 9 Trail Running Shoes in Black/Black,2,05-08-2023
lazada,trail running shoes,www.lazada.sg/products/hoka-men-arahi-6-wide-running-shoes-harbor-mist-black-i2772564121.html,Hoka Men Arahi 6 Wide Running Shoes - Harbor Mist / Black,2,05-08-2023
lazada,trail running shoes,www.lazada.sg/products/asics-men-gel-sonoma-6-trail-running-shoes-in-blue-coastlapis-lazuli-blue-i2781582521.html,ASICS Men GEL-SONOMA 6 Trail Running Shoes in Blue Coast/Lapis Lazuli Blue,2,05-08-2023
lazada,trail running shoes,www.lazada.sg/products/hoka-men-clifton-9-wide-running-shoes-vibrant-orange-impala-i2673893276.html,HOKA Men Clifton 9 Wide Running shoes - Vibrant Orange / Impala,2,05-08-2023
lazada,trail running shoes,www.lazada.sg/products/hoka-men-arahi-6-running-shoes-black-flame-i2757534744.html,Hoka Men Arahi 6 Running Shoes - Black / Flame,2,05-08-2023
lazada,trail running shoes,www.lazada.sg/products/hoka-men-zinal-running-shoes-fiesta-black-olive-i2620392546.html,HOKA Men Zinal Running Shoes - Fiesta / Black Olive,2,05-08-2023
lazada,trail running shoes,www.lazada.sg/products/hoka-men-arahi-6-wide-running-shoes-black-black-i2673914098.html,HOKA Men Arahi 6 Wide Running shoes - Black / Black,2,05-08-2023
lazada,trail running shoes,www.lazada.sg/products/asics-women-trail-scout-2-trail-running-shoes-in-indigo-bluelight-sage-i2751260091.html,ASICS Women TRAIL SCOUT 2 Trail Running Shoes in Indigo Blue/Light Sage,2,05-08-2023
lazada,trail running shoes,www.lazada.sg/products/salomon-men-hypulse-trail-running-shoes-dazzling-blueblackvibrant-orange-i2249783028.html,Salomon Men Hypulse Trail Running Shoes - Dazzling Blue/Black/Vibrant Orange,2,05-08-2023
lazada,trail running shoes,www.lazada.sg/products/hoka-men-challenger-atr-6-wide-trail-running-shoes-thyme-fiesta-i2559166879.html,HOKA Men Challenger Atr 6 Wide Trail Running Shoes - Thyme / Fiesta,2,05-08-2023
lazada,trail running shoes,www.lazada.sg/products/hoka-men-speedgoat-5-wide-trail-running-shoes-stone-blue-dark-citron-i2772416520.html,Hoka Men Speedgoat 5 Wide Trail Running Shoes - Stone Blue / Dark Citron,2,05-08-2023
lazada,trail running shoes,www.lazada.sg/products/craft-adv-nordic-speed-2-m-riftplava-1912177-664371-i2749285381.html,CRAFT ADV NORDIC SPEED 2 M RIFT/PLAVA 1912177-664371,2,05-08-2023
lazada,trail running shoes,www.lazada.sg/products/on-men-cloudvista-trail-running-shoes-midnight-olive-i2669481230.html,ON Men Cloudvista Trail Running Shoes - Midnight / Olive,2,05-08-2023
lazada,trail running shoes,www.lazada.sg/products/hoka-men-bondi-8-wide-running-shoes-outer-space-all-aboard-i2772544228.html,Hoka Men Bondi 8 Wide Running Shoes - Outer Space / All Aboard,2,05-08-2023
lazada,trail running shoes,www.lazada.sg/products/on-men-cloudvista-trail-running-shoes-navy-mineral-i2777357636.html,ON Men Cloudvista Trail Running Shoes - Navy / Mineral,2,05-08-2023
lazada,trail running shoes,www.lazada.sg/products/hoka-women-arahi-6-wide-running-shoes-harbor-mist-sliver-i2772517180.html,Hoka Women Arahi 6 Wide Running Shoes - Harbor Mist / Sliver,2,05-08-2023
lazada,trail running shoes,www.lazada.sg/products/hoka-women-torrent-3-trail-running-shoes-evening-primrose-i2757677252.html,Hoka Women Torrent 3 Trail Running Shoes - Evening Primrose,2,05-08-2023
lazada,trail running shoes,www.lazada.sg/products/the-north-face-mens-vectiv-eminus-trail-running-shoes-tnf-cone-orange-tnf-black-i2691616688.html,The North Face Men's Vectiv Eminus Trail Running Shoes - TNF Cone Orange / TNF Black,2,05-08-2023
lazada,trail running shoes,www.lazada.sg/products/salomon-men-outrise-gore-tex-running-shoes-blackblackphantom-i2631153285.html,Salomon Men Outrise Gore-Tex Running Shoes - Black/Black/Phantom,2,05-08-2023
lazada,trail running shoes,www.lazada.sg/products/hoka-women-speedgoat-5-trail-running-shoes-bellwether-blue-cyclamen-i2757560591.html,Hoka Women Speedgoat 5 Trail Running Shoes - Bellwether Blue / Cyclamen,2,05-08-2023
lazada,trail running shoes,www.lazada.sg/products/asics-men-gel-trabuco-10-trail-running-shoes-in-blue-coastwhite-i2781685017.html,ASICS Men GEL-Trabuco 10 Trail Running Shoes in Blue Coast/White,2,05-08-2023
lazada,trail running shoes,www.lazada.sg/products/salomon-men-pulsar-trail-running-shoes-poppy-red-biking-red-black-i2353635952.html,Salomon Men Pulsar Trail Running Shoes - Poppy Red / Biking Red / Black,2,05-08-2023
lazada,trail running shoes,www.lazada.sg/products/saucony-men-endorphin-shift-3-running-shoes-concrete-wood-i2727679014.html,Saucony Men Endorphin Shift 3 Running Shoes - Concrete / Wood,2,05-08-2023
lazada,trail running shoes,www.lazada.sg/products/hoka-men-torrent-3-trail-running-shoes-thyme-fiesta-i2757569533.html,Hoka Men Torrent 3 Trail Running Shoes - Thyme / Fiesta,2,05-08-2023
lazada,trail running shoes,www.lazada.sg/products/hoka-men-carbon-x-3-running-shoes-evening-primrose-scuba-blue-i2620445278.html,HOKA Men Carbon X 3 Running Shoes - Evening Primrose / Scuba Blue,2,05-08-2023
lazada,trail running shoes,www.lazada.sg/products/hoka-men-rincon-3-running-shoes-coastal-sky-vibrant-orange-i2757565546.html,Hoka Men Rincon 3 Running Shoes - Coastal Sky / Vibrant Orange,2,05-08-2023
lazada,trail running shoes,www.lazada.sg/products/hoka-men-anacapa-low-gore-tex-running-shoes-black-black-i2742299451.html,HOKA Men Anacapa Low Gore-Tex Running Shoes - Black / Black,2,05-08-2023
lazada,trail running shoes,www.lazada.sg/products/skechers-men-hillcrest-vast-adventure-shoes-237266-ntbk-memory-foam-trail-i2625438582.html,Skechers Men Hillcrest Vast Adventure Shoes - 237266-NTBK Memory Foam Trail,2,05-08-2023
lazada,trail running shoes,www.lazada.sg/products/salomon-men-speedcross-6-trail-running-shoes-white-black-empire-yellow-i2353647938.html,Salomon Men Speedcross 6 Trail Running Shoes - White / Black / Empire Yellow,2,05-08-2023
lazada,trail running shoes,www.lazada.sg/products/salomon-men-hypulse-trail-running-shoes-dazzling-blueblackvibrant-orange-i2249752201.html,Salomon Men Hypulse Trail Running Shoes - Dazzling Blue/Black/Vibrant Orange,2,05-08-2023
lazada,trail running shoes,www.lazada.sg/products/salomon-men-speedcross-6-wide-trail-running-shoes-quiet-shade-black-pearl-blue-i2353793059.html,Salomon Men Speedcross 6 Wide Trail Running Shoes - Quiet Shade / Black / Pearl Blue,3,05-08-2023
lazada,trail running shoes,www.lazada.sg/products/asics-men-gel-trabuco-10-trail-running-shoes-in-mantle-greenmidnight-i2781685016.html,ASICS Men GEL-Trabuco 10 Trail Running Shoes in Mantle Green/Midnight,3,05-08-2023
lazada,trail running shoes,www.lazada.sg/products/salomon-men-sense-ride-5-trail-running-shoes-blackfiery-redblack-i2640601091.html,Salomon Men Sense Ride 5 Trail Running Shoes - Black/Fiery Red/Black,3,05-08-2023
lazada,trail running shoes,www.lazada.sg/products/asics-men-gel-sonoma-6-trail-running-shoes-in-blue-coastlapis-lazuli-blue-i2781582521.html,ASICS Men GEL-SONOMA 6 Trail Running Shoes in Blue Coast/Lapis Lazuli Blue,3,05-08-2023
lazada,trail running shoes,www.lazada.sg/products/hoka-women-torrent-2-trail-running-shoes-scuba-blue-black-i2559150949.html,HOKA Women Torrent 2 Trail Running Shoes - Scuba Blue / Black,3,05-08-2023
lazada,trail running shoes,www.lazada.sg/products/hoka-men-zinal-running-shoes-fiesta-black-olive-i2620392546.html,HOKA Men Zinal Running Shoes - Fiesta / Black Olive,3,05-08-2023
lazada,trail running shoes,www.lazada.sg/products/asics-men-trail-scout-2-trail-running-shoes-in-indigo-blueisland-blue-i2751346516.html,ASICS Men TRAIL SCOUT 2 Trail Running Shoes in Indigo Blue/Island Blue,3,05-08-2023
lazada,trail running shoes,www.lazada.sg/products/hoka-men-challenger-atr-6-wide-trail-running-shoes-thyme-fiesta-i2559166879.html,HOKA Men Challenger Atr 6 Wide Trail Running Shoes - Thyme / Fiesta,3,05-08-2023
lazada,trail running shoes,www.lazada.sg/products/asics-men-gel-venture-9-trail-running-shoes-in-blackblack-i2781539754.html,ASICS Men GEL-VENTURE 9 Trail Running Shoes in Black/Black,3,05-08-2023
lazada,trail running shoes,www.lazada.sg/products/salomon-unisex-glide-max-trail-running-shoes-lunar-rock-black-tanager-turquoise-i2353716619.html,Salomon Unisex Glide Max Trail Running Shoes - Lunar Rock / Black / Tanager Turquoise,3,05-08-2023
lazada,trail running shoes,www.lazada.sg/products/asics-women-trail-scout-2-trail-running-shoes-in-indigo-bluelight-sage-i2751260091.html,ASICS Women TRAIL SCOUT 2 Trail Running Shoes in Indigo Blue/Light Sage,3,05-08-2023
lazada,trail running shoes,www.lazada.sg/products/salomon-men-speedcross-6-wide-trail-running-shoes-blackblackphantom-i2631144310.html,Salomon Men Speedcross 6 Wide Trail Running Shoes - Black/Black/Phantom,3,05-08-2023
lazada,trail running shoes,www.lazada.sg/products/the-north-face-mens-vectiv-eminus-trail-running-shoes-tnf-cone-orange-tnf-black-i2691616688.html,The North Face Men's Vectiv Eminus Trail Running Shoes - TNF Cone Orange / TNF Black,3,05-08-2023
lazada,trail running shoes,www.lazada.sg/products/craft-ctm-ultra-2-m-ash-whitglxy-1912181-895350-i2749366157.html,CRAFT CTM ULTRA 2 M ASH WHIT/GLXY  1912181-895350,3,05-08-2023
lazada,trail running shoes,www.lazada.sg/products/salomon-men-pulsar-trail-running-shoes-poppy-red-biking-red-black-i2353635952.html,Salomon Men Pulsar Trail Running Shoes - Poppy Red / Biking Red / Black,3,05-08-2023
lazada,trail running shoes,www.lazada.sg/products/hoka-men-torrent-3-trail-running-shoes-thyme-fiesta-i2757569533.html,Hoka Men Torrent 3 Trail Running Shoes - Thyme / Fiesta,3,05-08-2023
lazada,trail running shoes,www.lazada.sg/products/hoka-women-kawana-running-shoes-white-ice-water-i2757601424.html,Hoka Women Kawana Running Shoes - White / Ice Water,3,05-08-2023
lazada,trail running shoes,www.lazada.sg/products/hoka-men-clifton-9-wide-running-shoes-ceramic-evening-primrose-i2772446227.html,Hoka Men Clifton 9 Wide Running Shoes - Ceramic / Evening Primrose,3,05-08-2023
lazada,trail running shoes,www.lazada.sg/products/craft-adv-nordic-speed-2-m-riftplava-1912177-664371-i2749285381.html,CRAFT ADV NORDIC SPEED 2 M RIFT/PLAVA 1912177-664371,3,05-08-2023
lazada,trail running shoes,www.lazada.sg/products/salomon-men-hypulse-trail-running-shoes-dazzling-blueblackvibrant-orange-i2249783028.html,Salomon Men Hypulse Trail Running Shoes - Dazzling Blue/Black/Vibrant Orange,3,05-08-2023
lazada,trail running shoes,www.lazada.sg/products/hoka-men-speedgoat-5-wide-trail-running-shoes-stone-blue-dark-citron-i2772416520.html,Hoka Men Speedgoat 5 Wide Trail Running Shoes - Stone Blue / Dark Citron,3,05-08-2023
lazada,trail running shoes,www.lazada.sg/products/nike-womens-juniper-trail-2-next-nature-trail-running-shoes-wolf-grey-i2653171915.html,Nike Women's Juniper Trail 2 Next Nature Trail Running Shoes - Wolf Grey,3,05-08-2023
lazada,trail running shoes,www.lazada.sg/products/salomon-women-pulsar-trail-running-shoes-velvet-morning-black-blazing-orange-i2353789051.html,Salomon Women Pulsar Trail Running Shoes - Velvet Morning / Black / Blazing Orange,3,05-08-2023
lazada,trail running shoes,www.lazada.sg/products/under-armour-ua-mens-charged-maven-trek-trail-shoes-i2743641826.html,Under Armour UA Men's Charged Maven Trek Trail Shoes,3,05-08-2023
lazada,trail running shoes,www.lazada.sg/products/salomon-men-speedcross-6-trail-running-shoes-white-black-empire-yellow-i2353647938.html,Salomon Men Speedcross 6 Trail Running Shoes - White / Black / Empire Yellow,3,05-08-2023
lazada,trail running shoes,www.lazada.sg/products/salomon-men-ultra-glide-wide-trail-running-shoes-black-alloy-goji-berry-i2353778101.html,Salomon Men Ultra Glide Wide Trail Running Shoes - Black / Alloy / Goji Berry,3,05-08-2023
lazada,trail running shoes,www.lazada.sg/products/saucony-men-peregrine-13-st-trail-running-shoes-umber-basalt-i2727513984.html,Saucony Men Peregrine 13 ST Trail Running Shoes - Umber / Basalt,3,05-08-2023
lazada,trail running shoes,www.lazada.sg/products/salomon-men-hypulse-trail-running-shoes-dazzling-blueblackvibrant-orange-i2249752201.html,Salomon Men Hypulse Trail Running Shoes - Dazzling Blue/Black/Vibrant Orange,3,05-08-2023
lazada,trail running shoes,www.lazada.sg/products/asics-men-gel-trabuco-10-trail-running-shoes-in-blue-coastwhite-i2781685017.html,ASICS Men GEL-Trabuco 10 Trail Running Shoes in Blue Coast/White,3,05-08-2023
lazada,trail running shoes,www.lazada.sg/products/on-men-cloudvista-trail-running-shoes-midnight-olive-i2669481230.html,ON Men Cloudvista Trail Running Shoes - Midnight / Olive,3,05-08-2023
lazada,trail running shoes,www.lazada.sg/products/craft-pro-endur-distance-m-asphaltash-1912183-995914-i2749256555.html,CRAFT PRO ENDUR DISTANCE M ASPHALT/ASH 1912183-995914,3,05-08-2023
lazada,trail running shoes,www.lazada.sg/products/hoka-women-kawana-running-shoes-nimbus-cloud-ice-flow-i2757534746.html,Hoka Women Kawana Running Shoes - Nimbus Cloud / Ice Flow,3,05-08-2023
lazada,trail running shoes,www.lazada.sg/products/on-men-cloudvista-trail-running-shoes-navy-mineral-i2777357636.html,ON Men Cloudvista Trail Running Shoes - Navy / Mineral,3,05-08-2023
lazada,trail running shoes,www.lazada.sg/products/salomon-men-outrise-gore-tex-running-shoes-blackblackphantom-i2631153285.html,Salomon Men Outrise Gore-Tex Running Shoes - Black/Black/Phantom,3,05-08-2023
lazada,trail running shoes,www.lazada.sg/products/salomon-women-speedcross-6-wide-trail-running-shoes-moonscape-black-ashes-of-roses-i2353724582.html,Salomon Women Speedcross 6 Wide Trail Running Shoes - Moonscape / Black / Ashes Of Roses,3,05-08-2023
lazada,trail running shoes,www.lazada.sg/products/hoka-men-torrent-3-trail-running-shoes-blue-steel-dark-citron-i2757586460.html,Hoka Men Torrent 3 Trail Running Shoes - Blue Steel / Dark Citron,3,05-08-2023
lazada,trail running shoes,www.lazada.sg/products/hoka-women-torrent-3-trail-running-shoes-festival-fuchsia-camellia-i2784791028.html,HOKA Women Torrent 3 Trail Running Shoes - Festival Fuchsia / Camellia,3,05-08-2023
lazada,trail running shoes,www.lazada.sg/products/hoka-unisex-mafate-speed-2-trail-running-shoes-eggnog-oxford-tan-i2601023673.html,HOKA Unisex Mafate Speed 2 Trail Running Shoes - Eggnog / Oxford Tan,3,05-08-2023
lazada,trail running shoes,www.lazada.sg/products/hoka-women-torrent-3-trail-running-shoes-evening-primrose-i2757677252.html,Hoka Women Torrent 3 Trail Running Shoes - Evening Primrose,3,05-08-2023
lazada,trail running shoes,www.lazada.sg/products/hoka-men-zinal-running-shoes-evening-primrose-blue-coral-i2342598784.html,Hoka Men Zinal Running Shoes - Evening Primrose / Blue Coral,3,05-08-2023
lazada,trail running shoes,www.lazada.sg/products/hoka-men-carbon-x-3-running-shoes-white-flame-i2757587488.html,Hoka Men Carbon X 3 Running Shoes - White / Flame,4,05-08-2023
lazada,trail running shoes,www.lazada.sg/products/under-armour-ua-unisex-hovr-ridge-trek-trail-running-shoes-i2668851193.html,Under Armour UA Unisex HOVR™ Ridge Trek Trail Running Shoes,4,05-08-2023
lazada,trail running shoes,www.lazada.sg/products/hoka-men-speedgoat-5-running-shoes-deep-lake-ceramic-i2742315935.html,HOKA Men Speedgoat 5 Running Shoes - Deep Lake / Ceramic,4,05-08-2023
lazada,trail running shoes,www.lazada.sg/products/hoka-women-arahi-6-wide-running-shoes-all-aboard-coastal-sky-i2772227891.html,Hoka Women Arahi 6 Wide Running Shoes - All Aboard / Coastal Sky,4,05-08-2023
lazada,trail running shoes,www.lazada.sg/products/under-armour-ua-hovr-phantom-3-lunar-new-year-men-running-shoes-black-3025570-001-i2850761817.html,Under Armour UA HOVR Phantom 3 Lunar New Year - Men Running Shoes (Black) 3025570-001,4,05-08-2023
lazada,trail running shoes,www.lazada.sg/products/hoka-women-rincon-3-wide-running-shoes-ice-flow-cloud-blue-i2772434421.html,Hoka Women Rincon 3 Wide Running Shoes - Ice Flow / Cloud Blue,4,05-08-2023
lazada,trail running shoes,www.lazada.sg/products/salomon-women-pulsar-trail-running-shoes-velvet-morning-black-blazing-orange-i2353789051.html,Salomon Women Pulsar Trail Running Shoes - Velvet Morning / Black / Blazing Orange,4,05-08-2023
lazada,trail running shoes,www.lazada.sg/products/hoka-men-bondi-8-running-shoes-ice-flow-bit-of-blue-i2757681083.html,Hoka Men Bondi 8 Running Shoes - Ice Flow / Bit Of Blue,4,05-08-2023
lazada,trail running shoes,www.lazada.sg/products/hoka-men-hopara-running-shoes-black-black-i2742359691.html,HOKA Men Hopara Running Shoes - Black / Black,4,05-08-2023
lazada,trail running shoes,www.lazada.sg/products/on-women-cloudultra-2-trail-running-shoes-black-white-i2851468542.html,ON Women Cloudultra 2 Trail Running Shoes - Black / White,4,05-08-2023
lazada,trail running shoes,www.lazada.sg/products/hoka-women-mach-5-running-shoes-evening-primrose-scuba-blue-i2559366223.html,HOKA Women Mach 5 Running Shoes - Evening Primrose / Scuba Blue,4,05-08-2023
lazada,trail running shoes,www.lazada.sg/products/under-armour-ua-unisex-hovr-summit-fat-tire-delta-running-shoes-i2668798565.html,Under Armour UA Unisex HOVR™ Summit Fat Tire Delta Running Shoes,4,05-08-2023
lazada,trail running shoes,www.lazada.sg/products/hoka-men-torrent-3-trail-running-shoes-blue-steel-dark-citron-i2757586460.html,Hoka Men Torrent 3 Trail Running Shoes - Blue Steel / Dark Citron,4,05-08-2023
lazada,trail running shoes,www.lazada.sg/products/hoka-women-torrent-3-trail-running-shoes-festival-fuchsia-camellia-i2784791028.html,HOKA Women Torrent 3 Trail Running Shoes - Festival Fuchsia / Camellia,4,05-08-2023
lazada,trail running shoes,www.lazada.sg/products/hoka-men-mach-5-running-shoes-evening-primrose-scuba-blue-i2559199802.html,HOKA Men Mach 5 Running Shoes - Evening Primrose / Scuba Blue,4,05-08-2023
lazada,trail running shoes,www.lazada.sg/products/hoka-men-rincon-3-running-shoes-black-dazzling-blue-i2757643412.html,Hoka Men Rincon 3 Running Shoes - Black / Dazzling Blue,4,05-08-2023
lazada,trail running shoes,www.lazada.sg/products/salomon-women-xa-pro-3d-v8-gore-tex-trail-running-shoes-blackgreen-mosszen-blue-i2631218047.html,Salomon Women XA Pro 3D V8 Gore-Tex Trail Running Shoes - Black/Green Moss/Zen Blue,4,05-08-2023
lazada,trail running shoes,www.lazada.sg/products/salomon-women-sense-ride-5-trail-running-shoes-india-inklilac-sachetarctic-ice-i2640546564.html,Salomon Women Sense Ride 5 Trail Running Shoes - India Ink/Lilac Sachet/Arctic Ice,4,05-08-2023
lazada,trail running shoes,www.lazada.sg/products/hoka-unisex-rocket-x-running-shoes-white-diva-blue-i1633787290.html,Hoka Unisex Rocket X Running Shoes - White / Diva Blue,4,05-08-2023
lazada,trail running shoes,www.lazada.sg/products/hoka-men-zinal-running-shoes-evening-primrose-blue-coral-i2342598784.html,Hoka Men Zinal Running Shoes - Evening Primrose / Blue Coral,4,05-08-2023
lazada,trail running shoes,www.lazada.sg/products/nike-mens-juniper-trail-2-next-nature-trail-running-shoes-wolf-grey-i2692734746.html,Nike Men's Juniper Trail 2 Next Nature Trail-Running Shoes- Wolf Grey,4,05-08-2023
lazada,trail running shoes,www.lazada.sg/products/craft-endurance-trail-m-aquamarine-heat-shoes-1913374-327569-i2749284440.html,CRAFT ENDURANCE TRAIL M AQUAMARINE-HEAT SHOES 1913374-327569,4,05-08-2023
lazada,trail running shoes,www.lazada.sg/products/hoka-women-kaha-2-low-gore-tex-running-shoes-grape-wine-coastal-shape-i2752653390.html,HOKA Women Kaha 2 Low Gore-Tex Running Shoes - Grape Wine / Coastal Shape,4,05-08-2023
lazada,trail running shoes,www.lazada.sg/products/hoka-women-speedgoat-5-wide-trail-running-shoes-mercury-trellis-i2772481162.html,Hoka Women Speedgoat 5 Wide Trail Running Shoes - Mercury / Trellis,4,05-08-2023
lazada,trail running shoes,www.lazada.sg/products/craft-pro-endur-distance-m-1912183-999900-i2177461198.html,CRAFT PRO ENDUR DISTANCE M 1912183-999900,4,05-08-2023
lazada,trail running shoes,www.lazada.sg/products/salomon-unisex-glide-max-trail-running-shoes-lunar-rock-black-tanager-turquoise-i2353716619.html,Salomon Unisex Glide Max Trail Running Shoes - Lunar Rock / Black / Tanager Turquoise,4,05-08-2023
lazada,trail running shoes,www.lazada.sg/products/hoka-unisex-rocket-x-running-shoes-black-evening-primrose-i2620296647.html,HOKA Unisex Rocket X Running Shoes - Black / Evening Primrose,4,05-08-2023
lazada,trail running shoes,www.lazada.sg/products/hoka-men-rincon-3-running-shoes-ice-flow-cloud-blue-i2757676209.html,Hoka Men Rincon 3 Running Shoes - Ice Flow / Cloud Blue,4,05-08-2023
lazada,trail running shoes,www.lazada.sg/products/adidas-terrex-trail-rider-men-trail-shoes-core-black-hr1160-i2751525405.html,Adidas Terrex Trail Rider - Men Trail Shoes (Core Black) HR1160,4,05-08-2023
lazada,trail running shoes,www.lazada.sg/products/adidas-terrex-trailrider-women-trail-shoes-black-mint-ton-gw5557-i2632430629.html,Adidas Terrex Trailrider - Women Trail Shoes (Black / Mint Ton) GW5557,4,05-08-2023
lazada,trail running shoes,www.lazada.sg/products/hoka-men-arahi-6-wide-running-shoes-outer-space-bellwether-blue-i2620393609.html,HOKA Men Arahi 6 Wide Running Shoes - Outer Space / Bellwether Blue,4,05-08-2023
lazada,trail running shoes,www.lazada.sg/products/asics-women-gel-venture-9-trail-running-shoes-in-blackblack-i2751178659.html,ASICS Women GEL-VENTURE 9 Trail Running Shoes in Black/Black,4,05-08-2023
lazada,trail running shoes,www.lazada.sg/products/hoka-men-carbon-x-3-running-shoes-costal-sky-bellwether-blue-i2757589723.html,Hoka Men Carbon X 3 Running Shoes - Costal Sky / Bellwether Blue,4,05-08-2023
lazada,trail running shoes,www.lazada.sg/products/salomon-men-ultra-glide-wide-trail-running-shoes-black-alloy-goji-berry-i2353778101.html,Salomon Men Ultra Glide Wide Trail Running Shoes - Black / Alloy / Goji Berry,4,05-08-2023
lazada,trail running shoes,www.lazada.sg/products/asics-men-tartheredge-3-running-shoes-in-mako-bluehazard-green-i2474575727.html,ASICS Men TARTHEREDGE 3 Running Shoes in Mako Blue/Hazard Green,4,05-08-2023
lazada,trail running shoes,www.lazada.sg/products/hoka-men-anacapa-breeze-low-running-shoes-black-black-i2742350146.html,HOKA Men Anacapa Breeze Low Running Shoes - Black / Black,4,05-08-2023
lazada,trail running shoes,www.lazada.sg/products/saucony-men-endorphin-shift-3-running-shoe-slate-palm-i2547761833.html,Saucony Men Endorphin Shift 3 Running Shoe - Slate / Palm,4,05-08-2023
lazada,trail running shoes,www.lazada.sg/products/craft-ctm-ultra-trail-m-desert-magic-1912657-574739-i2749269474.html,CRAFT CTM ULTRA TRAIL M DESERT-MAGIC  1912657-574739,4,05-08-2023
lazada,trail running shoes,www.lazada.sg/products/hoka-women-rincon-3-running-shoes-bellwether-blue-ceramic-i2757587475.html,Hoka Women Rincon 3 Running Shoes - Bellwether Blue / Ceramic,4,05-08-2023
lazada,trail running shoes,www.lazada.sg/products/hoka-women-speedgoat-5-trail-running-shoes-deep-lake-ceramic-i2757617585.html,Hoka Women Speedgoat 5 Trail Running Shoes - Deep Lake / Ceramic,4,05-08-2023
lazada,trail running shoes,www.lazada.sg/products/asics-men-gel-trabuco-10-trail-running-shoes-in-mantle-greenmidnight-i2781685016.html,ASICS Men GEL-Trabuco 10 Trail Running Shoes in Mantle Green/Midnight,5,05-08-2023
lazada,trail running shoes,www.lazada.sg/products/asics-men-trail-scout-2-trail-running-shoes-in-indigo-blueisland-blue-i2751346516.html,ASICS Men TRAIL SCOUT 2 Trail Running Shoes in Indigo Blue/Island Blue,5,05-08-2023
lazada,trail running shoes,www.lazada.sg/products/asics-men-gel-sonoma-6-trail-running-shoes-in-blue-coastlapis-lazuli-blue-i2781582521.html,ASICS Men GEL-SONOMA 6 Trail Running Shoes in Blue Coast/Lapis Lazuli Blue,5,05-08-2023
lazada,trail running shoes,www.lazada.sg/products/salomon-men-speedcross-6-wide-trail-running-shoes-quiet-shade-black-pearl-blue-i2353793059.html,Salomon Men Speedcross 6 Wide Trail Running Shoes - Quiet Shade / Black / Pearl Blue,5,05-08-2023
lazada,trail running shoes,www.lazada.sg/products/asics-men-gel-venture-9-trail-running-shoes-in-blackblack-i2781539754.html,ASICS Men GEL-VENTURE 9 Trail Running Shoes in Black/Black,5,05-08-2023
lazada,trail running shoes,www.lazada.sg/products/hoka-women-torrent-2-trail-running-shoes-scuba-blue-black-i2559150949.html,HOKA Women Torrent 2 Trail Running Shoes - Scuba Blue / Black,5,05-08-2023
lazada,trail running shoes,www.lazada.sg/products/asics-women-gel-venture-9-trail-running-shoes-in-blackblack-i2751178659.html,ASICS Women GEL-VENTURE 9 Trail Running Shoes in Black/Black,5,05-08-2023
lazada,trail running shoes,www.lazada.sg/products/salomon-men-sense-ride-5-trail-running-shoes-blackfiery-redblack-i2640601091.html,Salomon Men Sense Ride 5 Trail Running Shoes - Black/Fiery Red/Black,5,05-08-2023
lazada,trail running shoes,www.lazada.sg/products/hoka-men-hopara-running-shoes-black-black-i2742359691.html,HOKA Men Hopara Running Shoes - Black / Black,5,05-08-2023
lazada,trail running shoes,www.lazada.sg/products/asics-women-trail-scout-2-trail-running-shoes-in-indigo-bluelight-sage-i2751260091.html,ASICS Women TRAIL SCOUT 2 Trail Running Shoes in Indigo Blue/Light Sage,5,05-08-2023
lazada,trail running shoes,www.lazada.sg/products/craft-ctm-ultra-2-m-ash-whitglxy-1912181-895350-i2749366157.html,CRAFT CTM ULTRA 2 M ASH WHIT/GLXY  1912181-895350,5,05-08-2023
lazada,trail running shoes,www.lazada.sg/products/craft-pro-endur-distance-m-asphaltash-1912183-995914-i2749256555.html,CRAFT PRO ENDUR DISTANCE M ASPHALT/ASH 1912183-995914,5,05-08-2023
lazada,trail running shoes,www.lazada.sg/products/new-balance-fuelcell-propel-v4-d-men-running-shoes-white-mfcprlw4-i2809023327.html,New Balance FuelCell Propel v4 (D) - Men Running Shoes (White) MFCPRLW4,5,05-08-2023
lazada,trail running shoes,www.lazada.sg/products/salomon-men-speedcross-6-wide-trail-running-shoes-blackblackphantom-i2631144310.html,Salomon Men Speedcross 6 Wide Trail Running Shoes - Black/Black/Phantom,5,05-08-2023
lazada,trail running shoes,www.lazada.sg/products/salomon-women-speedcross-6-wide-trail-running-shoes-moonscape-black-ashes-of-roses-i2353724582.html,Salomon Women Speedcross 6 Wide Trail Running Shoes - Moonscape / Black / Ashes Of Roses,5,05-08-2023
lazada,trail running shoes,www.lazada.sg/products/asics-men-gel-trabuco-10-trail-running-shoes-in-blue-coastwhite-i2781685017.html,ASICS Men GEL-Trabuco 10 Trail Running Shoes in Blue Coast/White,5,05-08-2023
lazada,trail running shoes,www.lazada.sg/products/nike-womens-juniper-trail-2-next-nature-trail-running-shoes-wolf-grey-i2653171915.html,Nike Women's Juniper Trail 2 Next Nature Trail Running Shoes - Wolf Grey,5,05-08-2023
lazada,trail running shoes,www.lazada.sg/products/asics-men-gel-venture-9-trail-running-shoes-in-deep-oceanfrench-blue-i2842188269.html,ASICS Men GEL-VENTURE 9 Trail Running Shoes in Deep Ocean/French Blue,5,05-08-2023
lazada,trail running shoes,www.lazada.sg/products/hoka-men-challenger-atr-6-wide-trail-running-shoes-thyme-fiesta-i2559166879.html,HOKA Men Challenger Atr 6 Wide Trail Running Shoes - Thyme / Fiesta,5,05-08-2023
lazada,trail running shoes,www.lazada.sg/products/mizuno-women-wave-rider-gtx-running-shoes-in-black-j1gd1879-i2508720471.html,Mizuno Women Wave Rider GTX Running Shoes In Black J1GD1879,5,05-08-2023
lazada,trail running shoes,www.lazada.sg/products/salomon-unisex-glide-max-trail-running-shoes-lunar-rock-black-tanager-turquoise-i2353716619.html,Salomon Unisex Glide Max Trail Running Shoes - Lunar Rock / Black / Tanager Turquoise,5,05-08-2023
lazada,trail running shoes,www.lazada.sg/products/asics-men-trail-scout-3-trail-running-shoes-in-deep-oceanbright-orange-i2850427416.html,ASICS Men TRAIL SCOUT 3 Trail Running Shoes in Deep Ocean/Bright Orange,5,05-08-2023
lazada,trail running shoes,www.lazada.sg/products/under-armour-ua-mens-charged-maven-trek-trail-shoes-i2743641826.html,Under Armour UA Men's Charged Maven Trek Trail Shoes,5,05-08-2023
lazada,trail running shoes,www.lazada.sg/products/asics-women-trail-scout-3-trail-running-shoes-in-deep-oceangris-blue-i2850196008.html,ASICS Women TRAIL SCOUT 3 Trail Running Shoes in Deep Ocean/Gris Blue,5,05-08-2023
lazada,trail running shoes,www.lazada.sg/products/salomon-men-pulsar-trail-running-shoes-poppy-red-biking-red-black-i2353635952.html,Salomon Men Pulsar Trail Running Shoes - Poppy Red / Biking Red / Black,5,05-08-2023
lazada,trail running shoes,www.lazada.sg/products/the-north-face-mens-vectiv-eminus-trail-running-shoes-tnf-cone-orange-tnf-black-i2691616688.html,The North Face Men's Vectiv Eminus Trail Running Shoes - TNF Cone Orange / TNF Black,5,05-08-2023
lazada,trail running shoes,www.lazada.sg/products/hoka-men-clifton-9-wide-running-shoes-ceramic-evening-primrose-i2772446227.html,Hoka Men Clifton 9 Wide Running Shoes - Ceramic / Evening Primrose,5,05-08-2023
lazada,trail running shoes,www.lazada.sg/products/asics-women-gel-venture-9-trail-running-shoes-in-ivypapaya-i2649864989.html,ASICS Women GEL-VENTURE 9 Trail Running Shoes in Ivy/Papaya,5,05-08-2023
lazada,trail running shoes,www.lazada.sg/products/hoka-men-zinal-running-shoes-fiesta-black-olive-i2620392546.html,HOKA Men Zinal Running Shoes - Fiesta / Black Olive,5,05-08-2023
lazada,trail running shoes,www.lazada.sg/products/adidas-terrex-trail-rider-men-trail-shoes-core-black-hr1160-i2751525405.html,Adidas Terrex Trail Rider - Men Trail Shoes (Core Black) HR1160,5,05-08-2023
lazada,trail running shoes,www.lazada.sg/products/hoka-women-kawana-running-shoes-white-ice-water-i2757601424.html,Hoka Women Kawana Running Shoes - White / Ice Water,5,05-08-2023
lazada,trail running shoes,www.lazada.sg/products/salomon-women-pulsar-trail-running-shoes-velvet-morning-black-blazing-orange-i2353789051.html,Salomon Women Pulsar Trail Running Shoes - Velvet Morning / Black / Blazing Orange,5,05-08-2023
lazada,trail running shoes,www.lazada.sg/products/on-men-cloudvista-trail-running-shoes-navy-mineral-i2777357636.html,ON Men Cloudvista Trail Running Shoes - Navy / Mineral,5,05-08-2023
lazada,trail running shoes,www.lazada.sg/products/on-men-cloudvista-trail-running-shoes-midnight-olive-i2669481230.html,ON Men Cloudvista Trail Running Shoes - Midnight / Olive,5,05-08-2023
lazada,trail running shoes,www.lazada.sg/products/hoka-men-torrent-3-trail-running-shoes-thyme-fiesta-i2757569533.html,Hoka Men Torrent 3 Trail Running Shoes - Thyme / Fiesta,5,05-08-2023
lazada,trail running shoes,www.lazada.sg/products/hoka-women-kawana-running-shoes-nimbus-cloud-ice-flow-i2757534746.html,Hoka Women Kawana Running Shoes - Nimbus Cloud / Ice Flow,5,05-08-2023
lazada,trail running shoes,www.lazada.sg/products/under-armour-ua-boys-grade-school-scramjet-5-running-shoes-i2646600440.html,Under Armour UA Boys' Grade School Scramjet 5 Running Shoes,5,05-08-2023
lazada,trail running shoes,www.lazada.sg/products/hoka-men-rincon-3-running-shoes-coastal-sky-vibrant-orange-i2757565546.html,Hoka Men Rincon 3 Running Shoes - Coastal Sky / Vibrant Orange,5,05-08-2023
lazada,trail running shoes,www.lazada.sg/products/hoka-men-speedgoat-5-wide-trail-running-shoes-stone-blue-dark-citron-i2772416520.html,Hoka Men Speedgoat 5 Wide Trail Running Shoes - Stone Blue / Dark Citron,5,05-08-2023
lazada,trail running shoes,www.lazada.sg/products/under-armour-ua-boys-grade-school-charged-pursuit-3-running-shoes-i2672274045.html,Under Armour UA Boys' Grade School Charged Pursuit 3 Running Shoes,5,05-08-2023
