lazada,shoes for men,www.lazada.sg/products/nike-mens-court-vision-shoes-white-i2731374127.html,Nike Men's Court Vision Shoes - White,1,05-08-2023
lazada,shoes for men,www.lazada.sg/products/nike-mens-precision-6-basketball-shoes-white-i2731301792.html,Nike Men's Precision 6 Basketball Shoes - White,1,05-08-2023
lazada,shoes for men,www.lazada.sg/products/bata-red-label-men-semi-dress-shoes-860x005-i2840276012.html,BATA Red Label Men Semi Dress Shoes 860X005,1,05-08-2023
lazada,shoes for men,www.lazada.sg/products/under-armour-mens-ua-charged-assert-10-running-shoes-i2848506542.html,Under Armour Men's UA Charged Assert 10 Running Shoes,1,05-08-2023
lazada,shoes for men,www.lazada.sg/products/nike-mens-court-vision-low-next-nature-shoes-black-i2585457331.html,Nike Men's Court Vision Low Next Nature Shoes - Black,1,05-08-2023
lazada,shoes for men,www.lazada.sg/products/adidas-running-run-falcon-20-shoes-men-white-g58098-i1965480875.html,adidas Running Run Falcon 2.0 Shoes Men White G58098,1,05-08-2023
lazada,shoes for men,www.lazada.sg/products/lacoste-mens-carnaby-piquee-textile-trainers-45sma0023-042-i2848121147.html,Lacoste Men's Carnaby Piquée Textile Trainers - 45SMA0023-042,1,05-08-2023
lazada,shoes for men,www.lazada.sg/products/nike-unisex-precision-5-basketball-shoes-black-i1691298748.html,Nike Unisex Precision 5 Basketball Shoes - Black,1,05-08-2023
lazada,shoes for men,www.lazada.sg/products/nike-mens-flex-experience-run-11-next-nature-road-running-shoes-black-i2715803479.html,Nike Men's Flex Experience Run 11 Next Nature Road Running Shoes - Black,1,05-08-2023
lazada,shoes for men,www.lazada.sg/products/nike-mens-pegasus-38-road-running-shoes-white-i2831044258.html,Nike Men's Pegasus 38 Road Running Shoes - White,1,05-08-2023
lazada,shoes for men,www.lazada.sg/products/nike-mens-air-max-2017-shoes-white-i2614842669.html,Nike Men's Air Max 2017 Shoes - White,1,05-08-2023
lazada,shoes for men,www.lazada.sg/products/adidas-running-run-falcon-20-shoes-men-grey-gx8240-i2640212004.html,adidas Running Run Falcon 2.0 Shoes Men Grey GX8240,1,05-08-2023
lazada,shoes for men,www.lazada.sg/products/nike-mens-air-pegasus-83-shoes-white-i2650032884.html,Nike Men's Air Pegasus 83 Shoes - White,1,05-08-2023
lazada,shoes for men,www.lazada.sg/products/under-armour-ua-mens-charged-breeze-2-running-shoes-i2743711808.html,Under Armour UA Men's Charged Breeze 2 Running Shoes,1,05-08-2023
lazada,shoes for men,www.lazada.sg/products/under-armour-ua-mens-tribase-vital-training-shoes-i2743722569.html,Under Armour UA Men's TriBase™ Vital Training Shoes,1,05-08-2023
lazada,shoes for men,www.lazada.sg/products/adidas-ultraboost-22-men-running-shoes-grey-gx5460-i2437470500.html,Adidas Ultraboost 22 - Men Running Shoes (Grey) GX5460,1,05-08-2023
lazada,shoes for men,www.lazada.sg/products/nike-mens-downshifter-12-road-running-shoes-black-i2585457332.html,Nike Men's Downshifter 12 Road Running Shoes - Black,1,05-08-2023
lazada,shoes for men,www.lazada.sg/products/nike-mens-flex-control-4-training-shoes-white-i2817101618.html,Nike Men's Flex Control 4 Training Shoes - White,1,05-08-2023
lazada,shoes for men,www.lazada.sg/products/puma-fusion-evo-mens-golf-shoes-black-i2752714230.html,PUMA Fusion Evo Men's Golf Shoes (Black).,1,05-08-2023
lazada,shoes for men,www.lazada.sg/products/skechers-online-exclusive-men-sport-mira-shoes-232373-bkw-air-cooled-memory-foam-i2412167151.html,Skechers Online Exclusive Men Sport Mira Shoes - 232373-BKW Air-Cooled Memory Foam,1,05-08-2023
lazada,shoes for men,www.lazada.sg/products/nike-mens-court-vision-low-shoes-black-i2650048700.html,Nike Men's Court Vision Low Shoes - Black,1,05-08-2023
lazada,shoes for men,www.lazada.sg/products/under-armour-ua-mens-charged-vantage-2-running-shoes-i2690574381.html,Under Armour UA Men's Charged Vantage 2 Running Shoes,1,05-08-2023
lazada,shoes for men,www.lazada.sg/products/skechers-men-foamies-gowalk-5-shoes-243032-wnv-i2740413388.html,Skechers Men Foamies GOwalk 5 Shoes - 243032-WNV,1,05-08-2023
lazada,shoes for men,www.lazada.sg/products/bata-men-red-label-casual-lace-up-shoes-851x522-i2383950131.html,BATA Men Red Label Casual Lace Up Shoes 851X522,1,05-08-2023
lazada,shoes for men,www.lazada.sg/products/skechers-online-exclusive-men-sport-glide-step-sport-walking-shoes-232269-nvor-air-cooled-memory-foam-glide-step-machine-washable-i2696988216.html,"Skechers Online Exclusive Men Sport Glide-Step Sport Walking Shoes - 232269-NVOR Air-Cooled Memory Foam Glide-Step, Machine Washable",1,05-08-2023
lazada,shoes for men,www.lazada.sg/products/nike-mens-blazer-low-77-jumbo-se-shoes-summit-white-i2650145104.html,Nike Men's Blazer Low '77 Jumbo SE Shoes - Summit White,1,05-08-2023
lazada,shoes for men,www.lazada.sg/products/nike-mens-air-max-sc-shoes-white-i2682968591.html,Nike Men's Air Max SC Shoes - White,1,05-08-2023
lazada,shoes for men,www.lazada.sg/products/nike-mens-court-vision-low-shoes-sail-i2715885093.html,Nike Men's Court Vision Low Shoes - Sail,1,05-08-2023
lazada,shoes for men,www.lazada.sg/products/bata-men-acu-pressure-derby-821x138-i2266543336.html,BATA Men Acu-Pressure Derby 821X138,1,05-08-2023
lazada,shoes for men,www.lazada.sg/products/adidas-ultraboost-22-men-running-shoes-all-moss-strikeall-moss-stripesolar-yellow-gx5557-i2673828610.html,Adidas Ultraboost 22 - Men Running Shoes (All-Moss Strike/All-Moss Stripe/Solar Yellow) GX5557,1,05-08-2023
lazada,shoes for men,www.lazada.sg/products/adidas-running-eq19-run-shoes-men-white-h68091-i2418396377.html,adidas Running EQ19 Run Shoes Men White H68091,1,05-08-2023
lazada,shoes for men,www.lazada.sg/products/nike-mens-court-air-zoom-lite-3-tennis-shoes-white-i2653267325.html,Nike Men's Court Air Zoom Lite 3 Tennis Shoes - White,1,05-08-2023
lazada,shoes for men,www.lazada.sg/products/skechers-online-exclusive-men-sport-dlux-fitness-roam-free-walking-shoes-232358-nvy-air-cooled-memory-foam-machine-washable-i2354948964.html,Skechers Online Exclusive Men Sport D'Lux Fitness Roam Free Walking Shoes - 232358-NVY Air-Cooled Memory Foam Machine Washable,1,05-08-2023
lazada,shoes for men,www.lazada.sg/products/skechers-online-exclusive-men-slip-ins-gowalk-flex-no-hands-shoes-216491-bbk-air-cooled-memory-foam-flex-heel-pillow-machine-washable-slip-ins-ultra-go-i2801861997.html,"Skechers Online Exclusive Men Slip-Ins GOwalk Flex No Hands Shoes - 216491-BBK Air-Cooled Memory Foam Flex, Heel Pillow, Machine Washable, Slip-Ins, Ultra Go",1,05-08-2023
lazada,shoes for men,www.lazada.sg/products/nike-mens-mercurial-vpr-15-club-tf-turf-soccer-shoes-black-i2763498936.html,Nike Men's Mercurial Vpr 15 Club TF Turf Soccer Shoes - Black,1,05-08-2023
lazada,shoes for men,www.lazada.sg/products/adidas-running-duramo-9-shoes-men-white-eg8665-i1996246852.html,adidas Running Duramo 9 Shoes Men White EG8665,1,05-08-2023
lazada,shoes for men,www.lazada.sg/products/nike-mens-air-max-systm-shoes-sail-i2634525244.html,Nike Men's Air Max SYSTM Shoes - Sail,1,05-08-2023
lazada,shoes for men,www.lazada.sg/products/nike-mens-air-max-sc-shoes-white-i2715885096.html,Nike Men's Air Max SC Shoes - White,1,05-08-2023
lazada,shoes for men,www.lazada.sg/products/nike-mens-revolution-6-next-nature-road-running-shoes-bright-crimson-i2731376112.html,Nike Men's Revolution 6 Next Nature Road Running Shoes - Bright Crimson,1,05-08-2023
lazada,shoes for men,www.lazada.sg/products/nike-mens-legend-essential-3-next-nature-training-shoes-black-i2731379096.html,Nike Men's Legend Essential 3 Next Nature Training Shoes - Black,1,05-08-2023
lazada,shoes for men,www.lazada.sg/products/skechers-online-exclusive-men-sport-dlux-fitness-roam-free-walking-shoes-232358-tpe-air-cooled-memory-foam-machine-washable-i2355151714.html,Skechers Online Exclusive Men Sport D'Lux Fitness Roam Free Walking Shoes - 232358-TPE Air-Cooled Memory Foam Machine Washable,2,05-08-2023
lazada,shoes for men,www.lazada.sg/products/nike-mens-court-vision-shoes-white-i2731374127.html,Nike Men's Court Vision Shoes - White,2,05-08-2023
lazada,shoes for men,www.lazada.sg/products/nike-mens-revolution-6-next-nature-road-running-shoes-bright-crimson-i2731376112.html,Nike Men's Revolution 6 Next Nature Road Running Shoes - Bright Crimson,2,05-08-2023
lazada,shoes for men,www.lazada.sg/products/adidas-running-duramo-9-shoes-men-white-eg8665-i1996246852.html,adidas Running Duramo 9 Shoes Men White EG8665,2,05-08-2023
lazada,shoes for men,www.lazada.sg/products/nike-mens-court-air-zoom-lite-3-tennis-shoes-mineral-teal-i2763535722.html,Nike Men's Court Air Zoom Lite 3 Tennis Shoes - Mineral Teal,2,05-08-2023
lazada,shoes for men,www.lazada.sg/products/skechers-online-exclusive-men-sport-glide-step-sport-walking-shoes-232269-nvor-air-cooled-memory-foam-glide-step-machine-washable-i2696988216.html,"Skechers Online Exclusive Men Sport Glide-Step Sport Walking Shoes - 232269-NVOR Air-Cooled Memory Foam Glide-Step, Machine Washable",2,05-08-2023
lazada,shoes for men,www.lazada.sg/products/skechers-online-exclusive-men-sport-arch-fit-infinity-cool-walking-shoes-232303-blk-arch-fit-i2390976912.html,Skechers Online Exclusive Men Sport Arch Fit Infinity Cool Walking Shoes - 232303-BLK Arch Fit,2,05-08-2023
lazada,shoes for men,www.lazada.sg/products/nike-unisex-precision-5-basketball-shoes-black-i1691298748.html,Nike Unisex Precision 5 Basketball Shoes - Black,2,05-08-2023
lazada,shoes for men,www.lazada.sg/products/nike-mens-flex-control-4-training-shoes-white-i2817101618.html,Nike Men's Flex Control 4 Training Shoes - White,2,05-08-2023
lazada,shoes for men,www.lazada.sg/products/adidas-adizero-boston-11-men-running-shoes-wonder-steel-gx6653-i2626376791.html,Adidas Adizero Boston 11 - Men Running Shoes (Wonder Steel) GX6653,2,05-08-2023
lazada,shoes for men,www.lazada.sg/products/adidas-running-duramo-sl-shoes-men-white-fw7391-i953586159.html,adidas Running Duramo SL Shoes Men White FW7391,2,05-08-2023
lazada,shoes for men,www.lazada.sg/products/nike-mens-precision-6-basketball-shoes-white-i2731301792.html,Nike Men's Precision 6 Basketball Shoes - White,2,05-08-2023
lazada,shoes for men,www.lazada.sg/products/nike-mens-court-vision-low-next-nature-shoes-black-i2585457331.html,Nike Men's Court Vision Low Next Nature Shoes - Black,2,05-08-2023
lazada,shoes for men,www.lazada.sg/products/adidas-running-run-falcon-20-shoes-men-white-g58098-i1965480875.html,adidas Running Run Falcon 2.0 Shoes Men White G58098,2,05-08-2023
lazada,shoes for men,www.lazada.sg/products/nike-mens-flex-experience-run-11-next-nature-road-running-shoes-black-i2715803479.html,Nike Men's Flex Experience Run 11 Next Nature Road Running Shoes - Black,2,05-08-2023
lazada,shoes for men,www.lazada.sg/products/nike-mens-pegasus-38-road-running-shoes-white-i2831044258.html,Nike Men's Pegasus 38 Road Running Shoes - White,2,05-08-2023
lazada,shoes for men,www.lazada.sg/products/nike-mens-air-max-2017-shoes-white-i2614842669.html,Nike Men's Air Max 2017 Shoes - White,2,05-08-2023
lazada,shoes for men,www.lazada.sg/products/adidas-running-run-falcon-20-shoes-men-grey-gx8240-i2640212004.html,adidas Running Run Falcon 2.0 Shoes Men Grey GX8240,2,05-08-2023
lazada,shoes for men,www.lazada.sg/products/nike-mens-air-pegasus-83-shoes-white-i2650032884.html,Nike Men's Air Pegasus 83 Shoes - White,2,05-08-2023
lazada,shoes for men,www.lazada.sg/products/adidas-ultraboost-22-men-running-shoes-grey-gx5460-i2437470500.html,Adidas Ultraboost 22 - Men Running Shoes (Grey) GX5460,2,05-08-2023
lazada,shoes for men,www.lazada.sg/products/under-armour-ua-mens-charged-breeze-2-running-shoes-i2743711808.html,Under Armour UA Men's Charged Breeze 2 Running Shoes,2,05-08-2023
lazada,shoes for men,www.lazada.sg/products/craft-pro-endur-distance-m-asphaltash-1912183-995914-i2749256555.html,CRAFT PRO ENDUR DISTANCE M ASPHALT/ASH 1912183-995914,2,05-08-2023
lazada,shoes for men,www.lazada.sg/products/under-armour-ua-mens-tribase-vital-training-shoes-i2743722569.html,Under Armour UA Men's TriBase™ Vital Training Shoes,2,05-08-2023
lazada,shoes for men,www.lazada.sg/products/puma-fusion-evo-mens-golf-shoes-black-i2752714230.html,PUMA Fusion Evo Men's Golf Shoes (Black).,2,05-08-2023
lazada,shoes for men,www.lazada.sg/products/nike-mens-downshifter-12-road-running-shoes-black-i2585457332.html,Nike Men's Downshifter 12 Road Running Shoes - Black,2,05-08-2023
lazada,shoes for men,www.lazada.sg/products/craft-pro-endur-distance-m-gemsolo-1912183-663573-i2749346318.html,CRAFT PRO ENDUR DISTANCE M GEM/SOLO 1912183-663573,2,05-08-2023
lazada,shoes for men,www.lazada.sg/products/skechers-online-exclusive-men-sport-mira-shoes-232373-bkw-air-cooled-memory-foam-i2412167151.html,Skechers Online Exclusive Men Sport Mira Shoes - 232373-BKW Air-Cooled Memory Foam,2,05-08-2023
lazada,shoes for men,www.lazada.sg/products/nike-mens-court-vision-low-shoes-black-i2650048700.html,Nike Men's Court Vision Low Shoes - Black,2,05-08-2023
lazada,shoes for men,www.lazada.sg/products/asics-men-novablast-2-le-running-shoes-in-blackhazard-green-i2474603444.html,ASICS Men NOVABLAST 2 LE Running Shoes in Black/Hazard Green,2,05-08-2023
lazada,shoes for men,www.lazada.sg/products/under-armour-ua-mens-charged-vantage-2-running-shoes-i2690574381.html,Under Armour UA Men's Charged Vantage 2 Running Shoes,2,05-08-2023
lazada,shoes for men,www.lazada.sg/products/skechers-men-foamies-gowalk-5-shoes-243032-wnv-i2740413388.html,Skechers Men Foamies GOwalk 5 Shoes - 243032-WNV,2,05-08-2023
lazada,shoes for men,www.lazada.sg/products/converse-chuck-70-hi-unisex-sneakers-oat-milkegretblack-i2730005893.html,Converse Chuck 70 Hi Unisex Sneakers - Oat Milk/Egret/Black,2,05-08-2023
lazada,shoes for men,www.lazada.sg/products/bata-men-red-label-casual-lace-up-shoes-851x522-i2383950131.html,BATA Men Red Label Casual Lace Up Shoes 851X522,2,05-08-2023
lazada,shoes for men,www.lazada.sg/products/bata-men-acu-pressure-derby-821x138-i2266543336.html,BATA Men Acu-Pressure Derby 821X138,2,05-08-2023
lazada,shoes for men,www.lazada.sg/products/nike-mens-air-max-sc-shoes-white-i2682968591.html,Nike Men's Air Max SC Shoes - White,2,05-08-2023
lazada,shoes for men,www.lazada.sg/products/nike-mens-blazer-low-77-jumbo-se-shoes-summit-white-i2650145104.html,Nike Men's Blazer Low '77 Jumbo SE Shoes - Summit White,2,05-08-2023
lazada,shoes for men,www.lazada.sg/products/nike-mens-court-vision-low-shoes-sail-i2715885093.html,Nike Men's Court Vision Low Shoes - Sail,2,05-08-2023
lazada,shoes for men,www.lazada.sg/products/adidas-ultraboost-22-men-running-shoes-all-moss-strikeall-moss-stripesolar-yellow-gx5557-i2673828610.html,Adidas Ultraboost 22 - Men Running Shoes (All-Moss Strike/All-Moss Stripe/Solar Yellow) GX5557,2,05-08-2023
lazada,shoes for men,www.lazada.sg/products/adidas-running-eq19-run-shoes-men-white-h68091-i2418396377.html,adidas Running EQ19 Run Shoes Men White H68091,2,05-08-2023
lazada,shoes for men,www.lazada.sg/products/nike-mens-waffle-one-se-shoes-phantom-i2715886092.html,Nike Men's Waffle One SE Shoes - Phantom,2,05-08-2023
lazada,shoes for men,www.lazada.sg/products/nike-mens-court-vision-shoes-white-i2731374127.html,Nike Men's Court Vision Shoes - White,3,05-08-2023
lazada,shoes for men,www.lazada.sg/products/nike-mens-precision-6-basketball-shoes-white-i2731301792.html,Nike Men's Precision 6 Basketball Shoes - White,3,05-08-2023
lazada,shoes for men,www.lazada.sg/products/nike-mens-downshifter-11-running-shoes-black-i1691279881.html,Nike Men's Downshifter 11 Running Shoes - Black,3,05-08-2023
lazada,shoes for men,www.lazada.sg/products/nike-mens-court-vision-low-next-nature-shoes-white-i1945159587.html,Nike Men's Court Vision Low Next Nature Shoes - White,3,05-08-2023
lazada,shoes for men,www.lazada.sg/products/nike-mens-court-vision-low-next-nature-shoes-white-i1889728591.html,Nike Men's Court Vision Low Next Nature Shoes - White,3,05-08-2023
lazada,shoes for men,www.lazada.sg/products/nike-mens-court-vision-low-next-nature-shoes-black-i1889791160.html,Nike Men's Court Vision Low Next Nature Shoes - Black,3,05-08-2023
lazada,shoes for men,www.lazada.sg/products/hoka-men-solimar-running-shoes-blue-coral-butterfly-i2838474739.html,Hoka Men Solimar Running Shoes - Blue Coral / Butterfly,3,05-08-2023
lazada,shoes for men,www.lazada.sg/products/skechers-men-gowalk-6-esquire-walking-shoes-216625-bklm-air-cooled-goga-mat-comfort-pillar-technology-hyper-pillar-technology-machine-washable-ortholite-ultra-go-i2835602253.html,"Skechers Men GOwalk 6 Esquire Walking Shoes - 216625-BKLM Air-Cooled Goga Mat Comfort Pillar Technology, Hyper Pillar Technology, Machine Washable, Ortholite, Ultra Go",3,05-08-2023
lazada,shoes for men,www.lazada.sg/products/bata-red-label-men-semi-dress-shoes-860x005-i2840276012.html,BATA Red Label Men Semi Dress Shoes 860X005,3,05-08-2023
lazada,shoes for men,www.lazada.sg/products/levis-mens-bolinas-anorak-a3755-0004-i2845652986.html,Levi's® Men's Bolinas Anorak A3755-0004,3,05-08-2023
lazada,shoes for men,www.lazada.sg/products/nike-mens-downshifter-12-road-running-shoes-black-i2585457332.html,Nike Men's Downshifter 12 Road Running Shoes - Black,3,05-08-2023
lazada,shoes for men,www.lazada.sg/products/under-armour-ua-mens-charged-breeze-2-running-shoes-i2743711808.html,Under Armour UA Men's Charged Breeze 2 Running Shoes,3,05-08-2023
lazada,shoes for men,www.lazada.sg/products/nike-mens-flex-experience-run-11-next-nature-road-running-shoes-black-i2715803479.html,Nike Men's Flex Experience Run 11 Next Nature Road Running Shoes - Black,3,05-08-2023
lazada,shoes for men,www.lazada.sg/products/adidas-ultraboost-22-men-running-shoes-grey-gx5460-i2437470500.html,Adidas Ultraboost 22 - Men Running Shoes (Grey) GX5460,3,05-08-2023
lazada,shoes for men,www.lazada.sg/products/adidas-running-run-falcon-20-shoes-men-white-g58098-i1965480875.html,adidas Running Run Falcon 2.0 Shoes Men White G58098,3,05-08-2023
lazada,shoes for men,www.lazada.sg/products/adidas-running-duramo-sl-shoes-men-white-fw7391-i953586159.html,adidas Running Duramo SL Shoes Men White FW7391,3,05-08-2023
lazada,shoes for men,www.lazada.sg/products/adidas-running-run-falcon-20-shoes-men-grey-gx8240-i2640212004.html,adidas Running Run Falcon 2.0 Shoes Men Grey GX8240,3,05-08-2023
lazada,shoes for men,www.lazada.sg/products/under-armour-ua-mens-charged-vantage-2-running-shoes-i2690574381.html,Under Armour UA Men's Charged Vantage 2 Running Shoes,3,05-08-2023
lazada,shoes for men,www.lazada.sg/products/under-armour-ua-mens-tribase-vital-training-shoes-i2743722569.html,Under Armour UA Men's TriBase™ Vital Training Shoes,3,05-08-2023
lazada,shoes for men,www.lazada.sg/products/nike-unisex-precision-5-basketball-shoes-black-i1691298748.html,Nike Unisex Precision 5 Basketball Shoes - Black,3,05-08-2023
lazada,shoes for men,www.lazada.sg/products/nike-mens-pegasus-38-road-running-shoes-white-i2831044258.html,Nike Men's Pegasus 38 Road Running Shoes - White,3,05-08-2023
lazada,shoes for men,www.lazada.sg/products/nike-mens-court-vision-low-next-nature-shoes-black-i2585457331.html,Nike Men's Court Vision Low Next Nature Shoes - Black,3,05-08-2023
lazada,shoes for men,www.lazada.sg/products/puma-fusion-evo-mens-golf-shoes-black-i2752714230.html,PUMA Fusion Evo Men's Golf Shoes (Black).,3,05-08-2023
lazada,shoes for men,www.lazada.sg/products/nike-mens-flex-control-4-training-shoes-white-i2817101618.html,Nike Men's Flex Control 4 Training Shoes - White,3,05-08-2023
lazada,shoes for men,www.lazada.sg/products/nike-mens-air-pegasus-83-shoes-white-i2650032884.html,Nike Men's Air Pegasus 83 Shoes - White,3,05-08-2023
lazada,shoes for men,www.lazada.sg/products/bata-men-red-label-casual-lace-up-shoes-851x522-i2383950131.html,BATA Men Red Label Casual Lace Up Shoes 851X522,3,05-08-2023
lazada,shoes for men,www.lazada.sg/products/asics-men-novablast-2-le-running-shoes-in-blackhazard-green-i2474603444.html,ASICS Men NOVABLAST 2 LE Running Shoes in Black/Hazard Green,3,05-08-2023
lazada,shoes for men,www.lazada.sg/products/nike-mens-air-max-2017-shoes-white-i2614842669.html,Nike Men's Air Max 2017 Shoes - White,3,05-08-2023
lazada,shoes for men,www.lazada.sg/products/converse-chuck-70-hi-unisex-sneakers-oat-milkegretblack-i2730005893.html,Converse Chuck 70 Hi Unisex Sneakers - Oat Milk/Egret/Black,3,05-08-2023
lazada,shoes for men,www.lazada.sg/products/bata-men-acu-pressure-derby-821x138-i2266543336.html,BATA Men Acu-Pressure Derby 821X138,3,05-08-2023
lazada,shoes for men,www.lazada.sg/products/skechers-men-foamies-gowalk-5-shoes-243032-wnv-i2740413388.html,Skechers Men Foamies GOwalk 5 Shoes - 243032-WNV,3,05-08-2023
lazada,shoes for men,www.lazada.sg/products/adidas-ultraboost-22-men-running-shoes-all-moss-strikeall-moss-stripesolar-yellow-gx5557-i2673828610.html,Adidas Ultraboost 22 - Men Running Shoes (All-Moss Strike/All-Moss Stripe/Solar Yellow) GX5557,3,05-08-2023
lazada,shoes for men,www.lazada.sg/products/adidas-running-eq19-run-shoes-men-white-h68091-i2418396377.html,adidas Running EQ19 Run Shoes Men White H68091,3,05-08-2023
lazada,shoes for men,www.lazada.sg/products/skechers-online-exclusive-men-sport-dlux-fitness-roam-free-walking-shoes-232358-tpe-air-cooled-memory-foam-machine-washable-i2355151714.html,Skechers Online Exclusive Men Sport D'Lux Fitness Roam Free Walking Shoes - 232358-TPE Air-Cooled Memory Foam Machine Washable,3,05-08-2023
lazada,shoes for men,www.lazada.sg/products/skechers-online-exclusive-men-sport-mira-shoes-232373-bkw-air-cooled-memory-foam-i2412167151.html,Skechers Online Exclusive Men Sport Mira Shoes - 232373-BKW Air-Cooled Memory Foam,3,05-08-2023
lazada,shoes for men,www.lazada.sg/products/skechers-online-exclusive-men-sport-glide-step-sport-walking-shoes-232269-nvor-air-cooled-memory-foam-glide-step-machine-washable-i2696988216.html,"Skechers Online Exclusive Men Sport Glide-Step Sport Walking Shoes - 232269-NVOR Air-Cooled Memory Foam Glide-Step, Machine Washable",3,05-08-2023
lazada,shoes for men,www.lazada.sg/products/skechers-online-exclusive-men-sport-arch-fit-infinity-cool-walking-shoes-232303-blk-arch-fit-i2390976912.html,Skechers Online Exclusive Men Sport Arch Fit Infinity Cool Walking Shoes - 232303-BLK Arch Fit,3,05-08-2023
lazada,shoes for men,www.lazada.sg/products/skechers-online-exclusive-men-gorun-ride-10-running-shoes-246045-bkw-arch-fit-goodyear-rubber-hyper-burst-i2390982822.html,"Skechers Online Exclusive Men GOrun Ride 10 Running Shoes - 246045-BKW Arch Fit, Goodyear Rubber, Hyper Burst",3,05-08-2023
lazada,shoes for men,www.lazada.sg/products/skechers-online-exclusive-men-slip-ins-gowalk-flex-no-hands-shoes-216491-bbk-air-cooled-memory-foam-flex-heel-pillow-machine-washable-slip-ins-ultra-go-i2801861997.html,"Skechers Online Exclusive Men Slip-Ins GOwalk Flex No Hands Shoes - 216491-BBK Air-Cooled Memory Foam Flex, Heel Pillow, Machine Washable, Slip-Ins, Ultra Go",3,05-08-2023
lazada,shoes for men,www.lazada.sg/products/skechers-online-exclusive-men-sport-dlux-fitness-roam-free-walking-shoes-232358-nvy-air-cooled-memory-foam-machine-washable-i2354948964.html,Skechers Online Exclusive Men Sport D'Lux Fitness Roam Free Walking Shoes - 232358-NVY Air-Cooled Memory Foam Machine Washable,3,05-08-2023
lazada,shoes for men,www.lazada.sg/products/nike-mens-court-vision-shoes-white-i2731374127.html,Nike Men's Court Vision Shoes - White,4,05-08-2023
lazada,shoes for men,www.lazada.sg/products/nike-mens-precision-6-basketball-shoes-white-i2731301792.html,Nike Men's Precision 6 Basketball Shoes - White,4,05-08-2023
lazada,shoes for men,www.lazada.sg/products/bata-red-label-men-semi-dress-shoes-860x005-i2840276012.html,BATA Red Label Men Semi Dress Shoes 860X005,4,05-08-2023
lazada,shoes for men,www.lazada.sg/products/under-armour-mens-ua-charged-assert-10-running-shoes-i2848506542.html,Under Armour Men's UA Charged Assert 10 Running Shoes,4,05-08-2023
lazada,shoes for men,www.lazada.sg/products/nike-mens-downshifter-12-road-running-shoes-black-i2585457332.html,Nike Men's Downshifter 12 Road Running Shoes - Black,4,05-08-2023
lazada,shoes for men,www.lazada.sg/products/under-armour-ua-mens-charged-breeze-2-running-shoes-i2743711808.html,Under Armour UA Men's Charged Breeze 2 Running Shoes,4,05-08-2023
lazada,shoes for men,www.lazada.sg/products/craft-pro-endur-distance-m-gemsolo-1912183-663573-i2749346318.html,CRAFT PRO ENDUR DISTANCE M GEM/SOLO 1912183-663573,4,05-08-2023
lazada,shoes for men,www.lazada.sg/products/hoka-men-solimar-running-shoes-blue-coral-butterfly-i2838474739.html,Hoka Men Solimar Running Shoes - Blue Coral / Butterfly,4,05-08-2023
lazada,shoes for men,www.lazada.sg/products/skechers-men-gowalk-6-esquire-walking-shoes-216625-bklm-air-cooled-goga-mat-comfort-pillar-technology-hyper-pillar-technology-machine-washable-ortholite-ultra-go-i2835602253.html,"Skechers Men GOwalk 6 Esquire Walking Shoes - 216625-BKLM Air-Cooled Goga Mat Comfort Pillar Technology, Hyper Pillar Technology, Machine Washable, Ortholite, Ultra Go",4,05-08-2023
lazada,shoes for men,www.lazada.sg/products/craft-pro-endur-distance-m-asphaltash-1912183-995914-i2749256555.html,CRAFT PRO ENDUR DISTANCE M ASPHALT/ASH 1912183-995914,4,05-08-2023
lazada,shoes for men,www.lazada.sg/products/adidas-ultraboost-22-men-running-shoes-grey-gx5460-i2437470500.html,Adidas Ultraboost 22 - Men Running Shoes (Grey) GX5460,4,05-08-2023
lazada,shoes for men,www.lazada.sg/products/adidas-running-duramo-sl-shoes-men-white-fw7391-i953586159.html,adidas Running Duramo SL Shoes Men White FW7391,4,05-08-2023
lazada,shoes for men,www.lazada.sg/products/adidas-running-run-falcon-20-shoes-men-white-g58098-i1965480875.html,adidas Running Run Falcon 2.0 Shoes Men White G58098,4,05-08-2023
lazada,shoes for men,www.lazada.sg/products/nike-mens-flex-experience-run-11-next-nature-road-running-shoes-black-i2715803479.html,Nike Men's Flex Experience Run 11 Next Nature Road Running Shoes - Black,4,05-08-2023
lazada,shoes for men,www.lazada.sg/products/adidas-running-run-falcon-20-shoes-men-grey-gx8240-i2640212004.html,adidas Running Run Falcon 2.0 Shoes Men Grey GX8240,4,05-08-2023
lazada,shoes for men,www.lazada.sg/products/under-armour-ua-mens-tribase-vital-training-shoes-i2743722569.html,Under Armour UA Men's TriBase™ Vital Training Shoes,4,05-08-2023
lazada,shoes for men,www.lazada.sg/products/under-armour-ua-mens-charged-vantage-2-running-shoes-i2690574381.html,Under Armour UA Men's Charged Vantage 2 Running Shoes,4,05-08-2023
lazada,shoes for men,www.lazada.sg/products/nike-unisex-precision-5-basketball-shoes-black-i1691298748.html,Nike Unisex Precision 5 Basketball Shoes - Black,4,05-08-2023
lazada,shoes for men,www.lazada.sg/products/puma-fusion-evo-mens-golf-shoes-black-i2752714230.html,PUMA Fusion Evo Men's Golf Shoes (Black).,4,05-08-2023
lazada,shoes for men,www.lazada.sg/products/nike-mens-pegasus-38-road-running-shoes-white-i2831044258.html,Nike Men's Pegasus 38 Road Running Shoes - White,4,05-08-2023
lazada,shoes for men,www.lazada.sg/products/nike-mens-flex-control-4-training-shoes-white-i2817101618.html,Nike Men's Flex Control 4 Training Shoes - White,4,05-08-2023
lazada,shoes for men,www.lazada.sg/products/nike-mens-court-vision-low-next-nature-shoes-black-i2585457331.html,Nike Men's Court Vision Low Next Nature Shoes - Black,4,05-08-2023
lazada,shoes for men,www.lazada.sg/products/nike-mens-air-pegasus-83-shoes-white-i2650032884.html,Nike Men's Air Pegasus 83 Shoes - White,4,05-08-2023
lazada,shoes for men,www.lazada.sg/products/converse-chuck-70-hi-unisex-sneakers-oat-milkegretblack-i2730005893.html,Converse Chuck 70 Hi Unisex Sneakers - Oat Milk/Egret/Black,4,05-08-2023
lazada,shoes for men,www.lazada.sg/products/asics-men-novablast-2-le-running-shoes-in-blackhazard-green-i2474603444.html,ASICS Men NOVABLAST 2 LE Running Shoes in Black/Hazard Green,4,05-08-2023
lazada,shoes for men,www.lazada.sg/products/nike-mens-air-max-2017-shoes-white-i2614842669.html,Nike Men's Air Max 2017 Shoes - White,4,05-08-2023
lazada,shoes for men,www.lazada.sg/products/bata-men-red-label-casual-lace-up-shoes-851x522-i2383950131.html,BATA Men Red Label Casual Lace Up Shoes 851X522,4,05-08-2023
lazada,shoes for men,www.lazada.sg/products/bata-men-acu-pressure-derby-821x138-i2266543336.html,BATA Men Acu-Pressure Derby 821X138,4,05-08-2023
lazada,shoes for men,www.lazada.sg/products/skechers-men-foamies-gowalk-5-shoes-243032-wnv-i2740413388.html,Skechers Men Foamies GOwalk 5 Shoes - 243032-WNV,4,05-08-2023
lazada,shoes for men,www.lazada.sg/products/adidas-ultraboost-22-men-running-shoes-all-moss-strikeall-moss-stripesolar-yellow-gx5557-i2673828610.html,Adidas Ultraboost 22 - Men Running Shoes (All-Moss Strike/All-Moss Stripe/Solar Yellow) GX5557,4,05-08-2023
lazada,shoes for men,www.lazada.sg/products/adidas-running-eq19-run-shoes-men-white-h68091-i2418396377.html,adidas Running EQ19 Run Shoes Men White H68091,4,05-08-2023
lazada,shoes for men,www.lazada.sg/products/skechers-online-exclusive-men-sport-dlux-fitness-roam-free-walking-shoes-232358-tpe-air-cooled-memory-foam-machine-washable-i2355151714.html,Skechers Online Exclusive Men Sport D'Lux Fitness Roam Free Walking Shoes - 232358-TPE Air-Cooled Memory Foam Machine Washable,4,05-08-2023
lazada,shoes for men,www.lazada.sg/products/skechers-online-exclusive-men-sport-mira-shoes-232373-bkw-air-cooled-memory-foam-i2412167151.html,Skechers Online Exclusive Men Sport Mira Shoes - 232373-BKW Air-Cooled Memory Foam,4,05-08-2023
lazada,shoes for men,www.lazada.sg/products/skechers-online-exclusive-men-sport-glide-step-sport-walking-shoes-232269-nvor-air-cooled-memory-foam-glide-step-machine-washable-i2696988216.html,"Skechers Online Exclusive Men Sport Glide-Step Sport Walking Shoes - 232269-NVOR Air-Cooled Memory Foam Glide-Step, Machine Washable",4,05-08-2023
lazada,shoes for men,www.lazada.sg/products/skechers-online-exclusive-men-sport-arch-fit-infinity-cool-walking-shoes-232303-blk-arch-fit-i2390976912.html,Skechers Online Exclusive Men Sport Arch Fit Infinity Cool Walking Shoes - 232303-BLK Arch Fit,4,05-08-2023
lazada,shoes for men,www.lazada.sg/products/on-men-cloudmonster-running-shoes-iron-hay-i2683847227.html,On Men Cloudmonster Running Shoes - Iron / Hay,4,05-08-2023
lazada,shoes for men,www.lazada.sg/products/skechers-online-exclusive-men-gorun-ride-10-running-shoes-246045-bkw-arch-fit-goodyear-rubber-hyper-burst-i2390982822.html,"Skechers Online Exclusive Men GOrun Ride 10 Running Shoes - 246045-BKW Arch Fit, Goodyear Rubber, Hyper Burst",4,05-08-2023
lazada,shoes for men,www.lazada.sg/products/skechers-online-exclusive-men-sport-dlux-fitness-roam-free-walking-shoes-232358-nvy-air-cooled-memory-foam-machine-washable-i2354948964.html,Skechers Online Exclusive Men Sport D'Lux Fitness Roam Free Walking Shoes - 232358-NVY Air-Cooled Memory Foam Machine Washable,4,05-08-2023
lazada,shoes for men,www.lazada.sg/products/skechers-online-exclusive-men-gorun-razor-excess-running-shoes-246004-ylnv-breathable-goodyear-rubber-hyper-burst-i2677390309.html,"Skechers Online Exclusive Men GOrun Razor Excess Running Shoes - 246004-YLNV Breathable, Goodyear Rubber, Hyper Burst",4,05-08-2023
lazada,shoes for men,www.lazada.sg/products/skechers-online-exclusive-men-slip-ins-gowalk-flex-no-hands-shoes-216491-bbk-air-cooled-memory-foam-flex-heel-pillow-machine-washable-slip-ins-ultra-go-i2801861997.html,"Skechers Online Exclusive Men Slip-Ins GOwalk Flex No Hands Shoes - 216491-BBK Air-Cooled Memory Foam Flex, Heel Pillow, Machine Washable, Slip-Ins, Ultra Go",4,05-08-2023
lazada,shoes for men,www.lazada.sg/products/adidas-running-duramo-sl-shoes-men-white-fw7391-i953586159.html,adidas Running Duramo SL Shoes Men White FW7391,5,05-08-2023
lazada,shoes for men,www.lazada.sg/products/skechers-online-exclusive-men-sport-dlux-fitness-roam-free-walking-shoes-232358-tpe-air-cooled-memory-foam-machine-washable-i2355151714.html,Skechers Online Exclusive Men Sport D'Lux Fitness Roam Free Walking Shoes - 232358-TPE Air-Cooled Memory Foam Machine Washable,5,05-08-2023
lazada,shoes for men,www.lazada.sg/products/nike-mens-court-vision-low-next-nature-shoes-white-i1889728591.html,Nike Men's Court Vision Low Next Nature Shoes - White,5,05-08-2023
lazada,shoes for men,www.lazada.sg/products/nike-mens-court-vision-low-next-nature-shoes-white-i1945159587.html,Nike Men's Court Vision Low Next Nature Shoes - White,5,05-08-2023
lazada,shoes for men,www.lazada.sg/products/nike-mens-court-vision-low-next-nature-shoes-black-i1889791160.html,Nike Men's Court Vision Low Next Nature Shoes - Black,5,05-08-2023
lazada,shoes for men,www.lazada.sg/products/nike-mens-downshifter-11-running-shoes-black-i1691279881.html,Nike Men's Downshifter 11 Running Shoes - Black,5,05-08-2023
lazada,shoes for men,www.lazada.sg/products/skechers-online-exclusive-men-sport-arch-fit-infinity-cool-walking-shoes-232303-blk-arch-fit-i2390976912.html,Skechers Online Exclusive Men Sport Arch Fit Infinity Cool Walking Shoes - 232303-BLK Arch Fit,5,05-08-2023
lazada,shoes for men,www.lazada.sg/products/asics-men-novablast-2-le-running-shoes-in-blackhazard-green-i2474603444.html,ASICS Men NOVABLAST 2 LE Running Shoes in Black/Hazard Green,5,05-08-2023
lazada,shoes for men,www.lazada.sg/products/converse-chuck-70-hi-unisex-sneakers-oat-milkegretblack-i2730005893.html,Converse Chuck 70 Hi Unisex Sneakers - Oat Milk/Egret/Black,5,05-08-2023
lazada,shoes for men,www.lazada.sg/products/nike-mens-waffle-one-se-shoes-phantom-i2715886092.html,Nike Men's Waffle One SE Shoes - Phantom,5,05-08-2023
lazada,shoes for men,www.lazada.sg/products/nike-mens-court-air-zoom-lite-3-tennis-shoes-mineral-teal-i2763535722.html,Nike Men's Court Air Zoom Lite 3 Tennis Shoes - Mineral Teal,5,05-08-2023
lazada,shoes for men,www.lazada.sg/products/skechers-online-exclusive-men-gorun-ride-10-running-shoes-246045-bkw-arch-fit-goodyear-rubber-hyper-burst-i2390982822.html,"Skechers Online Exclusive Men GOrun Ride 10 Running Shoes - 246045-BKW Arch Fit, Goodyear Rubber, Hyper Burst",5,05-08-2023
lazada,shoes for men,www.lazada.sg/products/nike-mens-giannis-immortality-2-basketball-shoes-coconut-milk-i2731382038.html,Nike Men's Giannis Immortality 2 Basketball Shoes - Coconut Milk,5,05-08-2023
lazada,shoes for men,www.lazada.sg/products/nike-mens-phantom-gx-club-soccer-shoes-black-i2763616180.html,Nike Men's Phantom GX Club Soccer Shoes - Black,5,05-08-2023
lazada,shoes for men,www.lazada.sg/products/skechers-online-exclusive-men-gorun-razor-excess-running-shoes-246004-ylnv-breathable-goodyear-rubber-hyper-burst-i2677390309.html,"Skechers Online Exclusive Men GOrun Razor Excess Running Shoes - 246004-YLNV Breathable, Goodyear Rubber, Hyper Burst",5,05-08-2023
lazada,shoes for men,www.lazada.sg/products/adidas-adizero-boston-11-men-running-shoes-wonder-steel-gx6653-i2626376791.html,Adidas Adizero Boston 11 - Men Running Shoes (Wonder Steel) GX6653,5,05-08-2023
lazada,shoes for men,www.lazada.sg/products/nike-mens-waffle-one-se-shoes-earth-i2715843285.html,Nike Men's Waffle One SE Shoes - Earth,5,05-08-2023
lazada,shoes for men,www.lazada.sg/products/nike-mens-superrep-go-3-next-nature-flyknit-training-shoes-photon-dust-i2653242490.html,Nike Men's SuperRep Go 3 Next Nature FlyKnit Training Shoes - Photon Dust,5,05-08-2023
lazada,shoes for men,www.lazada.sg/products/adidas-adizero-boston-11-men-running-shoes-solar-orange-gx6652-i2621595634.html,Adidas Adizero Boston 11 - Men Running Shoes (Solar Orange) GX6652,5,05-08-2023
lazada,shoes for men,www.lazada.sg/products/nike-mens-air-max-alpha-trainer-5-training-shoes-white-i2715888030.html,Nike Men's Air Max Alpha Trainer 5 Training Shoes - White,5,05-08-2023
lazada,shoes for men,www.lazada.sg/products/adidas-adizero-takumi-sen-men-running-shoes-beam-orangeshadow-navypulse-lilac-gx6668-i2703502593.html,Adidas Adizero Takumi Sen - Men Running Shoes (Beam Orange/Shadow Navy/Pulse Lilac) GX6668,5,05-08-2023
lazada,shoes for men,www.lazada.sg/products/adidas-running-energyfalcon-shoes-men-white-fw2382-i1035442190.html,adidas Running Energyfalcon Shoes Men White FW2382,5,05-08-2023
lazada,shoes for men,www.lazada.sg/products/adidas-adizero-takumi-sen-8-men-running-shoes-dash-greysolar-orangepulse-lilac-gx6669-i2703552189.html,Adidas Adizero Takumi Sen 8 - Men Running Shoes (Dash Grey/Solar Orange/Pulse Lilac) GX6669,5,05-08-2023
lazada,shoes for men,www.lazada.sg/products/on-men-cloudmonster-running-shoes-iron-hay-i2683847227.html,On Men Cloudmonster Running Shoes - Iron / Hay,5,05-08-2023
lazada,shoes for men,www.lazada.sg/products/nike-mens-winflo-10-road-running-shoes-black-i2763618167.html,Nike Men's Winflo 10 Road Running Shoes - Black,5,05-08-2023
lazada,shoes for men,www.lazada.sg/products/nike-mens-air-winflo-10-road-running-shoes-white-i2695119293.html,Nike Men's Air Winflo 10 Road Running Shoes - White,5,05-08-2023
lazada,shoes for men,www.lazada.sg/products/new-balance-fuelcell-propel-v4-d-men-running-shoes-white-mfcprlw4-i2809023327.html,New Balance FuelCell Propel v4 (D) - Men Running Shoes (White) MFCPRLW4,5,05-08-2023
lazada,shoes for men,www.lazada.sg/products/nike-mens-renew-ride-3-road-running-shoes-black-i2650122250.html,Nike Men's Renew Ride 3 Road Running Shoes - Black,5,05-08-2023
lazada,shoes for men,www.lazada.sg/products/nike-mens-court-vision-low-next-nature-shoes-white-i2715860198.html,Nike Men's Court Vision Low Next Nature Shoes - White,5,05-08-2023
lazada,shoes for men,www.lazada.sg/products/nike-mens-flex-spruce-aura-i1277470064.html,Nike Men's Flex  - Spruce Aura,5,05-08-2023
lazada,shoes for men,www.lazada.sg/products/nike-mens-ebernon-low-shoes-white-i2203532891.html,Nike Men's Ebernon Low Shoes - White,5,05-08-2023
lazada,shoes for men,www.lazada.sg/products/puma-unisex-flyer-running-shoes-i1209562997.html,PUMA Unisex Flyer Running Shoes,5,05-08-2023
lazada,shoes for men,www.lazada.sg/products/nike-mens-winflo-8-road-running-shoes-grey-i2203569800.html,Nike Men's Winflo 8 Road Running Shoes - Grey,5,05-08-2023
lazada,shoes for men,www.lazada.sg/products/nike-mens-court-vision-low-shoes-white-i2715818429.html,Nike Men's Court Vision Low Shoes - White,5,05-08-2023
lazada,shoes for men,www.lazada.sg/products/on-men-the-roger-clubhouse-all-day-wear-shoes-white-sand-i2461902433.html,ON Men The Roger Clubhouse All-day wear Shoes - White / Sand,5,05-08-2023
lazada,shoes for men,www.lazada.sg/products/craft-ctm-ultra-2-m-ash-whitglxy-1912181-895350-i2749366157.html,CRAFT CTM ULTRA 2 M ASH WHIT/GLXY  1912181-895350,5,05-08-2023
lazada,shoes for men,www.lazada.sg/products/skechers-online-exclusive-men-foamies-gowalk-5-astonished-walking-shoes-243002-nvrd-anti-odor-comfort-pillar-technology-dual-density-hanger-optional-ultra-go-i2373393932.html,"Skechers Online Exclusive Men Foamies GOwalk 5 Astonished Walking Shoes - 243002-NVRD Anti-Odor, Comfort Pillar Technology, Dual-Density, Hanger Optional, Ultra Go",5,05-08-2023
lazada,shoes for men,www.lazada.sg/products/puma-enzo-sport-mens-running-shoes-i1869393761.html,PUMA Enzo Sport Men's Running Shoes,5,05-08-2023
lazada,shoes for men,www.lazada.sg/products/craft-pro-endur-distance-m-asphaltash-1912183-995914-i2749256555.html,CRAFT PRO ENDUR DISTANCE M ASPHALT/ASH 1912183-995914,5,05-08-2023
lazada,shoes for men,www.lazada.sg/products/asics-running-shoes-i2455120016.html,Asics Running Shoes,5,05-08-2023
