lazada,ankle boots,www.lazada.sg/products/sperry-mens-authentic-original-lug-chukka-boots-amaretto-brown-sts22969-i2436452744.html,Sperry Men's Authentic Original Lug Chukka Boots - Amaretto Brown (STS22969),1,05-08-2023
lazada,ankle boots,www.lazada.sg/products/timberland-womens-waterville-6-inch-waterproof-boots-light-beige-nubuck-i1872641006.html,Timberland Women's Waterville 6-Inch Waterproof Boots Light Beige Nubuck,1,05-08-2023
lazada,ankle boots,www.lazada.sg/products/timberland-mens-6-inch-icon-premium-boot-wheat-nubuck-wide-i728676864.html,Timberland Men's 6-Inch Icon Premium Boot Wheat Nubuck Wide,1,05-08-2023
lazada,ankle boots,www.lazada.sg/products/timberland-womens-waterville-6-inch-waterproof-boots-light-grey-nubuck-i1872451741.html,Timberland Women's Waterville 6-Inch Waterproof Boots Light Grey Nubuck,1,05-08-2023
lazada,ankle boots,www.lazada.sg/products/timberland-mens-bradstreet-leather-chukka-boots-olive-nubuck-wide-i2413612973.html,Timberland Men's Bradstreet Leather Chukka Boots Olive Nubuck Wide,1,05-08-2023
lazada,ankle boots,www.lazada.sg/products/caterpillar-unisex-hardwear-hi-leather-boots-midnight-black-p110893-casual-lace-up-shoes-heavy-duty-streetwear-i2426358091.html,Caterpillar Unisex HARDWEAR HI Leather Boots - Midnight Black (P110893) Casual Lace-Up Shoes | Heavy Duty Streetwear,1,05-08-2023
lazada,ankle boots,www.lazada.sg/products/clarks-clarkdale-arlo-ankle-boots-womens-casual-i2433189594.html,Clarks Clarkdale Arlo Ankle Boots Womens Casual,1,05-08-2023
lazada,ankle boots,www.lazada.sg/products/timberland-mens-seneca-bay-chukka-boot-md-brown-full-grain-wide-i2851368721.html,Timberland Men's Seneca Bay Chukka Boot Md Brown Full Grain Wide,1,05-08-2023
lazada,ankle boots,www.lazada.sg/products/timberland-toddler-6-inch-icon-premium-waterproof-boots-wide-i728678917.html,Timberland Toddler 6-Inch Icon Premium Waterproof Boots Wide,1,05-08-2023
lazada,ankle boots,www.lazada.sg/products/cocoro-japanese-shoes-store-cocoro-4007-easy-zip-short-boots-i2586914347.html,[COCORO Japanese Shoes Store] COCORO 4007 Easy Zip Short Boots,1,05-08-2023
lazada,ankle boots,www.lazada.sg/products/timberland-womens-icon-nellie-waterproof-chukka-boots-wide-fit-i730200328.html,Timberland Women's Icon Nellie Waterproof Chukka Boots Wide Fit,1,05-08-2023
lazada,ankle boots,www.lazada.sg/products/walk-safari-singapore-lm-1571-ladies-mid-heel-comfy-clean-cut-leather-boots-genuine-leather-anti-slip-waterproof-i232467478.html,"[Walk Safari Singapore LM 1571 Ladies Mid-Heel Comfy Clean Cut Leather Boots (Genuine Leather, Anti Slip, Waterproof)",1,05-08-2023
lazada,ankle boots,www.lazada.sg/products/caterpillar-mens-narrate-suede-boot-black-p725203-casual-streetwear-lace-up-leather-boots-i2251451811.html,Caterpillar Men's NARRATE Suede Boot - Black (P725203) Casual Streetwear | Lace Up Leather Boots,1,05-08-2023
lazada,ankle boots,www.lazada.sg/products/timberland-mens-redwood-falls-waterproof-boots-black-full-grain-i1872461330.html,Timberland Men's Redwood Falls Waterproof Boots Black Full Grain,1,05-08-2023
lazada,ankle boots,www.lazada.sg/products/timberland-mens-redwood-falls-waterproof-chukka-boots-dk-brown-full-grain-i1872464309.html,Timberland Men's Redwood Falls Waterproof Chukka Boots Dk Brown Full Grain,1,05-08-2023
lazada,ankle boots,www.lazada.sg/products/caterpillar-mens-quartz-hi-desert-boot-danish-brown-p724827-casual-streetwear-urban-leather-boots-i1638130891.html,Caterpillar Men's QUARTZ Hi Desert Boot - Danish Brown (P724827) Casual Streetwear  Urban Leather Boots,1,05-08-2023
lazada,ankle boots,www.lazada.sg/products/everbest-men-shoes-jb2025-mens-chelsea-boots-i2819506618.html,Everbest Men Shoes - JB2025 Men's Chelsea Boots,1,05-08-2023
lazada,ankle boots,www.lazada.sg/products/caterpillar-unisex-hardwear-hi-leather-boots-chocolate-brown-p110895-casual-lace-up-shoes-heavy-duty-streetwear-i2426398025.html,Caterpillar Unisex HARDWEAR HI Leather Boots - Chocolate Brown (P110895) Casual Lace-Up Shoes | Heavy Duty Streetwear,1,05-08-2023
lazada,ankle boots,www.lazada.sg/products/timberland-mens-greenstride-edge-waterproof-boots-wheat-nubuck-i1872396578.html,Timberland Men's GreenStride™ Edge Waterproof Boots Wheat Nubuck,1,05-08-2023
lazada,ankle boots,www.lazada.sg/products/ecco-grainer-womens-boots-i2630275453.html,ECCO GRAINER WOMEN'S BOOTS,1,05-08-2023
lazada,ankle boots,www.lazada.sg/products/ecco-shape-35-sartorelle-womens-ankle-boots-i2793818467.html,ECCO SHAPE 35 SARTORELLE WOMEN'S ANKLE BOOTs,1,05-08-2023
lazada,ankle boots,www.lazada.sg/products/walk-safari-singapore-lm-1572-ladies-mid-heel-comfy-clean-cut-leather-boots-genuine-leather-anti-slip-waterproof-i232466673.html,"[Walk Safari Singapore LM 1572] Ladies Mid-Heel Comfy Clean Cut Leather Boots (Genuine Leather, Anti Slip, Waterproof)",1,05-08-2023
lazada,ankle boots,www.lazada.sg/products/caterpillar-mens-leverage-boot-dark-beige-p725151-casual-streetwear-lace-up-leather-mid-i2758098905.html,Caterpillar Men's LEVERAGE Boot - Dark Beige (P725151) Casual Streetwear | Lace Up Leather Mid,1,05-08-2023
lazada,ankle boots,www.lazada.sg/products/ecco-shape-35-sartorelle-womens-boots-i2630281439.html,ECCO SHAPE 35 SARTORELLE WOMEN'S BOOTS,1,05-08-2023
lazada,ankle boots,www.lazada.sg/products/ecco-shape-m-35-poc-womens-ankle-boots-i2844553045.html,ECCO SHAPE M 35 POC WOMEN'S ANKLE BOOTS,1,05-08-2023
lazada,ankle boots,www.lazada.sg/products/geox-men-shoes-boot-u-brayden-2fit-abx-d-navy-i769626523.html,GEOX MEN SHOES BOOT U BRAYDEN 2FIT ABX D NAVY,1,05-08-2023
lazada,ankle boots,www.lazada.sg/products/timberland-mens-original-6-inch-icon-waterproof-boot-black-i728682784.html,Timberland Men's Original 6-Inch Icon Waterproof Boot (Black),1,05-08-2023
lazada,ankle boots,www.lazada.sg/products/go-to-park-ankle-bootie-i2857322438.html,Go-To Park Ankle Bootie,1,05-08-2023
lazada,ankle boots,www.lazada.sg/products/timberland-mens-redwood-falls-waterproof-boots-rust-full-grain-i1872534061.html,Timberland Men's Redwood Falls Waterproof Boots Rust Full Grain,1,05-08-2023
lazada,ankle boots,www.lazada.sg/products/red-wing-heritage-girard-boots-9090-discontinued-i1848615218.html,Red Wing Heritage Girard Boots 9090 (Discontinued),1,05-08-2023
lazada,ankle boots,www.lazada.sg/products/altai-8-inch-waterproof-tactical-boots-with-leather-toe-and-side-zipper-in-black-made-with-superfabric-mft100-z-i1545456461.html,ALTAI 8 Inch Waterproof Tactical Boots with Leather Toe and Side Zipper In Black – Made with SuperFabric (MFT100-Z),1,05-08-2023
lazada,ankle boots,www.lazada.sg/products/aetrex-delaney-shootie-women-boots-black-i1565972087.html,Aetrex Delaney Shootie Women Boots - Black,1,05-08-2023
lazada,ankle boots,www.lazada.sg/products/timberland-womens-cortina-valley-6-inch-waterproof-boots-wheat-nubuck-wide-i2413316975.html,Timberland Women's Cortina Valley 6-Inch Waterproof Boots Wheat Nubuck Wide,1,05-08-2023
lazada,ankle boots,www.lazada.sg/products/geox-men-shoes-boot-u-damian-c-navy-i769634379.html,GEOX MEN SHOES BOOT U DAMIAN C NAVY,1,05-08-2023
lazada,ankle boots,www.lazada.sg/products/timberland-mens-earthkeepers-6-inch-icon-leather-boots-brown-i728724060.html,Timberland Men's Earthkeepers 6-inch Icon Leather Boots (Brown),1,05-08-2023
lazada,ankle boots,www.lazada.sg/products/caterpillar-mens-colorado-20-boot-black-p110425-urban-leather-boots-heavy-duty-streetwear-i2251357420.html,Caterpillar Men's Colorado 2.0 Boot - Black (P110425) Urban Leather Boots | Heavy Duty Streetwear,1,05-08-2023
lazada,ankle boots,www.lazada.sg/products/timberland-mens-classic-6-inch-icon-waterproof-boot-brown-i728674696.html,Timberland Men's Classic 6-Inch Icon Waterproof Boot (Brown),1,05-08-2023
lazada,ankle boots,www.lazada.sg/products/geox-girl-shoes-boot-j-discomix-girl-b-dk-beige-i968834783.html,GEOX GIRL SHOES BOOT J DISCOMIX GIRL B DK BEIGE,1,05-08-2023
lazada,ankle boots,www.lazada.sg/products/caterpillar-mens-gold-rush-boots-dark-beige-p723787-tan-brown-urban-leather-boots-casual-lace-up-shoes-heavy-duty-streetwear-i2422275370.html,Caterpillar Men's GOLD RUSH Boots - Dark Beige (P723787) Tan Brown | Urban Leather Boots | Casual Lace-Up Shoes | Heavy Duty Streetwear,1,05-08-2023
lazada,ankle boots,www.lazada.sg/products/ecco-soft-7-tred-womens-chelsea-boots-i2793765698.html,ECCO SOFT 7 TRED WOMEN'S CHELSEA BOOTS,1,05-08-2023
lazada,ankle boots,www.lazada.sg/products/sperry-mens-authentic-original-lug-chukka-boots-amaretto-brown-sts22969-i2436452744.html,Sperry Men's Authentic Original Lug Chukka Boots - Amaretto Brown (STS22969),2,05-08-2023
lazada,ankle boots,www.lazada.sg/products/timberland-womens-waterville-6-inch-waterproof-boots-light-beige-nubuck-i1872641006.html,Timberland Women's Waterville 6-Inch Waterproof Boots Light Beige Nubuck,2,05-08-2023
lazada,ankle boots,www.lazada.sg/products/timberland-mens-6-inch-icon-premium-boot-wheat-nubuck-wide-i728676864.html,Timberland Men's 6-Inch Icon Premium Boot Wheat Nubuck Wide,2,05-08-2023
lazada,ankle boots,www.lazada.sg/products/timberland-mens-bradstreet-leather-chukka-boots-olive-nubuck-wide-i2413612973.html,Timberland Men's Bradstreet Leather Chukka Boots Olive Nubuck Wide,2,05-08-2023
lazada,ankle boots,www.lazada.sg/products/timberland-womens-waterville-6-inch-waterproof-boots-light-grey-nubuck-i1872451741.html,Timberland Women's Waterville 6-Inch Waterproof Boots Light Grey Nubuck,2,05-08-2023
lazada,ankle boots,www.lazada.sg/products/clarks-clarkford-top-chelsea-boots-womens-casual-narrow-fit-i2433604456.html,Clarks Clarkford Top Chelsea Boots Womens Casual (Narrow Fit),2,05-08-2023
lazada,ankle boots,www.lazada.sg/products/clarks-clarkdale-arlo-ankle-boots-womens-casual-i2433189594.html,Clarks Clarkdale Arlo Ankle Boots Womens Casual,2,05-08-2023
lazada,ankle boots,www.lazada.sg/products/timberland-mens-seneca-bay-chukka-boot-md-brown-full-grain-wide-i2851368721.html,Timberland Men's Seneca Bay Chukka Boot Md Brown Full Grain Wide,2,05-08-2023
lazada,ankle boots,www.lazada.sg/products/timberland-heritage-6-inch-165cm-waterproof-boots-light-beige-nubuck-wide-i2621073182.html,Timberland Heritage 6 inch (16.5cm) Waterproof Boots Light Beige Nubuck Wide,2,05-08-2023
lazada,ankle boots,www.lazada.sg/products/ecco-shape-m-35-poc-womens-ankle-boots-i2844553045.html,ECCO SHAPE M 35 POC WOMEN'S ANKLE BOOTS,2,05-08-2023
lazada,ankle boots,www.lazada.sg/products/clarks-cora-braidboot-womens-casual-i2588371450.html,Clarks Cora BraidBoot Womens Casual,2,05-08-2023
lazada,ankle boots,www.lazada.sg/products/caterpillar-unisex-hardwear-hi-leather-boots-midnight-black-p110893-casual-lace-up-shoes-heavy-duty-streetwear-i2426358091.html,Caterpillar Unisex HARDWEAR HI Leather Boots - Midnight Black (P110893) Casual Lace-Up Shoes | Heavy Duty Streetwear,2,05-08-2023
lazada,ankle boots,www.lazada.sg/products/walk-safari-singapore-lm-1571-ladies-mid-heel-comfy-clean-cut-leather-boots-genuine-leather-anti-slip-waterproof-i232467478.html,"[Walk Safari Singapore LM 1571 Ladies Mid-Heel Comfy Clean Cut Leather Boots (Genuine Leather, Anti Slip, Waterproof)",2,05-08-2023
lazada,ankle boots,www.lazada.sg/products/cocoro-japanese-shoes-store-cocoro-4007-easy-zip-short-boots-i2586914347.html,[COCORO Japanese Shoes Store] COCORO 4007 Easy Zip Short Boots,2,05-08-2023
lazada,ankle boots,www.lazada.sg/products/caterpillar-mens-narrate-suede-boot-black-p725203-casual-streetwear-lace-up-leather-boots-i2251451811.html,Caterpillar Men's NARRATE Suede Boot - Black (P725203) Casual Streetwear | Lace Up Leather Boots,2,05-08-2023
lazada,ankle boots,www.lazada.sg/products/timberland-mens-redwood-falls-waterproof-chukka-boots-dk-brown-full-grain-i1872464309.html,Timberland Men's Redwood Falls Waterproof Chukka Boots Dk Brown Full Grain,2,05-08-2023
lazada,ankle boots,www.lazada.sg/products/timberland-mens-redwood-falls-waterproof-boots-black-full-grain-i1872461330.html,Timberland Men's Redwood Falls Waterproof Boots Black Full Grain,2,05-08-2023
lazada,ankle boots,www.lazada.sg/products/timberland-womens-6-inch-icon-premium-waterproof-boots-wide-black-i730188509.html,Timberland Womens 6-Inch Icon Premium Waterproof Boots Wide Black,2,05-08-2023
lazada,ankle boots,www.lazada.sg/products/clarks-clarkford-dbt-black-suede-boots-womens-casual-i2573124772.html,Clarks Clarkford DBT Black Suede Boots Womens Casual,2,05-08-2023
lazada,ankle boots,www.lazada.sg/products/caterpillar-mens-bruiser-20-boot-peanut-brown-p110432-heavy-duty-streetwear-lace-up-leather-boots-i2545860495.html,Caterpillar Men's BRUISER 2.0 Boot - Peanut Brown (P110432) Heavy Duty Streetwear  Lace Up Leather Boots,2,05-08-2023
lazada,ankle boots,www.lazada.sg/products/caterpillar-mens-quartz-hi-desert-boot-danish-brown-p724827-casual-streetwear-urban-leather-boots-i1638130891.html,Caterpillar Men's QUARTZ Hi Desert Boot - Danish Brown (P724827) Casual Streetwear  Urban Leather Boots,2,05-08-2023
lazada,ankle boots,www.lazada.sg/products/caterpillar-unisex-hardwear-hi-leather-boots-chocolate-brown-p110895-casual-lace-up-shoes-heavy-duty-streetwear-i2426398025.html,Caterpillar Unisex HARDWEAR HI Leather Boots - Chocolate Brown (P110895) Casual Lace-Up Shoes | Heavy Duty Streetwear,2,05-08-2023
lazada,ankle boots,www.lazada.sg/products/ecco-soft-7-womens-casual-boots-i1141180512.html,ECCO SOFT 7 WOMEN'S CASUAL BOOTS,2,05-08-2023
lazada,ankle boots,www.lazada.sg/products/everbest-men-shoes-jb2025-mens-chelsea-boots-i2819506618.html,Everbest Men Shoes - JB2025 Men's Chelsea Boots,2,05-08-2023
lazada,ankle boots,www.lazada.sg/products/ecco-grainer-womens-boots-i2630275453.html,ECCO GRAINER WOMEN'S BOOTS,2,05-08-2023
lazada,ankle boots,www.lazada.sg/products/timberland-mens-greenstride-edge-waterproof-boots-wheat-nubuck-i1872396578.html,Timberland Men's GreenStride™ Edge Waterproof Boots Wheat Nubuck,2,05-08-2023
lazada,ankle boots,www.lazada.sg/products/walking-tall-premium-boots-casual-shoes-height-increase-shoes-8-cm-with-rubber-outsole-black-leather-men-shoes-premium-leather-boots-quality-elevator-shoes-black-b140a0012d-i2584112234.html,Walking Tall Premium  Boots Casual shoes | Height Increase Shoes (8 cm) with Rubber outsole | Black Leather Men shoes | Premium Leather Boots Quality Elevator Shoes - Black-B140A0012D,2,05-08-2023
lazada,ankle boots,www.lazada.sg/products/ecco-shape-35-sartorelle-womens-ankle-boots-i2793818467.html,ECCO SHAPE 35 SARTORELLE WOMEN'S ANKLE BOOTs,2,05-08-2023
lazada,ankle boots,www.lazada.sg/products/caterpillar-mens-leverage-boot-dark-beige-p725151-casual-streetwear-lace-up-leather-mid-i2758098905.html,Caterpillar Men's LEVERAGE Boot - Dark Beige (P725151) Casual Streetwear | Lace Up Leather Mid,2,05-08-2023
lazada,ankle boots,www.lazada.sg/products/walk-safari-singapore-lm-1572-ladies-mid-heel-comfy-clean-cut-leather-boots-genuine-leather-anti-slip-waterproof-i232466673.html,"[Walk Safari Singapore LM 1572] Ladies Mid-Heel Comfy Clean Cut Leather Boots (Genuine Leather, Anti Slip, Waterproof)",2,05-08-2023
lazada,ankle boots,www.lazada.sg/products/go-to-park-ankle-bootie-i2857322438.html,Go-To Park Ankle Bootie,2,05-08-2023
lazada,ankle boots,www.lazada.sg/products/geox-men-shoes-boot-u-brayden-2fit-abx-d-navy-i769626523.html,GEOX MEN SHOES BOOT U BRAYDEN 2FIT ABX D NAVY,2,05-08-2023
lazada,ankle boots,www.lazada.sg/products/ecco-shape-35-sartorelle-womens-boots-i2630281439.html,ECCO SHAPE 35 SARTORELLE WOMEN'S BOOTS,2,05-08-2023
lazada,ankle boots,www.lazada.sg/products/red-wing-heritage-girard-boots-9090-discontinued-i1848615218.html,Red Wing Heritage Girard Boots 9090 (Discontinued),2,05-08-2023
lazada,ankle boots,www.lazada.sg/products/timberland-mens-original-6-inch-icon-waterproof-boot-black-i728682784.html,Timberland Men's Original 6-Inch Icon Waterproof Boot (Black),2,05-08-2023
lazada,ankle boots,www.lazada.sg/products/timberland-womens-icon-nellie-waterproof-chukka-boots-wide-fit-i730200328.html,Timberland Women's Icon Nellie Waterproof Chukka Boots Wide Fit,2,05-08-2023
lazada,ankle boots,www.lazada.sg/products/altai-8-inch-waterproof-tactical-boots-with-leather-toe-and-side-zipper-in-black-made-with-superfabric-mft100-z-i1545456461.html,ALTAI 8 Inch Waterproof Tactical Boots with Leather Toe and Side Zipper In Black – Made with SuperFabric (MFT100-Z),2,05-08-2023
lazada,ankle boots,www.lazada.sg/products/caterpillar-mens-colorado-expedition-waterproof-boot-dark-shadowsblack-p725822-casual-streetwear-urban-heavy-duty-boots-i2831384247.html,Caterpillar Men's COLORADO EXPEDITION Waterproof Boot - Dark Shadows/Black (P725822) Casual Streetwear | Urban Heavy Duty Boots,2,05-08-2023
lazada,ankle boots,www.lazada.sg/products/timberland-mens-redwood-falls-waterproof-boots-rust-full-grain-i1872534061.html,Timberland Men's Redwood Falls Waterproof Boots Rust Full Grain,2,05-08-2023
lazada,ankle boots,www.lazada.sg/products/timberland-womens-cortina-valley-6-inch-waterproof-boots-wheat-nubuck-wide-i2413316975.html,Timberland Women's Cortina Valley 6-Inch Waterproof Boots Wheat Nubuck Wide,2,05-08-2023
lazada,ankle boots,www.lazada.sg/products/timberland-womens-waterville-6-inch-waterproof-boots-light-beige-nubuck-i1872641006.html,Timberland Women's Waterville 6-Inch Waterproof Boots Light Beige Nubuck,3,05-08-2023
lazada,ankle boots,www.lazada.sg/products/timberland-mens-6-inch-icon-premium-boot-wheat-nubuck-wide-i728676864.html,Timberland Men's 6-Inch Icon Premium Boot Wheat Nubuck Wide,3,05-08-2023
lazada,ankle boots,www.lazada.sg/products/timberland-mens-redwood-falls-waterproof-chukka-boots-dk-brown-full-grain-i1872464309.html,Timberland Men's Redwood Falls Waterproof Chukka Boots Dk Brown Full Grain,3,05-08-2023
lazada,ankle boots,www.lazada.sg/products/timberland-mens-greenstride-edge-waterproof-boots-wheat-nubuck-i1872396578.html,Timberland Men's GreenStride™ Edge Waterproof Boots Wheat Nubuck,3,05-08-2023
lazada,ankle boots,www.lazada.sg/products/timberland-mens-original-6-inch-icon-waterproof-boot-black-i728682784.html,Timberland Men's Original 6-Inch Icon Waterproof Boot (Black),3,05-08-2023
lazada,ankle boots,www.lazada.sg/products/timberland-mens-seneca-bay-chukka-boot-md-brown-full-grain-wide-i2851368721.html,Timberland Men's Seneca Bay Chukka Boot Md Brown Full Grain Wide,3,05-08-2023
lazada,ankle boots,www.lazada.sg/products/timberland-womens-waterville-6-inch-waterproof-boots-light-grey-nubuck-i1872451741.html,Timberland Women's Waterville 6-Inch Waterproof Boots Light Grey Nubuck,3,05-08-2023
lazada,ankle boots,www.lazada.sg/products/timberland-mens-earthkeepers-6-inch-icon-leather-boots-brown-i728724060.html,Timberland Men's Earthkeepers 6-inch Icon Leather Boots (Brown),3,05-08-2023
lazada,ankle boots,www.lazada.sg/products/ecco-shape-m-35-poc-womens-ankle-boots-i2844553045.html,ECCO SHAPE M 35 POC WOMEN'S ANKLE BOOTS,3,05-08-2023
lazada,ankle boots,www.lazada.sg/products/timberland-womens-6-inch-icon-premium-waterproof-boots-wide-black-i730188509.html,Timberland Womens 6-Inch Icon Premium Waterproof Boots Wide Black,3,05-08-2023
lazada,ankle boots,www.lazada.sg/products/timberland-heritage-6-inch-165cm-waterproof-boots-light-beige-nubuck-wide-i2621073182.html,Timberland Heritage 6 inch (16.5cm) Waterproof Boots Light Beige Nubuck Wide,3,05-08-2023
lazada,ankle boots,www.lazada.sg/products/timberland-mens-tree-vault-6-inch-waterproof-boots-wheat-nubuck-wide-i2413727195.html,Timberland Men's Tree Vault 6-Inch Waterproof Boots Wheat Nubuck Wide,3,05-08-2023
lazada,ankle boots,www.lazada.sg/products/timberland-youth-original-6-inch-icon-waterproof-boot-wide-i728698746.html,Timberland Youth Original 6-Inch Icon Waterproof Boot Wide,3,05-08-2023
lazada,ankle boots,www.lazada.sg/products/timberland-junior-6-inch-icon-premium-waterproof-boot-i728680844.html,Timberland Junior 6-Inch Icon Premium Waterproof Boot,3,05-08-2023
lazada,ankle boots,www.lazada.sg/products/clarks-clarkford-dbt-black-suede-boots-womens-casual-i2573124772.html,Clarks Clarkford DBT Black Suede Boots Womens Casual,3,05-08-2023
lazada,ankle boots,www.lazada.sg/products/sperry-mens-authentic-original-lug-chukka-boots-amaretto-brown-sts22969-i2436452744.html,Sperry Men's Authentic Original Lug Chukka Boots - Amaretto Brown (STS22969),3,05-08-2023
lazada,ankle boots,www.lazada.sg/products/everbest-men-shoes-jb2025-mens-chelsea-boots-i2819506618.html,Everbest Men Shoes - JB2025 Men's Chelsea Boots,3,05-08-2023
lazada,ankle boots,www.lazada.sg/products/ecco-staker-womens-boots-i2793848269.html,ECCO STAKER WOMEN'S BOOTS,3,05-08-2023
lazada,ankle boots,www.lazada.sg/products/ecco-nouvelle-womens-mid-cut-boots-i2793819490.html,ECCO NOUVELLE WOMEN'S MID-CUT BOOTS,3,05-08-2023
lazada,ankle boots,www.lazada.sg/products/ecco-shape-m-35-poc-womens-ankle-boots-i2844478117.html,ECCO SHAPE M 35 POC WOMEN'S ANKLE BOOTS,3,05-08-2023
lazada,ankle boots,www.lazada.sg/products/ecco-nouvelle-womens-chelsea-boots-i2793774655.html,ECCO NOUVELLE WOMEN'S CHELSEA BOOTS,3,05-08-2023
lazada,ankle boots,www.lazada.sg/products/ecco-shape-35-sartorelle-womens-ankle-boots-i2793713949.html,ECCO SHAPE 35 SARTORELLE WOMEN'S ANKLE BOOTs,3,05-08-2023
lazada,ankle boots,www.lazada.sg/products/ecco-grainer-mens-chelsea-boots-i2793782654.html,ECCO GRAINER MEN'S CHELSEA BOOTS,3,05-08-2023
lazada,ankle boots,www.lazada.sg/products/ecco-soft-7-tred-mens-mid-cut-boots-i2793751754.html,ECCO SOFT 7 TRED MEN'S MID-CUT BOOTS,3,05-08-2023
lazada,ankle boots,www.lazada.sg/products/geox-women-shoes-ankle-boot-d-hosmos-b-abx-b-biscuit-i757418661.html,GEOX WOMEN SHOES ANKLE BOOT D HOSMOS B ABX B BISCUIT,3,05-08-2023
lazada,ankle boots,www.lazada.sg/products/geox-women-shoes-boot-d-backsie-b-abx-cblack-i757414695.html,GEOX WOMEN SHOES BOOT D BACKSIE B ABX CBLACK,3,05-08-2023
lazada,ankle boots,www.lazada.sg/products/geox-man-shoe-ankle-boots-u-spherica-ec11-wide-black-i2770967778.html,GEOX MAN SHOE ANKLE BOOTS U SPHERICA EC11 WIDE BLACK,3,05-08-2023
lazada,ankle boots,www.lazada.sg/products/caterpillar-mens-leverage-boot-dark-beige-p725151-casual-streetwear-lace-up-leather-mid-i2758098905.html,Caterpillar Men's LEVERAGE Boot - Dark Beige (P725151) Casual Streetwear | Lace Up Leather Mid,3,05-08-2023
lazada,ankle boots,www.lazada.sg/products/mens-zergrand-chelsea-boot-i2580587259.html,Men's ZERØGRAND Chelsea Boot,3,05-08-2023
lazada,ankle boots,www.lazada.sg/products/caterpillar-mens-gold-rush-boots-dark-beige-p723787-tan-brown-urban-leather-boots-casual-lace-up-shoes-heavy-duty-streetwear-i2422275370.html,Caterpillar Men's GOLD RUSH Boots - Dark Beige (P723787) Tan Brown | Urban Leather Boots | Casual Lace-Up Shoes | Heavy Duty Streetwear,3,05-08-2023
lazada,ankle boots,www.lazada.sg/products/caterpillar-mens-bruiser-20-boot-peanut-brown-p110432-heavy-duty-streetwear-lace-up-leather-boots-i2545860495.html,Caterpillar Men's BRUISER 2.0 Boot - Peanut Brown (P110432) Heavy Duty Streetwear  Lace Up Leather Boots,3,05-08-2023
lazada,ankle boots,www.lazada.sg/products/caterpillar-mens-colorado-20-boot-black-p110425-urban-leather-boots-heavy-duty-streetwear-i2251357420.html,Caterpillar Men's Colorado 2.0 Boot - Black (P110425) Urban Leather Boots | Heavy Duty Streetwear,3,05-08-2023
lazada,ankle boots,www.lazada.sg/products/caterpillar-unisex-hardwear-hi-leather-boots-chocolate-brown-p110895-casual-lace-up-shoes-heavy-duty-streetwear-i2426398025.html,Caterpillar Unisex HARDWEAR HI Leather Boots - Chocolate Brown (P110895) Casual Lace-Up Shoes | Heavy Duty Streetwear,3,05-08-2023
lazada,ankle boots,www.lazada.sg/products/caterpillar-unisex-hardwear-hi-leather-boots-midnight-black-p110893-casual-lace-up-shoes-heavy-duty-streetwear-i2426358091.html,Caterpillar Unisex HARDWEAR HI Leather Boots - Midnight Black (P110893) Casual Lace-Up Shoes | Heavy Duty Streetwear,3,05-08-2023
lazada,ankle boots,www.lazada.sg/products/walk-safari-singapore-lm-1571-ladies-mid-heel-comfy-clean-cut-leather-boots-genuine-leather-anti-slip-waterproof-i232467478.html,"[Walk Safari Singapore LM 1571 Ladies Mid-Heel Comfy Clean Cut Leather Boots (Genuine Leather, Anti Slip, Waterproof)",3,05-08-2023
lazada,ankle boots,www.lazada.sg/products/walk-safari-singapore-lm-1572-ladies-mid-heel-comfy-clean-cut-leather-boots-genuine-leather-anti-slip-waterproof-i232466673.html,"[Walk Safari Singapore LM 1572] Ladies Mid-Heel Comfy Clean Cut Leather Boots (Genuine Leather, Anti Slip, Waterproof)",3,05-08-2023
lazada,ankle boots,www.lazada.sg/products/clarks-cora-braidboot-womens-casual-i2588371450.html,Clarks Cora BraidBoot Womens Casual,3,05-08-2023
lazada,ankle boots,www.lazada.sg/products/geox-men-shoes-boot-u-brayden-2fit-abx-d-navy-i769626523.html,GEOX MEN SHOES BOOT U BRAYDEN 2FIT ABX D NAVY,3,05-08-2023
lazada,ankle boots,www.lazada.sg/products/clarks-clarkdale-arlo-ankle-boots-womens-casual-i2433189594.html,Clarks Clarkdale Arlo Ankle Boots Womens Casual,3,05-08-2023
lazada,ankle boots,www.lazada.sg/products/caterpillar-mens-narrate-suede-boot-black-p725203-casual-streetwear-lace-up-leather-boots-i2251451811.html,Caterpillar Men's NARRATE Suede Boot - Black (P725203) Casual Streetwear | Lace Up Leather Boots,3,05-08-2023
lazada,ankle boots,www.lazada.sg/products/sperry-mens-authentic-original-lug-chukka-boots-amaretto-brown-sts22969-i2436452744.html,Sperry Men's Authentic Original Lug Chukka Boots - Amaretto Brown (STS22969),4,05-08-2023
lazada,ankle boots,www.lazada.sg/products/timberland-mens-bradstreet-leather-chukka-boots-olive-nubuck-wide-i2413612973.html,Timberland Men's Bradstreet Leather Chukka Boots Olive Nubuck Wide,4,05-08-2023
lazada,ankle boots,www.lazada.sg/products/clarks-cora-braidboot-womens-casual-i2588371450.html,Clarks Cora BraidBoot Womens Casual,4,05-08-2023
lazada,ankle boots,www.lazada.sg/products/geox-men-shoes-boot-u-brayden-2fit-abx-d-navy-i769626523.html,GEOX MEN SHOES BOOT U BRAYDEN 2FIT ABX D NAVY,4,05-08-2023
lazada,ankle boots,www.lazada.sg/products/clarks-clarkdale-arlo-ankle-boots-womens-casual-i2433189594.html,Clarks Clarkdale Arlo Ankle Boots Womens Casual,4,05-08-2023
lazada,ankle boots,www.lazada.sg/products/timberland-womens-waterville-6-inch-waterproof-boots-light-beige-nubuck-i1872641006.html,Timberland Women's Waterville 6-Inch Waterproof Boots Light Beige Nubuck,4,05-08-2023
lazada,ankle boots,www.lazada.sg/products/altai-8-inch-waterproof-tactical-boots-with-leather-toe-and-side-zipper-in-black-made-with-superfabric-mft100-z-i1545456461.html,ALTAI 8 Inch Waterproof Tactical Boots with Leather Toe and Side Zipper In Black – Made with SuperFabric (MFT100-Z),4,05-08-2023
lazada,ankle boots,www.lazada.sg/products/caterpillar-mens-narrate-suede-boot-black-p725203-casual-streetwear-lace-up-leather-boots-i2251451811.html,Caterpillar Men's NARRATE Suede Boot - Black (P725203) Casual Streetwear | Lace Up Leather Boots,4,05-08-2023
lazada,ankle boots,www.lazada.sg/products/ecco-shape-m-35-poc-womens-ankle-boots-i2844553045.html,ECCO SHAPE M 35 POC WOMEN'S ANKLE BOOTS,4,05-08-2023
lazada,ankle boots,www.lazada.sg/products/timberland-mens-6-inch-icon-premium-boot-wheat-nubuck-wide-i728676864.html,Timberland Men's 6-Inch Icon Premium Boot Wheat Nubuck Wide,4,05-08-2023
lazada,ankle boots,www.lazada.sg/products/geox-men-shoes-boot-u-damian-c-navy-i769634379.html,GEOX MEN SHOES BOOT U DAMIAN C NAVY,4,05-08-2023
lazada,ankle boots,www.lazada.sg/products/caterpillar-mens-leverage-boot-dark-beige-p725151-casual-streetwear-lace-up-leather-mid-i2758098905.html,Caterpillar Men's LEVERAGE Boot - Dark Beige (P725151) Casual Streetwear | Lace Up Leather Mid,4,05-08-2023
lazada,ankle boots,www.lazada.sg/products/ugg-mens-classic-mini-chestnut-i2594646584.html,[UGG] Men's Classic Mini - Chestnut,4,05-08-2023
lazada,ankle boots,www.lazada.sg/products/timberland-mens-redwood-falls-waterproof-chukka-boots-dk-brown-full-grain-i1872464309.html,Timberland Men's Redwood Falls Waterproof Chukka Boots Dk Brown Full Grain,4,05-08-2023
lazada,ankle boots,www.lazada.sg/products/ecco-grainer-womens-boots-i2630275453.html,ECCO GRAINER WOMEN'S BOOTS,4,05-08-2023
lazada,ankle boots,www.lazada.sg/products/aetrex-delaney-shootie-women-boots-black-i1565972087.html,Aetrex Delaney Shootie Women Boots - Black,4,05-08-2023
lazada,ankle boots,www.lazada.sg/products/ecco-soft-7-womens-casual-boots-i1141180512.html,ECCO SOFT 7 WOMEN'S CASUAL BOOTS,4,05-08-2023
lazada,ankle boots,www.lazada.sg/products/walk-safari-singapore-lm-1571-ladies-mid-heel-comfy-clean-cut-leather-boots-genuine-leather-anti-slip-waterproof-i232467478.html,"[Walk Safari Singapore LM 1571 Ladies Mid-Heel Comfy Clean Cut Leather Boots (Genuine Leather, Anti Slip, Waterproof)",4,05-08-2023
lazada,ankle boots,www.lazada.sg/products/everbest-men-shoes-jb2025-mens-chelsea-boots-i2819506618.html,Everbest Men Shoes - JB2025 Men's Chelsea Boots,4,05-08-2023
lazada,ankle boots,www.lazada.sg/products/clarks-clarkford-dbt-black-suede-boots-womens-casual-i2573124772.html,Clarks Clarkford DBT Black Suede Boots Womens Casual,4,05-08-2023
lazada,ankle boots,www.lazada.sg/products/cocoro-japanese-shoes-store-cocoro-4007-easy-zip-short-boots-i2586914347.html,[COCORO Japanese Shoes Store] COCORO 4007 Easy Zip Short Boots,4,05-08-2023
lazada,ankle boots,www.lazada.sg/products/timberland-mens-greenstride-edge-waterproof-boots-wheat-nubuck-i1872396578.html,Timberland Men's GreenStride™ Edge Waterproof Boots Wheat Nubuck,4,05-08-2023
lazada,ankle boots,www.lazada.sg/products/walking-tall-premium-boots-casual-shoes-height-increase-shoes-8-cm-with-rubber-outsole-black-leather-men-shoes-premium-leather-boots-quality-elevator-shoes-black-b140a0012d-i2584112234.html,Walking Tall Premium  Boots Casual shoes | Height Increase Shoes (8 cm) with Rubber outsole | Black Leather Men shoes | Premium Leather Boots Quality Elevator Shoes - Black-B140A0012D,4,05-08-2023
lazada,ankle boots,www.lazada.sg/products/ecco-shape-35-sartorelle-womens-ankle-boots-i2793818467.html,ECCO SHAPE 35 SARTORELLE WOMEN'S ANKLE BOOTs,4,05-08-2023
lazada,ankle boots,www.lazada.sg/products/timberland-mens-original-6-inch-icon-waterproof-boot-black-i728682784.html,Timberland Men's Original 6-Inch Icon Waterproof Boot (Black),4,05-08-2023
lazada,ankle boots,www.lazada.sg/products/clarks-clarkford-top-chelsea-boots-womens-casual-narrow-fit-i2433604456.html,Clarks Clarkford Top Chelsea Boots Womens Casual (Narrow Fit),4,05-08-2023
lazada,ankle boots,www.lazada.sg/products/caterpillar-mens-quartz-hi-desert-boot-danish-brown-p724827-casual-streetwear-urban-leather-boots-i1638130891.html,Caterpillar Men's QUARTZ Hi Desert Boot - Danish Brown (P724827) Casual Streetwear  Urban Leather Boots,4,05-08-2023
lazada,ankle boots,www.lazada.sg/products/caterpillar-mens-narrate-chukka-boot-coffee-bean-brown-p725566-casual-streetwear-lace-up-leather-mid-boots-i2669664940.html,Caterpillar Men's NARRATE Chukka Boot - Coffee Bean Brown (P725566) Casual Streetwear | Lace Up Leather Mid Boots,4,05-08-2023
lazada,ankle boots,www.lazada.sg/products/timberland-womens-waterville-6-inch-waterproof-boots-light-grey-nubuck-i1872451741.html,Timberland Women's Waterville 6-Inch Waterproof Boots Light Grey Nubuck,4,05-08-2023
lazada,ankle boots,www.lazada.sg/products/sperry-mens-authentic-original-lug-chukka-boots-tan-brown-sts22828-i2436476490.html,Sperry Men's Authentic Original Lug Chukka Boots - Tan Brown (STS22828),4,05-08-2023
lazada,ankle boots,www.lazada.sg/products/red-wing-heritage-girard-boots-9090-discontinued-i1848615218.html,Red Wing Heritage Girard Boots 9090 (Discontinued),4,05-08-2023
lazada,ankle boots,www.lazada.sg/products/walk-safari-singapore-mm-h6015-03-man-sleek-modern-zip-leather-boots-genuine-leather-anti-slip-waterproof-i233660979.html,"[Walk Safari Singapore MM H6015-03] Man Sleek Modern Zip Leather Boots (Genuine Leather, Anti Slip, Waterproof)",4,05-08-2023
lazada,ankle boots,www.lazada.sg/products/timberland-mens-redwood-falls-waterproof-boots-black-full-grain-i1872461330.html,Timberland Men's Redwood Falls Waterproof Boots Black Full Grain,4,05-08-2023
lazada,ankle boots,www.lazada.sg/products/caterpillar-mens-cite-waterproof-boot-coffee-bean-brown-p111272-casual-leather-mid-boots-heavy-duty-streetwear-i2753819719.html,Caterpillar Men's CITE Waterproof Boot - Coffee Bean Brown (P111272) Casual Leather Mid Boots | Heavy Duty Streetwear,4,05-08-2023
lazada,ankle boots,www.lazada.sg/products/geox-men-shoes-boot-u-brayden-2fit-abx-d-black-i769640122.html,GEOX MEN SHOES BOOT U BRAYDEN 2FIT ABX D BLACK,4,05-08-2023
lazada,ankle boots,www.lazada.sg/products/timberland-mens-earthkeepers-6-inch-icon-leather-boots-brown-i728724060.html,Timberland Men's Earthkeepers 6-inch Icon Leather Boots (Brown),4,05-08-2023
lazada,ankle boots,www.lazada.sg/products/geox-boy-shoes-boot-j-riddock-boy-wpf-a-dk-yellow-i968888239.html,GEOX BOY SHOES BOOT J RIDDOCK BOY WPF A DK YELLOW,4,05-08-2023
lazada,ankle boots,www.lazada.sg/products/timberland-womens-6-inch-icon-premium-waterproof-boots-wide-black-i730188509.html,Timberland Womens 6-Inch Icon Premium Waterproof Boots Wide Black,4,05-08-2023
lazada,ankle boots,www.lazada.sg/products/caterpillar-mens-gold-rush-boots-dark-beige-p723787-tan-brown-urban-leather-boots-casual-lace-up-shoes-heavy-duty-streetwear-i2422275370.html,Caterpillar Men's GOLD RUSH Boots - Dark Beige (P723787) Tan Brown | Urban Leather Boots | Casual Lace-Up Shoes | Heavy Duty Streetwear,4,05-08-2023
lazada,ankle boots,www.lazada.sg/products/ecco-grainer-mens-chelsea-boots-i2793727945.html,ECCO GRAINER MEN'S CHELSEA BOOTS,4,05-08-2023
lazada,ankle boots,www.lazada.sg/products/clarks-cora-braidboot-womens-casual-i2588371450.html,Clarks Cora BraidBoot Womens Casual,5,05-08-2023
lazada,ankle boots,www.lazada.sg/products/clarks-clarkdale-arlo-ankle-boots-womens-casual-i2433189594.html,Clarks Clarkdale Arlo Ankle Boots Womens Casual,5,05-08-2023
lazada,ankle boots,www.lazada.sg/products/sperry-mens-authentic-original-lug-chukka-boots-amaretto-brown-sts22969-i2436452744.html,Sperry Men's Authentic Original Lug Chukka Boots - Amaretto Brown (STS22969),5,05-08-2023
lazada,ankle boots,www.lazada.sg/products/timberland-womens-waterville-6-inch-waterproof-boots-light-beige-nubuck-i1872641006.html,Timberland Women's Waterville 6-Inch Waterproof Boots Light Beige Nubuck,5,05-08-2023
lazada,ankle boots,www.lazada.sg/products/timberland-mens-bradstreet-leather-chukka-boots-olive-nubuck-wide-i2413612973.html,Timberland Men's Bradstreet Leather Chukka Boots Olive Nubuck Wide,5,05-08-2023
lazada,ankle boots,www.lazada.sg/products/timberland-womens-waterville-6-inch-waterproof-boots-light-grey-nubuck-i1872451741.html,Timberland Women's Waterville 6-Inch Waterproof Boots Light Grey Nubuck,5,05-08-2023
lazada,ankle boots,www.lazada.sg/products/clarks-clarkford-top-chelsea-boots-womens-casual-narrow-fit-i2433604456.html,Clarks Clarkford Top Chelsea Boots Womens Casual (Narrow Fit),5,05-08-2023
lazada,ankle boots,www.lazada.sg/products/walk-safari-singapore-lm-1571-ladies-mid-heel-comfy-clean-cut-leather-boots-genuine-leather-anti-slip-waterproof-i232467478.html,"[Walk Safari Singapore LM 1571 Ladies Mid-Heel Comfy Clean Cut Leather Boots (Genuine Leather, Anti Slip, Waterproof)",5,05-08-2023
lazada,ankle boots,www.lazada.sg/products/ecco-shape-m-35-poc-womens-ankle-boots-i2844553045.html,ECCO SHAPE M 35 POC WOMEN'S ANKLE BOOTS,5,05-08-2023
lazada,ankle boots,www.lazada.sg/products/cocoro-japanese-shoes-store-cocoro-4007-easy-zip-short-boots-i2586914347.html,[COCORO Japanese Shoes Store] COCORO 4007 Easy Zip Short Boots,5,05-08-2023
lazada,ankle boots,www.lazada.sg/products/caterpillar-mens-narrate-suede-boot-black-p725203-casual-streetwear-lace-up-leather-boots-i2251451811.html,Caterpillar Men's NARRATE Suede Boot - Black (P725203) Casual Streetwear | Lace Up Leather Boots,5,05-08-2023
lazada,ankle boots,www.lazada.sg/products/timberland-mens-redwood-falls-waterproof-chukka-boots-dk-brown-full-grain-i1872464309.html,Timberland Men's Redwood Falls Waterproof Chukka Boots Dk Brown Full Grain,5,05-08-2023
lazada,ankle boots,www.lazada.sg/products/timberland-mens-redwood-falls-waterproof-boots-black-full-grain-i1872461330.html,Timberland Men's Redwood Falls Waterproof Boots Black Full Grain,5,05-08-2023
lazada,ankle boots,www.lazada.sg/products/timberland-womens-6-inch-icon-premium-waterproof-boots-wide-black-i730188509.html,Timberland Womens 6-Inch Icon Premium Waterproof Boots Wide Black,5,05-08-2023
lazada,ankle boots,www.lazada.sg/products/clarks-clarkford-dbt-black-suede-boots-womens-casual-i2573124772.html,Clarks Clarkford DBT Black Suede Boots Womens Casual,5,05-08-2023
lazada,ankle boots,www.lazada.sg/products/caterpillar-mens-bruiser-20-boot-peanut-brown-p110432-heavy-duty-streetwear-lace-up-leather-boots-i2545860495.html,Caterpillar Men's BRUISER 2.0 Boot - Peanut Brown (P110432) Heavy Duty Streetwear  Lace Up Leather Boots,5,05-08-2023
lazada,ankle boots,www.lazada.sg/products/caterpillar-mens-quartz-hi-desert-boot-danish-brown-p724827-casual-streetwear-urban-leather-boots-i1638130891.html,Caterpillar Men's QUARTZ Hi Desert Boot - Danish Brown (P724827) Casual Streetwear  Urban Leather Boots,5,05-08-2023
lazada,ankle boots,www.lazada.sg/products/caterpillar-unisex-hardwear-hi-leather-boots-chocolate-brown-p110895-casual-lace-up-shoes-heavy-duty-streetwear-i2426398025.html,Caterpillar Unisex HARDWEAR HI Leather Boots - Chocolate Brown (P110895) Casual Lace-Up Shoes | Heavy Duty Streetwear,5,05-08-2023
lazada,ankle boots,www.lazada.sg/products/ecco-soft-7-womens-casual-boots-i1141180512.html,ECCO SOFT 7 WOMEN'S CASUAL BOOTS,5,05-08-2023
lazada,ankle boots,www.lazada.sg/products/everbest-men-shoes-jb2025-mens-chelsea-boots-i2819506618.html,Everbest Men Shoes - JB2025 Men's Chelsea Boots,5,05-08-2023
lazada,ankle boots,www.lazada.sg/products/ecco-grainer-womens-boots-i2630275453.html,ECCO GRAINER WOMEN'S BOOTS,5,05-08-2023
lazada,ankle boots,www.lazada.sg/products/timberland-mens-greenstride-edge-waterproof-boots-wheat-nubuck-i1872396578.html,Timberland Men's GreenStride™ Edge Waterproof Boots Wheat Nubuck,5,05-08-2023
lazada,ankle boots,www.lazada.sg/products/walking-tall-premium-boots-casual-shoes-height-increase-shoes-8-cm-with-rubber-outsole-black-leather-men-shoes-premium-leather-boots-quality-elevator-shoes-black-b140a0012d-i2584112234.html,Walking Tall Premium  Boots Casual shoes | Height Increase Shoes (8 cm) with Rubber outsole | Black Leather Men shoes | Premium Leather Boots Quality Elevator Shoes - Black-B140A0012D,5,05-08-2023
lazada,ankle boots,www.lazada.sg/products/ecco-shape-35-sartorelle-womens-ankle-boots-i2793818467.html,ECCO SHAPE 35 SARTORELLE WOMEN'S ANKLE BOOTs,5,05-08-2023
lazada,ankle boots,www.lazada.sg/products/caterpillar-mens-leverage-boot-dark-beige-p725151-casual-streetwear-lace-up-leather-mid-i2758098905.html,Caterpillar Men's LEVERAGE Boot - Dark Beige (P725151) Casual Streetwear | Lace Up Leather Mid,5,05-08-2023
lazada,ankle boots,www.lazada.sg/products/timberland-mens-6-inch-icon-premium-boot-wheat-nubuck-wide-i728676864.html,Timberland Men's 6-Inch Icon Premium Boot Wheat Nubuck Wide,5,05-08-2023
lazada,ankle boots,www.lazada.sg/products/walk-safari-singapore-lm-1572-ladies-mid-heel-comfy-clean-cut-leather-boots-genuine-leather-anti-slip-waterproof-i232466673.html,"[Walk Safari Singapore LM 1572] Ladies Mid-Heel Comfy Clean Cut Leather Boots (Genuine Leather, Anti Slip, Waterproof)",5,05-08-2023
lazada,ankle boots,www.lazada.sg/products/timberland-heritage-6-inch-165cm-waterproof-boots-light-beige-nubuck-wide-i2621073182.html,Timberland Heritage 6 inch (16.5cm) Waterproof Boots Light Beige Nubuck Wide,5,05-08-2023
lazada,ankle boots,www.lazada.sg/products/go-to-park-ankle-bootie-i2857322438.html,Go-To Park Ankle Bootie,5,05-08-2023
lazada,ankle boots,www.lazada.sg/products/caterpillar-unisex-hardwear-hi-leather-boots-midnight-black-p110893-casual-lace-up-shoes-heavy-duty-streetwear-i2426358091.html,Caterpillar Unisex HARDWEAR HI Leather Boots - Midnight Black (P110893) Casual Lace-Up Shoes | Heavy Duty Streetwear,5,05-08-2023
lazada,ankle boots,www.lazada.sg/products/geox-men-shoes-boot-u-brayden-2fit-abx-d-navy-i769626523.html,GEOX MEN SHOES BOOT U BRAYDEN 2FIT ABX D NAVY,5,05-08-2023
lazada,ankle boots,www.lazada.sg/products/ecco-shape-35-sartorelle-womens-boots-i2630281439.html,ECCO SHAPE 35 SARTORELLE WOMEN'S BOOTS,5,05-08-2023
lazada,ankle boots,www.lazada.sg/products/red-wing-heritage-girard-boots-9090-discontinued-i1848615218.html,Red Wing Heritage Girard Boots 9090 (Discontinued),5,05-08-2023
lazada,ankle boots,www.lazada.sg/products/timberland-mens-original-6-inch-icon-waterproof-boot-black-i728682784.html,Timberland Men's Original 6-Inch Icon Waterproof Boot (Black),5,05-08-2023
lazada,ankle boots,www.lazada.sg/products/timberland-womens-icon-nellie-waterproof-chukka-boots-wide-fit-i730200328.html,Timberland Women's Icon Nellie Waterproof Chukka Boots Wide Fit,5,05-08-2023
lazada,ankle boots,www.lazada.sg/products/altai-8-inch-waterproof-tactical-boots-with-leather-toe-and-side-zipper-in-black-made-with-superfabric-mft100-z-i1545456461.html,ALTAI 8 Inch Waterproof Tactical Boots with Leather Toe and Side Zipper In Black – Made with SuperFabric (MFT100-Z),5,05-08-2023
lazada,ankle boots,www.lazada.sg/products/caterpillar-mens-colorado-expedition-waterproof-boot-dark-shadowsblack-p725822-casual-streetwear-urban-heavy-duty-boots-i2831384247.html,Caterpillar Men's COLORADO EXPEDITION Waterproof Boot - Dark Shadows/Black (P725822) Casual Streetwear | Urban Heavy Duty Boots,5,05-08-2023
lazada,ankle boots,www.lazada.sg/products/timberland-mens-redwood-falls-waterproof-boots-rust-full-grain-i1872534061.html,Timberland Men's Redwood Falls Waterproof Boots Rust Full Grain,5,05-08-2023
lazada,ankle boots,www.lazada.sg/products/aetrex-delaney-shootie-women-boots-black-i1565972087.html,Aetrex Delaney Shootie Women Boots - Black,5,05-08-2023
lazada,ankle boots,www.lazada.sg/products/timberland-womens-cortina-valley-6-inch-waterproof-boots-wheat-nubuck-wide-i2413316975.html,Timberland Women's Cortina Valley 6-Inch Waterproof Boots Wheat Nubuck Wide,5,05-08-2023
