lazada,white shoes,www.lazada.sg/products/skechers-boys-dynamight-day-school-shoes-97772l-wht-i1812040767.html,Skechers Boys Dynamight Day School Shoes - 97772L-WHT,1,05-08-2023
lazada,white shoes,www.lazada.sg/products/under-armour-ua-assert-8-uniform-ac-psv-younger-kids-school-shoes-white-3022698-100-i2601070867.html,Under Armour UA Assert 8 Uniform AC (PSV) - Younger Kids School Shoes (White) 3022698-100,1,05-08-2023
lazada,white shoes,www.lazada.sg/products/nike-womens-court-royale-shoes-white-i2367258349.html,Nike Women's Court Royale Shoes - White,1,05-08-2023
lazada,white shoes,www.lazada.sg/products/nike-womens-gamma-force-shoes-white-i2715860196.html,Nike Women's Gamma Force Shoes - White,1,05-08-2023
lazada,white shoes,www.lazada.sg/products/nike-womens-ebernon-low-shoes-white-i2487303678.html,Nike Women's Ebernon Low Shoes - White,1,05-08-2023
lazada,white shoes,www.lazada.sg/products/nike-mens-ebernon-low-shoes-white-i2203532891.html,Nike Men's Ebernon Low Shoes - White,1,05-08-2023
lazada,white shoes,www.lazada.sg/products/nike-womens-tanjun-shoes-white-i2650065681.html,Nike Women's Tanjun Shoes - White,1,05-08-2023
lazada,white shoes,www.lazada.sg/products/adidas-running-duramo-9-shoes-men-white-eg8665-i1996246852.html,adidas Running Duramo 9 Shoes Men White EG8665,1,05-08-2023
lazada,white shoes,www.lazada.sg/products/adidas-running-run-falcon-20-shoes-women-white-fy9621-i1859749034.html,adidas Running Run Falcon 2.0 Shoes Women White FY9621,1,05-08-2023
lazada,white shoes,www.lazada.sg/products/adidas-running-energyfalcon-shoes-men-white-fw2382-i1035442190.html,adidas Running Energyfalcon Shoes Men White FW2382,1,05-08-2023
lazada,white shoes,www.lazada.sg/products/nike-womens-court-legacy-canvas-shoes-white-i2682965643.html,Nike Women's Court Legacy Canvas Shoes - White,1,05-08-2023
lazada,white shoes,www.lazada.sg/products/nike-mens-court-vision-shoes-white-i2731374127.html,Nike Men's Court Vision Shoes - White,1,05-08-2023
lazada,white shoes,www.lazada.sg/products/nike-mens-air-pegasus-83-shoes-white-i2650032884.html,Nike Men's Air Pegasus 83 Shoes - White,1,05-08-2023
lazada,white shoes,www.lazada.sg/products/nike-mens-flex-control-4-training-shoes-white-i2817101618.html,Nike Men's Flex Control 4 Training Shoes - White,1,05-08-2023
lazada,white shoes,www.lazada.sg/products/nike-mens-air-max-2017-shoes-white-i2614842669.html,Nike Men's Air Max 2017 Shoes - White,1,05-08-2023
lazada,white shoes,www.lazada.sg/products/adidas-running-eq19-run-shoes-men-white-h68091-i2418396377.html,adidas Running EQ19 Run Shoes Men White H68091,1,05-08-2023
lazada,white shoes,www.lazada.sg/products/nike-kids-omni-multi-court-big-kids-indoor-court-summit-white-i2653237512.html,Nike Kids' Omni Multi-Court Big Kids Indoor Court  - Summit White,1,05-08-2023
lazada,white shoes,www.lazada.sg/products/nike-mens-air-max-sc-shoes-white-i2682968591.html,Nike Men's Air Max SC Shoes - White,1,05-08-2023
lazada,white shoes,www.lazada.sg/products/nike-mens-air-max-sc-shoes-white-i2715885096.html,Nike Men's Air Max SC Shoes - White,1,05-08-2023
lazada,white shoes,www.lazada.sg/products/converse-chuck-taylor-all-star-shoreline-slip-womens-sneakers-white-i2613359714.html,Converse Chuck Taylor All Star Shoreline Slip Women's Sneakers - White,1,05-08-2023
lazada,white shoes,www.lazada.sg/products/nike-womens-waffle-one-shoes-white-i2650076620.html,Nike Women's Waffle One Shoes - White,1,05-08-2023
lazada,white shoes,www.lazada.sg/products/nike-womens-air-max-sc-shoes-white-i2731299698.html,Nike Women's Air Max SC Shoes - White,1,05-08-2023
lazada,white shoes,www.lazada.sg/products/nike-womens-court-vision-low-shoes-white-i2715844316.html,Nike Women's Court Vision Low Shoes - White,1,05-08-2023
lazada,white shoes,www.lazada.sg/products/nike-womens-court-vision-low-next-nature-shoes-white-i2682979506.html,Nike Women's Court Vision Low Next Nature Shoes - White,1,05-08-2023
lazada,white shoes,www.lazada.sg/products/nike-mens-air-max-alpha-trainer-5-training-shoes-white-i2715888030.html,Nike Men's Air Max Alpha Trainer 5 Training Shoes - White,1,05-08-2023
lazada,white shoes,www.lazada.sg/products/nike-womens-downshifter-12-premium-road-running-shoes-white-i2763476986.html,Nike Women's Downshifter 12 Premium Road Running Shoes - White,1,05-08-2023
lazada,white shoes,www.lazada.sg/products/on-men-the-roger-advantage-sneakers-white-midnight-i2777288667.html,ON Men The Roger Advantage Sneakers - White / Midnight,1,05-08-2023
lazada,white shoes,www.lazada.sg/products/craft-ctm-ultra-2-m-ash-whitglxy-1912181-895350-i2749366157.html,CRAFT CTM ULTRA 2 M ASH WHIT/GLXY  1912181-895350,1,05-08-2023
lazada,white shoes,www.lazada.sg/products/nike-womens-court-royale-2-next-nature-shoes-white-i2653244489.html,Nike Women's Court Royale 2 Next Nature Shoes - White,1,05-08-2023
lazada,white shoes,www.lazada.sg/products/bata-junior-white-bfirst-lace-up-school-shoes-581x177-i1783992862.html,BATA Junior White B.First Lace Up School Shoes 581X177,1,05-08-2023
lazada,white shoes,www.lazada.sg/products/nike-womens-revolution-6-next-nature-road-running-shoes-white-i2308687645.html,Nike Women's Revolution 6 Next Nature Road Running Shoes - White,1,05-08-2023
lazada,white shoes,www.lazada.sg/products/bata-men-white-power-trainers-808x199-i1780951444.html,BATA Men White Power Trainers 808X199,1,05-08-2023
lazada,white shoes,www.lazada.sg/products/bata-north-star-unisex-school-shoes-581x046-i1781205249.html,BATA NORTH STAR Unisex School Shoes 581X046,1,05-08-2023
lazada,white shoes,www.lazada.sg/products/nike-mens-court-vision-low-next-nature-shoes-white-i1889728591.html,Nike Men's Court Vision Low Next Nature Shoes - White,1,05-08-2023
lazada,white shoes,www.lazada.sg/products/nike-womens-court-vision-low-next-nature-shoes-white-i1945100861.html,Nike Women's Court Vision Low Next Nature Shoes - White,1,05-08-2023
lazada,white shoes,www.lazada.sg/products/nike-kids-court-borough-low-2-babytoddler-shoes-white-i2650145102.html,Nike Kids' Court Borough Low 2 Baby/Toddler Shoes - White,1,05-08-2023
lazada,white shoes,www.lazada.sg/products/bata-north-star-unisex-school-shoes-889x031-i1783975812.html,BATA NORTH STAR Unisex School Shoes 889X031,1,05-08-2023
lazada,white shoes,www.lazada.sg/products/asics-men-gel-contend-sl-running-shoes-in-whitewhite-i2580276583.html,ASICS Men GEL-CONTEND SL Running Shoes in White/White,1,05-08-2023
lazada,white shoes,www.lazada.sg/products/nike-womens-flex-experience-run-11-next-nature-road-running-shoes-white-i2480560527.html,Nike Women's Flex Experience Run 11 Next Nature Road Running Shoes - White,1,05-08-2023
lazada,white shoes,www.lazada.sg/products/nike-mens-air-max-axis-shoes-white-i2487340471.html,Nike Men's Air Max Axis Shoes - White,1,05-08-2023
lazada,white shoes,www.lazada.sg/products/skechers-boys-dynamight-day-school-shoes-97772l-wht-i1812040767.html,Skechers Boys Dynamight Day School Shoes - 97772L-WHT,2,05-08-2023
lazada,white shoes,www.lazada.sg/products/under-armour-ua-assert-8-uniform-ac-psv-younger-kids-school-shoes-white-3022698-100-i2601070867.html,Under Armour UA Assert 8 Uniform AC (PSV) - Younger Kids School Shoes (White) 3022698-100,2,05-08-2023
lazada,white shoes,www.lazada.sg/products/nike-womens-court-royale-shoes-white-i2367258349.html,Nike Women's Court Royale Shoes - White,2,05-08-2023
lazada,white shoes,www.lazada.sg/products/adidas-running-duramo-sl-shoes-men-white-fw7391-i953586159.html,adidas Running Duramo SL Shoes Men White FW7391,2,05-08-2023
lazada,white shoes,www.lazada.sg/products/adidas-tensaur-run-20-younger-kids-school-shoes-white-gz3442-i2752525362.html,Adidas Tensaur Run 2.0 - Younger Kids' School Shoes (White) GZ3442,2,05-08-2023
lazada,white shoes,www.lazada.sg/products/nike-womens-ebernon-low-shoes-white-i2487303678.html,Nike Women's Ebernon Low Shoes - White,2,05-08-2023
lazada,white shoes,www.lazada.sg/products/new-puma-smash-cat-mens-leather-shoes-white-i2832331178.html,[NEW] PUMA Smash Cat Men's Leather Shoes (White),2,05-08-2023
lazada,white shoes,www.lazada.sg/products/new-puma-caracal-mens-shoes-white-i2832120991.html,[NEW] PUMA Caracal Men's Shoes (White),2,05-08-2023
lazada,white shoes,www.lazada.sg/products/nike-kids-court-borough-2-babytoddler-shoes-white-i2844904562.html,Nike Kids' Court Borough 2 Baby/Toddler Shoes - White,2,05-08-2023
lazada,white shoes,www.lazada.sg/products/nike-kids-court-borough-2-babytoddler-shoes-white-i2844865736.html,Nike Kids' Court Borough 2 Baby/Toddler Shoes - White,2,05-08-2023
lazada,white shoes,www.lazada.sg/products/puma-cilia-mode-womens-shoes-i1116808723.html,PUMA Cilia Mode Women's Shoes,2,05-08-2023
lazada,white shoes,www.lazada.sg/products/nike-kids-pico-5-younger-kids-shoes-white-i1737542190.html,Nike Kids' Pico 5 Younger Kid's Shoes - White,2,05-08-2023
lazada,white shoes,www.lazada.sg/products/nike-womens-tanjun-shoes-white-i2650065681.html,Nike Women's Tanjun Shoes - White,2,05-08-2023
lazada,white shoes,www.lazada.sg/products/nike-womens-gamma-force-shoes-white-i2715860196.html,Nike Women's Gamma Force Shoes - White,2,05-08-2023
lazada,white shoes,www.lazada.sg/products/nike-womens-court-legacy-canvas-shoes-white-i2682965643.html,Nike Women's Court Legacy Canvas Shoes - White,2,05-08-2023
lazada,white shoes,www.lazada.sg/products/nike-kids-court-borough-low-2-big-kids-shoes-white-i2695114417.html,Nike Kids' Court Borough Low 2 Big Kids Shoes - White,2,05-08-2023
lazada,white shoes,www.lazada.sg/products/nike-mens-court-vision-shoes-white-i2731374127.html,Nike Men's Court Vision Shoes - White,2,05-08-2023
lazada,white shoes,www.lazada.sg/products/nike-mens-air-pegasus-83-shoes-white-i2650032884.html,Nike Men's Air Pegasus 83 Shoes - White,2,05-08-2023
lazada,white shoes,www.lazada.sg/products/nike-mens-flex-control-4-training-shoes-white-i2817101618.html,Nike Men's Flex Control 4 Training Shoes - White,2,05-08-2023
lazada,white shoes,www.lazada.sg/products/nike-mens-air-max-2017-shoes-white-i2614842669.html,Nike Men's Air Max 2017 Shoes - White,2,05-08-2023
lazada,white shoes,www.lazada.sg/products/adidas-running-eq19-run-shoes-men-white-h68091-i2418396377.html,adidas Running EQ19 Run Shoes Men White H68091,2,05-08-2023
lazada,white shoes,www.lazada.sg/products/nike-kids-omni-multi-court-big-kids-indoor-court-summit-white-i2653237512.html,Nike Kids' Omni Multi-Court Big Kids Indoor Court  - Summit White,2,05-08-2023
lazada,white shoes,www.lazada.sg/products/nike-mens-air-max-sc-shoes-white-i2682968591.html,Nike Men's Air Max SC Shoes - White,2,05-08-2023
lazada,white shoes,www.lazada.sg/products/nike-kids-court-borough-low-2-big-kids-shoes-white-i2695146107.html,Nike Kids' Court Borough Low 2 Big Kids Shoes - White,2,05-08-2023
lazada,white shoes,www.lazada.sg/products/nike-mens-air-max-sc-shoes-white-i2715885096.html,Nike Men's Air Max SC Shoes - White,2,05-08-2023
lazada,white shoes,www.lazada.sg/products/converse-chuck-taylor-all-star-shoreline-slip-womens-sneakers-white-i2613359714.html,Converse Chuck Taylor All Star Shoreline Slip Women's Sneakers - White,2,05-08-2023
lazada,white shoes,www.lazada.sg/products/nike-womens-waffle-one-shoes-white-i2650076620.html,Nike Women's Waffle One Shoes - White,2,05-08-2023
lazada,white shoes,www.lazada.sg/products/nike-womens-air-max-sc-shoes-white-i2731299698.html,Nike Women's Air Max SC Shoes - White,2,05-08-2023
lazada,white shoes,www.lazada.sg/products/nike-womens-court-vision-low-shoes-white-i2715844316.html,Nike Women's Court Vision Low Shoes - White,2,05-08-2023
lazada,white shoes,www.lazada.sg/products/nike-womens-court-vision-low-next-nature-shoes-white-i2682979506.html,Nike Women's Court Vision Low Next Nature Shoes - White,2,05-08-2023
lazada,white shoes,www.lazada.sg/products/nike-mens-air-max-alpha-trainer-5-training-shoes-white-i2715888030.html,Nike Men's Air Max Alpha Trainer 5 Training Shoes - White,2,05-08-2023
lazada,white shoes,www.lazada.sg/products/nike-womens-downshifter-12-premium-road-running-shoes-white-i2763476986.html,Nike Women's Downshifter 12 Premium Road Running Shoes - White,2,05-08-2023
lazada,white shoes,www.lazada.sg/products/adidas-running-duramo-9-shoes-men-white-eg8665-i1996246852.html,adidas Running Duramo 9 Shoes Men White EG8665,2,05-08-2023
lazada,white shoes,www.lazada.sg/products/adidas-running-run-falcon-20-shoes-women-white-fy9621-i1859749034.html,adidas Running Run Falcon 2.0 Shoes Women White FY9621,2,05-08-2023
lazada,white shoes,www.lazada.sg/products/adidas-running-energyfalcon-shoes-men-white-fw2382-i1035442190.html,adidas Running Energyfalcon Shoes Men White FW2382,2,05-08-2023
lazada,white shoes,www.lazada.sg/products/asics-contend-8-gs-older-kids-running-school-shoes-white-1014a259-100-i2596555097.html,Asics Contend 8 GS - Older Kids Running School Shoes (White) 1014A259-100,2,05-08-2023
lazada,white shoes,www.lazada.sg/products/on-men-the-roger-advantage-sneakers-white-midnight-i2777288667.html,ON Men The Roger Advantage Sneakers - White / Midnight,2,05-08-2023
lazada,white shoes,www.lazada.sg/products/on-men-the-roger-clubhouse-all-day-wear-shoes-white-sand-i2461902433.html,ON Men The Roger Clubhouse All-day wear Shoes - White / Sand,2,05-08-2023
lazada,white shoes,www.lazada.sg/products/craft-ctm-ultra-2-m-ash-whitglxy-1912181-895350-i2749366157.html,CRAFT CTM ULTRA 2 M ASH WHIT/GLXY  1912181-895350,2,05-08-2023
lazada,white shoes,www.lazada.sg/products/nike-mens-ebernon-low-shoes-white-i2203532891.html,Nike Men's Ebernon Low Shoes - White,2,05-08-2023
lazada,white shoes,www.lazada.sg/products/skechers-boys-dynamight-day-school-shoes-97772l-wht-i1812040767.html,Skechers Boys Dynamight Day School Shoes - 97772L-WHT,3,05-08-2023
lazada,white shoes,www.lazada.sg/products/adidas-running-energyfalcon-shoes-men-white-fw2382-i1035442190.html,adidas Running Energyfalcon Shoes Men White FW2382,3,05-08-2023
lazada,white shoes,www.lazada.sg/products/nike-mens-court-vision-low-next-nature-shoes-white-i1889728591.html,Nike Men's Court Vision Low Next Nature Shoes - White,3,05-08-2023
lazada,white shoes,www.lazada.sg/products/nike-womens-revolution-6-next-nature-road-running-shoes-white-i2308687645.html,Nike Women's Revolution 6 Next Nature Road Running Shoes - White,3,05-08-2023
lazada,white shoes,www.lazada.sg/products/nike-womens-court-vision-low-next-nature-shoes-white-i1945100861.html,Nike Women's Court Vision Low Next Nature Shoes - White,3,05-08-2023
lazada,white shoes,www.lazada.sg/products/under-armour-ua-assert-8-uniform-ac-psv-younger-kids-school-shoes-white-3022698-100-i2601070867.html,Under Armour UA Assert 8 Uniform AC (PSV) - Younger Kids School Shoes (White) 3022698-100,3,05-08-2023
lazada,white shoes,www.lazada.sg/products/adidas-running-run-falcon-20-shoes-women-white-fy9621-i1859749034.html,adidas Running Run Falcon 2.0 Shoes Women White FY9621,3,05-08-2023
lazada,white shoes,www.lazada.sg/products/bata-men-white-power-trainers-808x199-i1780951444.html,BATA Men White Power Trainers 808X199,3,05-08-2023
lazada,white shoes,www.lazada.sg/products/adidas-running-duramo-9-shoes-men-white-eg8665-i1996246852.html,adidas Running Duramo 9 Shoes Men White EG8665,3,05-08-2023
lazada,white shoes,www.lazada.sg/products/adidas-running-duramo-sl-shoes-men-white-fw7391-i953586159.html,adidas Running Duramo SL Shoes Men White FW7391,3,05-08-2023
lazada,white shoes,www.lazada.sg/products/nike-mens-ebernon-low-shoes-white-i2203532891.html,Nike Men's Ebernon Low Shoes - White,3,05-08-2023
lazada,white shoes,www.lazada.sg/products/puma-cilia-mode-womens-shoes-i1116808723.html,PUMA Cilia Mode Women's Shoes,3,05-08-2023
lazada,white shoes,www.lazada.sg/products/asics-men-gel-contend-sl-running-shoes-in-whitewhite-i2580276583.html,ASICS Men GEL-CONTEND SL Running Shoes in White/White,3,05-08-2023
lazada,white shoes,www.lazada.sg/products/asics-contend-8-gs-older-kids-running-school-shoes-white-1014a259-100-i2596555097.html,Asics Contend 8 GS - Older Kids Running School Shoes (White) 1014A259-100,3,05-08-2023
lazada,white shoes,www.lazada.sg/products/nike-kids-pico-5-younger-kids-shoes-white-i1737542190.html,Nike Kids' Pico 5 Younger Kid's Shoes - White,3,05-08-2023
lazada,white shoes,www.lazada.sg/products/nike-womens-gamma-force-shoes-white-i2715860196.html,Nike Women's Gamma Force Shoes - White,3,05-08-2023
lazada,white shoes,www.lazada.sg/products/nike-womens-court-royale-shoes-white-i2367258349.html,Nike Women's Court Royale Shoes - White,3,05-08-2023
lazada,white shoes,www.lazada.sg/products/everbest-womens-shoes-tracce-sd2005-low-cut-white-sneakers-i2676999102.html,Everbest Women's Shoes - TRACCE SD2005 Low cut White Sneakers,3,05-08-2023
lazada,white shoes,www.lazada.sg/products/nike-womens-ebernon-low-shoes-white-i2487303678.html,Nike Women's Ebernon Low Shoes - White,3,05-08-2023
lazada,white shoes,www.lazada.sg/products/adidas-tensaur-run-20-younger-kids-school-shoes-white-gz3442-i2752525362.html,Adidas Tensaur Run 2.0 - Younger Kids' School Shoes (White) GZ3442,3,05-08-2023
lazada,white shoes,www.lazada.sg/products/nike-mens-court-vision-shoes-white-i2731374127.html,Nike Men's Court Vision Shoes - White,3,05-08-2023
lazada,white shoes,www.lazada.sg/products/nike-mens-air-pegasus-83-shoes-white-i2650032884.html,Nike Men's Air Pegasus 83 Shoes - White,3,05-08-2023
lazada,white shoes,www.lazada.sg/products/nike-womens-tanjun-shoes-white-i2650065681.html,Nike Women's Tanjun Shoes - White,3,05-08-2023
lazada,white shoes,www.lazada.sg/products/superga-2750-in-white-i783658189.html,Superga 2750 in White,3,05-08-2023
lazada,white shoes,www.lazada.sg/products/bata-north-star-unisex-school-shoes-889x031-i1783975812.html,BATA NORTH STAR Unisex School Shoes 889X031,3,05-08-2023
lazada,white shoes,www.lazada.sg/products/nike-womens-court-legacy-canvas-shoes-white-i2682965643.html,Nike Women's Court Legacy Canvas Shoes - White,3,05-08-2023
lazada,white shoes,www.lazada.sg/products/new-balance-680-v6-uniform-wide-kids-school-shoes-white-yu680ww-i2367729674.html,New Balance 680 V6 Uniform (Wide) - Kids School Shoes (White) YU680WW,3,05-08-2023
lazada,white shoes,www.lazada.sg/products/nike-womens-court-royale-2-next-nature-shoes-white-i2653244489.html,Nike Women's Court Royale 2 Next Nature Shoes - White,3,05-08-2023
lazada,white shoes,www.lazada.sg/products/nike-womens-court-vision-low-next-nature-shoes-white-i2682979506.html,Nike Women's Court Vision Low Next Nature Shoes - White,3,05-08-2023
lazada,white shoes,www.lazada.sg/products/nike-mens-air-max-sc-shoes-white-i2715885096.html,Nike Men's Air Max SC Shoes - White,3,05-08-2023
lazada,white shoes,www.lazada.sg/products/adidas-running-eq19-run-shoes-men-white-h68091-i2418396377.html,adidas Running EQ19 Run Shoes Men White H68091,3,05-08-2023
lazada,white shoes,www.lazada.sg/products/nike-kids-omni-multi-court-big-kids-indoor-court-summit-white-i2653237512.html,Nike Kids' Omni Multi-Court Big Kids Indoor Court  - Summit White,3,05-08-2023
lazada,white shoes,www.lazada.sg/products/nike-womens-court-vision-low-shoes-white-i2715844316.html,Nike Women's Court Vision Low Shoes - White,3,05-08-2023
lazada,white shoes,www.lazada.sg/products/converse-chuck-taylor-all-star-shoreline-slip-womens-sneakers-white-i2613359714.html,Converse Chuck Taylor All Star Shoreline Slip Women's Sneakers - White,3,05-08-2023
lazada,white shoes,www.lazada.sg/products/nike-womens-air-max-sc-shoes-white-i2731299698.html,Nike Women's Air Max SC Shoes - White,3,05-08-2023
lazada,white shoes,www.lazada.sg/products/on-men-the-roger-clubhouse-all-day-wear-shoes-white-sand-i2461902433.html,ON Men The Roger Clubhouse All-day wear Shoes - White / Sand,3,05-08-2023
lazada,white shoes,www.lazada.sg/products/bata-north-star-unisex-school-shoes-581x046-i1781205249.html,BATA NORTH STAR Unisex School Shoes 581X046,3,05-08-2023
lazada,white shoes,www.lazada.sg/products/craft-ctm-ultra-2-m-ash-whitglxy-1912181-895350-i2749366157.html,CRAFT CTM ULTRA 2 M ASH WHIT/GLXY  1912181-895350,3,05-08-2023
lazada,white shoes,www.lazada.sg/products/bata-bfirst-kids-school-shoes-381x056-i1773713841.html,BATA B.FIRST Kids School Shoes 381X056,3,05-08-2023
lazada,white shoes,www.lazada.sg/products/bata-junior-white-bfirst-lace-up-school-shoes-581x177-i1783992862.html,BATA Junior White B.First Lace Up School Shoes 581X177,3,05-08-2023
lazada,white shoes,www.lazada.sg/products/bata-junior-white-bfirst-lace-up-school-shoes-581x177-i1783992862.html,BATA Junior White B.First Lace Up School Shoes 581X177,4,05-08-2023
lazada,white shoes,www.lazada.sg/products/bata-bfirst-kids-school-shoes-381x056-i1773713841.html,BATA B.FIRST Kids School Shoes 381X056,4,05-08-2023
lazada,white shoes,www.lazada.sg/products/bata-men-white-black-northstar-sneakers-820x003-i2017907539.html,BATA Men White / Black Northstar Sneakers 820X003,4,05-08-2023
lazada,white shoes,www.lazada.sg/products/nike-mens-court-legacy-shoes-white-i2388577615.html,Nike Men's Court Legacy Shoes - White,4,05-08-2023
lazada,white shoes,www.lazada.sg/products/bata-men-white-power-trainers-808x199-i1780951444.html,BATA Men White Power Trainers 808X199,4,05-08-2023
lazada,white shoes,www.lazada.sg/products/bata-north-star-unisex-school-shoes-581x046-i1781205249.html,BATA NORTH STAR Unisex School Shoes 581X046,4,05-08-2023
lazada,white shoes,www.lazada.sg/products/asics-unisex-classic-ct-slip-on-sportstyle-shoes-in-whitewhite-i2631134335.html,ASICS Unisex CLASSIC CT SLIP-ON Sportstyle Shoes in White/White,4,05-08-2023
lazada,white shoes,www.lazada.sg/products/asics-men-gel-contend-sl-running-shoes-in-whitewhite-i2580276583.html,ASICS Men GEL-CONTEND SL Running Shoes in White/White,4,05-08-2023
lazada,white shoes,www.lazada.sg/products/nike-mens-court-vision-low-next-nature-shoes-white-i2715860198.html,Nike Men's Court Vision Low Next Nature Shoes - White,4,05-08-2023
lazada,white shoes,www.lazada.sg/products/new-balance-680-v6-uniform-wide-kids-school-shoes-white-yu680ww-i2367729674.html,New Balance 680 V6 Uniform (Wide) - Kids School Shoes (White) YU680WW,4,05-08-2023
lazada,white shoes,www.lazada.sg/products/nike-womens-court-royale-2-next-nature-shoes-white-i2653244489.html,Nike Women's Court Royale 2 Next Nature Shoes - White,4,05-08-2023
lazada,white shoes,www.lazada.sg/products/nike-mens-air-max-axis-shoes-white-i2487340471.html,Nike Men's Air Max Axis Shoes - White,4,05-08-2023
lazada,white shoes,www.lazada.sg/products/nike-mens-court-vision-low-next-nature-shoes-white-i1889728591.html,Nike Men's Court Vision Low Next Nature Shoes - White,4,05-08-2023
lazada,white shoes,www.lazada.sg/products/nike-womens-revolution-6-next-nature-road-running-shoes-white-i2308687645.html,Nike Women's Revolution 6 Next Nature Road Running Shoes - White,4,05-08-2023
lazada,white shoes,www.lazada.sg/products/converse-chuck-taylor-all-star-ox-unisex-sneakers-optical-white-i2613435444.html,Converse Chuck Taylor All Star Ox Unisex Sneakers - Optical White,4,05-08-2023
lazada,white shoes,www.lazada.sg/products/asics-women-gel-contend-sl-running-shoes-in-whitewhite-i2580291735.html,ASICS Women GEL-CONTEND SL Running Shoes in White/White,4,05-08-2023
lazada,white shoes,www.lazada.sg/products/bata-north-star-unisex-school-shoes-889x031-i1783975812.html,BATA NORTH STAR Unisex School Shoes 889X031,4,05-08-2023
lazada,white shoes,www.lazada.sg/products/bata-bfirst-unisex-school-shoes-381x041-i1773810335.html,BATA B.FIRST Unisex School Shoes 381X041,4,05-08-2023
lazada,white shoes,www.lazada.sg/products/nike-kids-court-borough-low-2-babytoddler-shoes-white-i2650145102.html,Nike Kids' Court Borough Low 2 Baby/Toddler Shoes - White,4,05-08-2023
lazada,white shoes,www.lazada.sg/products/bata-kids-white-bfirst-velcro-school-shoes-381x188-i1773791377.html,BATA Kids White B.First Velcro School Shoes 381X188,4,05-08-2023
lazada,white shoes,www.lazada.sg/products/bata-men-white-black-northstar-cupped-sole-sneakers-820x006-i2151310365.html,BATA Men White / Black Northstar Cupped Sole Sneakers 820X006,4,05-08-2023
lazada,white shoes,www.lazada.sg/products/vans-authentic-unisex-sneakers-women-unisex-us-size-white-vn000ee3w001-i1634443852.html,Vans Authentic Unisex Sneakers Women (Unisex US Size) White VN000EE3W001,4,05-08-2023
lazada,white shoes,www.lazada.sg/products/nike-mens-run-swift-3-running-shoes-white-i2653242489.html,Nike Men's Run Swift 3 Running Shoes - White,4,05-08-2023
lazada,white shoes,www.lazada.sg/products/converse-jack-purcell-ox-mens-sneakers-shoes-white-i2613366941.html,Converse Jack Purcell Ox Men's Sneakers Shoes - White,4,05-08-2023
lazada,white shoes,www.lazada.sg/products/nike-kids-flex-runner-2-little-kids-shoes-white-i2810994150.html,Nike Kids' Flex Runner 2 Little Kids Shoes - White,4,05-08-2023
lazada,white shoes,www.lazada.sg/products/vans-kids-garden-party-classic-slip-on-sneakers-kids-us-size-white-vn0a5kxmw001-i2628728780.html,Vans Kids Garden Party Classic Slip-On Sneakers kids (US Size) WHITE VN0A5KXMW001,4,05-08-2023
lazada,white shoes,www.lazada.sg/products/asics-contend-8-ps-younger-kids-school-shoes-white-1014a258-100-i2614918746.html,Asics Contend 8 (PS) Younger Kids' School Shoes (White) 1014A258-100,4,05-08-2023
lazada,white shoes,www.lazada.sg/products/nike-mens-air-max-sc-shoes-white-i2480626140.html,Nike Men's AIR Max SC Shoes  - White,4,05-08-2023
lazada,white shoes,www.lazada.sg/products/nike-womens-court-vision-low-next-nature-shoes-white-i1945100861.html,Nike Women's Court Vision Low Next Nature Shoes - White,4,05-08-2023
lazada,white shoes,www.lazada.sg/products/bata-kids-white-bfirst-lace-up-school-shoes-381x177-i1773764512.html,BATA Kids White B.First Lace Up School Shoes 381X177,4,05-08-2023
lazada,white shoes,www.lazada.sg/products/nike-womens-court-legacy-lift-shoes-white-i2650122245.html,Nike Women's Court Legacy Lift Shoes - White,4,05-08-2023
lazada,white shoes,www.lazada.sg/products/vans-era-unisex-sneakers-men-unisex-us-size-white-vn000ewzw001-i1634549266.html,Vans Era Unisex Sneakers Men (Unisex US Size) White VN000EWZW001,4,05-08-2023
lazada,white shoes,www.lazada.sg/products/asics-men-classic-ct-sportstyle-shoes-in-whitewhite-i2751299512.html,ASICS Men CLASSIC CT Sportstyle Shoes in White/White,4,05-08-2023
lazada,white shoes,www.lazada.sg/products/asics-unisex-extla-ct-4e-sportstyle-shoes-in-whitemidnight-i2513538206.html,ASICS Unisex EXTLA CT (4E) Sportstyle Shoes in White/Midnight,4,05-08-2023
lazada,white shoes,www.lazada.sg/products/asics-men-jog-100t-4e-sportstyle-shoes-in-whitewhite-i2474493903.html,ASICS Men JOG 100T (4E) Sportstyle Shoes in White/White,4,05-08-2023
lazada,white shoes,www.lazada.sg/products/nike-mens-court-vision-low-next-nature-shoes-white-i1945159587.html,Nike Men's Court Vision Low Next Nature Shoes - White,4,05-08-2023
lazada,white shoes,www.lazada.sg/products/vans-old-skool-unisex-sneakers-men-unisex-us-size-white-vn000d3hw001-i1634548358.html,Vans Old Skool Unisex Sneakers Men (Unisex US Size) White VN000D3HW001,4,05-08-2023
lazada,white shoes,www.lazada.sg/products/nike-womens-flex-experience-run-11-next-nature-road-running-shoes-white-i2480560527.html,Nike Women's Flex Experience Run 11 Next Nature Road Running Shoes - White,4,05-08-2023
lazada,white shoes,www.lazada.sg/products/puma-carina-l-youth-shoes-i1869519174.html,PUMA Carina L Youth Shoes,4,05-08-2023
lazada,white shoes,www.lazada.sg/products/nike-mens-venture-runner-shoes-summit-white-i2650105359.html,Nike Men's Venture Runner Shoes - Summit White,4,05-08-2023
lazada,white shoes,www.lazada.sg/products/skechers-boys-dynamight-day-school-shoes-97772l-wht-i1812040767.html,Skechers Boys Dynamight Day School Shoes - 97772L-WHT,5,05-08-2023
lazada,white shoes,www.lazada.sg/products/nike-womens-court-royale-shoes-white-i2367258349.html,Nike Women's Court Royale Shoes - White,5,05-08-2023
lazada,white shoes,www.lazada.sg/products/nike-mens-court-vision-low-next-nature-shoes-white-i1889728591.html,Nike Men's Court Vision Low Next Nature Shoes - White,5,05-08-2023
lazada,white shoes,www.lazada.sg/products/nike-womens-revolution-6-next-nature-road-running-shoes-white-i2308687645.html,Nike Women's Revolution 6 Next Nature Road Running Shoes - White,5,05-08-2023
lazada,white shoes,www.lazada.sg/products/nike-womens-court-vision-low-next-nature-shoes-white-i1945100861.html,Nike Women's Court Vision Low Next Nature Shoes - White,5,05-08-2023
lazada,white shoes,www.lazada.sg/products/under-armour-ua-assert-8-uniform-ac-psv-younger-kids-school-shoes-white-3022698-100-i2601070867.html,Under Armour UA Assert 8 Uniform AC (PSV) - Younger Kids School Shoes (White) 3022698-100,5,05-08-2023
lazada,white shoes,www.lazada.sg/products/adidas-running-duramo-sl-shoes-men-white-fw7391-i953586159.html,adidas Running Duramo SL Shoes Men White FW7391,5,05-08-2023
lazada,white shoes,www.lazada.sg/products/adidas-tensaur-run-20-younger-kids-school-shoes-white-gz3442-i2752525362.html,Adidas Tensaur Run 2.0 - Younger Kids' School Shoes (White) GZ3442,5,05-08-2023
lazada,white shoes,www.lazada.sg/products/nike-womens-ebernon-low-shoes-white-i2487303678.html,Nike Women's Ebernon Low Shoes - White,5,05-08-2023
lazada,white shoes,www.lazada.sg/products/nike-kids-pico-5-younger-kids-shoes-white-i1737542190.html,Nike Kids' Pico 5 Younger Kid's Shoes - White,5,05-08-2023
lazada,white shoes,www.lazada.sg/products/puma-cilia-mode-womens-shoes-i1116808723.html,PUMA Cilia Mode Women's Shoes,5,05-08-2023
lazada,white shoes,www.lazada.sg/products/nike-womens-tanjun-shoes-white-i2650065681.html,Nike Women's Tanjun Shoes - White,5,05-08-2023
lazada,white shoes,www.lazada.sg/products/nike-womens-gamma-force-shoes-white-i2715860196.html,Nike Women's Gamma Force Shoes - White,5,05-08-2023
lazada,white shoes,www.lazada.sg/products/nike-womens-court-legacy-canvas-shoes-white-i2682965643.html,Nike Women's Court Legacy Canvas Shoes - White,5,05-08-2023
lazada,white shoes,www.lazada.sg/products/nike-kids-court-borough-low-2-big-kids-shoes-white-i2695114417.html,Nike Kids' Court Borough Low 2 Big Kids Shoes - White,5,05-08-2023
lazada,white shoes,www.lazada.sg/products/nike-mens-court-vision-shoes-white-i2731374127.html,Nike Men's Court Vision Shoes - White,5,05-08-2023
lazada,white shoes,www.lazada.sg/products/craft-ctm-ultra-2-m-ash-whitglxy-1912181-895350-i2749366157.html,CRAFT CTM ULTRA 2 M ASH WHIT/GLXY  1912181-895350,5,05-08-2023
lazada,white shoes,www.lazada.sg/products/nike-mens-air-pegasus-83-shoes-white-i2650032884.html,Nike Men's Air Pegasus 83 Shoes - White,5,05-08-2023
lazada,white shoes,www.lazada.sg/products/nike-mens-flex-control-4-training-shoes-white-i2817101618.html,Nike Men's Flex Control 4 Training Shoes - White,5,05-08-2023
lazada,white shoes,www.lazada.sg/products/nike-mens-air-max-2017-shoes-white-i2614842669.html,Nike Men's Air Max 2017 Shoes - White,5,05-08-2023
lazada,white shoes,www.lazada.sg/products/adidas-running-eq19-run-shoes-men-white-h68091-i2418396377.html,adidas Running EQ19 Run Shoes Men White H68091,5,05-08-2023
lazada,white shoes,www.lazada.sg/products/nike-kids-omni-multi-court-big-kids-indoor-court-summit-white-i2653237512.html,Nike Kids' Omni Multi-Court Big Kids Indoor Court  - Summit White,5,05-08-2023
lazada,white shoes,www.lazada.sg/products/converse-chuck-taylor-all-star-shoreline-slip-womens-sneakers-white-i2613359714.html,Converse Chuck Taylor All Star Shoreline Slip Women's Sneakers - White,5,05-08-2023
lazada,white shoes,www.lazada.sg/products/nike-mens-air-max-sc-shoes-white-i2682968591.html,Nike Men's Air Max SC Shoes - White,5,05-08-2023
lazada,white shoes,www.lazada.sg/products/nike-kids-court-borough-low-2-big-kids-shoes-white-i2695146107.html,Nike Kids' Court Borough Low 2 Big Kids Shoes - White,5,05-08-2023
lazada,white shoes,www.lazada.sg/products/nike-mens-air-max-sc-shoes-white-i2715885096.html,Nike Men's Air Max SC Shoes - White,5,05-08-2023
lazada,white shoes,www.lazada.sg/products/nike-womens-waffle-one-shoes-white-i2650076620.html,Nike Women's Waffle One Shoes - White,5,05-08-2023
lazada,white shoes,www.lazada.sg/products/nike-womens-air-max-sc-shoes-white-i2731299698.html,Nike Women's Air Max SC Shoes - White,5,05-08-2023
lazada,white shoes,www.lazada.sg/products/nike-womens-court-vision-low-shoes-white-i2715844316.html,Nike Women's Court Vision Low Shoes - White,5,05-08-2023
lazada,white shoes,www.lazada.sg/products/nike-womens-court-vision-low-next-nature-shoes-white-i2682979506.html,Nike Women's Court Vision Low Next Nature Shoes - White,5,05-08-2023
lazada,white shoes,www.lazada.sg/products/adidas-running-duramo-9-shoes-men-white-eg8665-i1996246852.html,adidas Running Duramo 9 Shoes Men White EG8665,5,05-08-2023
lazada,white shoes,www.lazada.sg/products/nike-mens-air-max-alpha-trainer-5-training-shoes-white-i2715888030.html,Nike Men's Air Max Alpha Trainer 5 Training Shoes - White,5,05-08-2023
lazada,white shoes,www.lazada.sg/products/adidas-running-run-falcon-20-shoes-women-white-fy9621-i1859749034.html,adidas Running Run Falcon 2.0 Shoes Women White FY9621,5,05-08-2023
lazada,white shoes,www.lazada.sg/products/nike-womens-downshifter-12-premium-road-running-shoes-white-i2763476986.html,Nike Women's Downshifter 12 Premium Road Running Shoes - White,5,05-08-2023
lazada,white shoes,www.lazada.sg/products/adidas-running-energyfalcon-shoes-men-white-fw2382-i1035442190.html,adidas Running Energyfalcon Shoes Men White FW2382,5,05-08-2023
lazada,white shoes,www.lazada.sg/products/asics-contend-8-gs-older-kids-running-school-shoes-white-1014a259-100-i2596555097.html,Asics Contend 8 GS - Older Kids Running School Shoes (White) 1014A259-100,5,05-08-2023
lazada,white shoes,www.lazada.sg/products/on-men-the-roger-advantage-sneakers-white-midnight-i2777288667.html,ON Men The Roger Advantage Sneakers - White / Midnight,5,05-08-2023
lazada,white shoes,www.lazada.sg/products/on-men-the-roger-clubhouse-all-day-wear-shoes-white-sand-i2461902433.html,ON Men The Roger Clubhouse All-day wear Shoes - White / Sand,5,05-08-2023
lazada,white shoes,www.lazada.sg/products/nike-mens-ebernon-low-shoes-white-i2203532891.html,Nike Men's Ebernon Low Shoes - White,5,05-08-2023
lazada,white shoes,www.lazada.sg/products/superga-2750-in-white-i783658189.html,Superga 2750 in White,5,05-08-2023
