//www.lazada.sg/products/nike-mens-phantom-gx-club-soccer-shoes-black-i2763616180.html,Nike Men's Phantom GX Club Soccer Shoes - Black,1,05-08-2023
//www.lazada.sg/products/nike-mens-zoom-mercurial-vpr-15-academy-mg-multi-ground-soccer-cleats-pink-blast-i2763613211.html,Nike Men's Zoom Mercurial Vpr 15 Academy MG Multi-Ground Soccer Cleats - Pink Blast,1,05-08-2023
//www.lazada.sg/products/nike-mens-phantom-gx-club-football-turf-shoes-baltic-blue-i2653192772.html,Nike Men's Phantom GX Club Football Turf Shoes - Baltic Blue,1,05-08-2023
//www.lazada.sg/products/puma-unisex-king-top-fg-football-boots-i1117608614.html,PUMA Unisex KING Top FG Football Boots,1,05-08-2023
//www.lazada.sg/products/puma-ultra-match-tt-football-boots-men-orange-i2752650187.html,PUMA Ultra Match TT Football Boots Men (Orange).,1,05-08-2023
//www.lazada.sg/products/puma-unisex-king-pro-21-fg-soccer-cleats-gray-i2752503710.html,PUMA Unisex King Pro 21 FG Soccer Cleats (Gray).,1,05-08-2023
//www.lazada.sg/products/puma-unisex-ultra-play-tt-football-boots-youth-yellow-i2752609788.html,PUMA Unisex Ultra Play TT Football Boots Youth (Yellow).,1,05-08-2023
//www.lazada.sg/products/puma-king-ultimate-fgag-mens-football-boots-black-i2772455612.html,PUMA KING ULTIMATE FG/AG Men's Football Boots (Black).,1,05-08-2023
//www.lazada.sg/products/puma-king-ultimate-fgag-mens-football-boots-white-i2704385032.html,PUMA KING ULTIMATE FG/AG Men's Football Boots (White).,1,05-08-2023
//www.lazada.sg/products/new-puma-ultra-match-fgag-mens-football-boots-white-i2836616398.html,[NEW] PUMA ULTRA MATCH FG/AG Men's Football Boots (White),1,05-08-2023
//www.lazada.sg/products/adidas-football-predator-accuracy3-laceless-firm-ground-boots-unisex-orange-gw4595-i2757696368.html,adidas Football Predator Accuracy.3 Laceless Firm Ground Boots Unisex Orange GW4595,1,05-08-2023
//www.lazada.sg/products/new-puma-ultra-ultimate-fgag-mens-football-boots-white-i2832373044.html,[NEW] PUMA ULTRA ULTIMATE FG/AG Men's Football Boots (White),1,05-08-2023
//www.lazada.sg/products/new-puma-unisex-future-match-fgag-youth-football-boots-white-i2836599810.html,[NEW] PUMA Unisex FUTURE MATCH FG/AG Youth Football Boots (White),1,05-08-2023
//www.lazada.sg/products/puma-ultra-ultimate-fgag-mens-football-boots-green-i2739370948.html,PUMA ULTRA ULTIMATE FG/AG Men's Football Boots (Green).,1,05-08-2023
//www.lazada.sg/products/new-puma-unisex-future-play-it-youth-football-boots-white-i2836704155.html,[NEW] PUMA Unisex FUTURE PLAY IT Youth Football Boots (White),1,05-08-2023
//www.lazada.sg/products/puma-king-platinum-21-vgn-fgag-mens-soccer-cleats-yellow-i2752615207.html,PUMA King Platinum 21 VGN FG/AG Men's Soccer Cleats (Yellow).,1,05-08-2023
//www.lazada.sg/products/adidas-football-predator-accuracy3-firm-ground-boots-unisex-orange-gw4591-i2756620897.html,adidas Football Predator Accuracy.3 Firm Ground Boots Unisex Orange GW4591,1,05-08-2023
//www.lazada.sg/products/new-puma-ultra-play-it-mens-football-boots-white-i2836695197.html,[NEW] PUMA ULTRA PLAY IT Men's Football Boots (White),1,05-08-2023
//www.lazada.sg/products/mizuno-wave-light-revo-boots-11gp222100-i2851531626.html,Mizuno Wave Light Revo Boots 11GP222100,1,05-08-2023
//www.lazada.sg/products/puma-future-ultimate-fgag-mens-football-boots-yellow-i2739545130.html,PUMA FUTURE ULTIMATE FG/AG Men's Football Boots (Yellow).,1,05-08-2023
//www.lazada.sg/products/adidas-football-x-speedportal1-firm-ground-boots-unisex-pink-gz5108-i2756871168.html,adidas Football X Speedportal.1 Firm Ground Boots Unisex Pink GZ5108,1,05-08-2023
//www.lazada.sg/products/adidas-football-predator-accuracy3-low-firm-ground-boots-unisex-orange-gw4601-i2757623431.html,adidas Football Predator Accuracy.3 Low Firm Ground Boots Unisex Orange GW4601,1,05-08-2023
//www.lazada.sg/products/adidas-football-predator-accuracy1-low-firm-ground-boots-unisex-black-gw4577-i2756635911.html,adidas Football Predator Accuracy.1 Low Firm Ground Boots Unisex Black GW4577,1,05-08-2023
//www.lazada.sg/products/nike-mens-mercurial-vpr-15-club-tf-turf-soccer-shoes-black-i2763498936.html,Nike Men's Mercurial Vpr 15 Club TF Turf Soccer Shoes - Black,1,05-08-2023
//www.lazada.sg/products/under-armour-ua-unisex-clone-magnetico-premier-2-fg-soccer-cleats-i2671600568.html,Under Armour UA Unisex Clone Magnetico Premier 2 FG Soccer Cleats,1,05-08-2023
//www.lazada.sg/products/under-armour-ua-unisex-clone-magnetico-premier-2-fg-soccer-cleats-i2671649274.html,Under Armour UA Unisex Clone Magnetico Premier 2 FG Soccer Cleats,1,05-08-2023
//www.lazada.sg/products/puma-rapido-iii-fgag-mens-football-boots-blue-i2752555516.html,PUMA Rapido III FG/AG Men's Football Boots (Blue).,1,05-08-2023
//www.lazada.sg/products/youth-adidas-manchester-united-201920-ss-3rd-shirt-jersey-football-black-dx8940-i1156612098.html,Youth Adidas Manchester United 2019/20 SS 3rd Shirt Jersey - Football (Black) DX8940,1,05-08-2023
//www.lazada.sg/products/nike-kids-revolution-5-older-kids-running-shoe-football-grey-i1625252786.html,Nike Kids Revolution 5 Older Kids' Running Shoe - Football Grey,1,05-08-2023
//www.lazada.sg/products/new-puma-manchester-city-2324-home-jersey-youth-i2786985656.html,[NEW] PUMA Manchester City 23/24 Home Jersey Youth.,1,05-08-2023
//www.lazada.sg/products/grand-sport-kids-football-jersey-jr-junior-9-colours-011-472-i2547423054.html,Grand Sport Kids Football Jersey JR - Junior  (9 Colours) 011-472,1,05-08-2023
//www.lazada.sg/products/grand-sport-kids-football-jersey-jr-junior-5-colours-011-481-i2547300354.html,Grand Sport Kids Football Jersey JR - Junior (5 Colours) 011-481,1,05-08-2023
//www.lazada.sg/products/umbro-club-jersey-adult-tee-men-football-top-whiteblacknavy-64501u-002-64501u-060-64501u-era-i2693593871.html,Umbro Club Jersey Adult Tee - Men Football Top (White/Black/Navy) 64501U-002 64501U-060 64501U-ERA,1,05-08-2023
//www.lazada.sg/products/adidas-estro-19-youth-i2428492247.html,ADIDAS ESTRO 19 YOUTH,1,05-08-2023
//www.lazada.sg/products/puma-unisex-teamgoal-football-kids-jersey-i2610795519.html,PUMA Unisex teamGOAL Football Kids' Jersey,1,05-08-2023
//www.lazada.sg/products/enchen-unisex-arm-sleeves-uv-protection-ice-silk-arm-sleeves-cycling-golf-hiking-camping-basketball-football-badminton-outdoor-sport-anti-uv-arm-sleeves-i2785030518.html,ENCHEN Unisex Arm Sleeves UV Protection Ice Silk Arm Sleeves Cycling Golf Hiking Camping Basketball Football Badminton Outdoor Sport Anti UV Arm Sleeves,1,05-08-2023
//www.lazada.sg/products/adidas-football-aeroready-sereno-logo-tee-men-black-h28926-i2597418890.html,adidas Football AEROREADY Sereno Logo Tee Men Black H28926,1,05-08-2023
//www.lazada.sg/products/puma-unisex-manchester-city-fc-home-2223-youth-jersey-i2346896387.html,PUMA Unisex Manchester City F.C. Home 22/23 Youth Jersey,1,05-08-2023
//www.lazada.sg/products/germany-2020-home-women-eh6102-i1717478999.html,GERMANY 2020 HOME WOMEN - EH6102,1,05-08-2023
//www.lazada.sg/products/grand-sport-adult-football-jersey-men-top-4-colours-011-472-4000-011-472-3000-011-472-2000-011-472-0100-i2529195023.html,Grand Sport Adult Football Jersey -  Men Top (4 Colours) 011-472-4000 / 011-472-3000 / 011-472-2000 / 011-472-0100,1,05-08-2023
//www.lazada.sg/products/nike-mens-mercurial-vpr-15-club-tf-turf-soccer-shoes-black-i2763498936.html,Nike Men's Mercurial Vpr 15 Club TF Turf Soccer Shoes - Black,2,05-08-2023
//www.lazada.sg/products/nike-mens-phantom-gx-club-soccer-shoes-black-i2763616180.html,Nike Men's Phantom GX Club Soccer Shoes - Black,2,05-08-2023
//www.lazada.sg/products/nike-mens-zoom-mercurial-vpr-15-academy-mg-multi-ground-soccer-cleats-pink-blast-i2763613211.html,Nike Men's Zoom Mercurial Vpr 15 Academy MG Multi-Ground Soccer Cleats - Pink Blast,2,05-08-2023
//www.lazada.sg/products/puma-unisex-king-top-fg-football-boots-i1117608614.html,PUMA Unisex KING Top FG Football Boots,2,05-08-2023
//www.lazada.sg/products/nike-mens-phantom-gx-club-football-turf-shoes-baltic-blue-i2653192772.html,Nike Men's Phantom GX Club Football Turf Shoes - Baltic Blue,2,05-08-2023
//www.lazada.sg/products/adidas-football-predator-accuracy3-laceless-firm-ground-boots-unisex-orange-gw4595-i2757696368.html,adidas Football Predator Accuracy.3 Laceless Firm Ground Boots Unisex Orange GW4595,2,05-08-2023
//www.lazada.sg/products/puma-ultra-match-tt-football-boots-men-orange-i2752650187.html,PUMA Ultra Match TT Football Boots Men (Orange).,2,05-08-2023
//www.lazada.sg/products/puma-king-ultimate-fgag-mens-football-boots-white-i2704385032.html,PUMA KING ULTIMATE FG/AG Men's Football Boots (White).,2,05-08-2023
//www.lazada.sg/products/mizuno-wave-light-revo-boots-11gp222100-i2851531626.html,Mizuno Wave Light Revo Boots 11GP222100,2,05-08-2023
//www.lazada.sg/products/puma-unisex-king-pro-21-fg-soccer-cleats-gray-i2752503710.html,PUMA Unisex King Pro 21 FG Soccer Cleats (Gray).,2,05-08-2023
//www.lazada.sg/products/puma-unisex-ultra-play-tt-football-boots-youth-yellow-i2752609788.html,PUMA Unisex Ultra Play TT Football Boots Youth (Yellow).,2,05-08-2023
//www.lazada.sg/products/new-puma-ultra-match-fgag-mens-football-boots-white-i2836616398.html,[NEW] PUMA ULTRA MATCH FG/AG Men's Football Boots (White),2,05-08-2023
//www.lazada.sg/products/new-puma-unisex-future-match-fgag-youth-football-boots-white-i2836599810.html,[NEW] PUMA Unisex FUTURE MATCH FG/AG Youth Football Boots (White),2,05-08-2023
//www.lazada.sg/products/puma-king-ultimate-fgag-mens-football-boots-black-i2772455612.html,PUMA KING ULTIMATE FG/AG Men's Football Boots (Black).,2,05-08-2023
//www.lazada.sg/products/new-puma-ultra-ultimate-fgag-mens-football-boots-white-i2832373044.html,[NEW] PUMA ULTRA ULTIMATE FG/AG Men's Football Boots (White),2,05-08-2023
//www.lazada.sg/products/adidas-football-predator-accuracy1-low-firm-ground-boots-unisex-black-gw4577-i2756635911.html,adidas Football Predator Accuracy.1 Low Firm Ground Boots Unisex Black GW4577,2,05-08-2023
//www.lazada.sg/products/new-puma-ultra-play-it-mens-football-boots-white-i2836695197.html,[NEW] PUMA ULTRA PLAY IT Men's Football Boots (White),2,05-08-2023
//www.lazada.sg/products/puma-king-platinum-21-vgn-fgag-mens-soccer-cleats-yellow-i2752615207.html,PUMA King Platinum 21 VGN FG/AG Men's Soccer Cleats (Yellow).,2,05-08-2023
//www.lazada.sg/products/puma-ultra-ultimate-fgag-mens-football-boots-green-i2739370948.html,PUMA ULTRA ULTIMATE FG/AG Men's Football Boots (Green).,2,05-08-2023
//www.lazada.sg/products/new-puma-unisex-future-play-it-youth-football-boots-white-i2836704155.html,[NEW] PUMA Unisex FUTURE PLAY IT Youth Football Boots (White),2,05-08-2023
//www.lazada.sg/products/puma-future-ultimate-fgag-mens-football-boots-yellow-i2739545130.html,PUMA FUTURE ULTIMATE FG/AG Men's Football Boots (Yellow).,2,05-08-2023
//www.lazada.sg/products/under-armour-ua-unisex-clone-magnetico-premier-2-fg-soccer-cleats-i2671649274.html,Under Armour UA Unisex Clone Magnetico Premier 2 FG Soccer Cleats,2,05-08-2023
//www.lazada.sg/products/under-armour-ua-unisex-clone-magnetico-premier-2-fg-soccer-cleats-i2671600568.html,Under Armour UA Unisex Clone Magnetico Premier 2 FG Soccer Cleats,2,05-08-2023
//www.lazada.sg/products/puma-rapido-iii-fgag-mens-football-boots-blue-i2752555516.html,PUMA Rapido III FG/AG Men's Football Boots (Blue).,2,05-08-2023
//www.lazada.sg/products/sg-fast-delivery-with-pocket-high-waist-fitness-yoga-pants-women-sport-pants-quick-drying-compression-leggings-for-running-sports-i2754743265.html,üööSG Fast Deliveryüì¶ With Pocket High Waist Fitness Yoga Pants Women Sport Pants Quick-Drying Compression Leggings for Running Sports Áëú‰ºΩË£§ ËøêÂä®Ë£§,2,05-08-2023
//www.lazada.sg/products/low-price-clearance-seeker-women-ice-silk-no-steel-ring-seamless-gather-bra-sleep-yoga-sports-vest-underwear-i2430208501.html,üööLow price clearanceüì¶ Seeker Women Ice Silk No Steel Ring Seamless Gather Bra Sleep Yoga Sports Vest Underwear,2,05-08-2023
//www.lazada.sg/products/low-price-clearancesexy-bra-slim-strap-seamless-tube-top-running-yoga-sports-bra-soft-wear-beauty-back-bra-with-removable-pads-i2429691792.html,üööLow price clearanceüì¶Sexy Bra Slim Strap Seamless Tube Top Running Yoga Sports Bra Soft Wear Beauty Back Bra with Removable Pads Êó†Èí¢ÂúàËÉåÂøÉËøêÂä®ÂÜÖË°£,2,05-08-2023
//www.lazada.sg/products/enchen-anti-uv-sports-arm-sleeves-cool-ice-silk-arm-slleeves-outdoor-camping-cycling-sport-uv-protection-arm-sleeves-outdoor-cover-guard-hand-socks-i2784335804.html,ENCHEN Anti-UV Sports Arm Sleeves Cool Ice Silk Arm Slleeves Outdoor Camping Cycling Sport UV Protection Arm Sleeves Outdoor Cover Guard Hand Socks,2,05-08-2023
//www.lazada.sg/products/youth-adidas-manchester-united-201920-ss-3rd-shirt-jersey-football-black-dx8940-i1156612098.html,Youth Adidas Manchester United 2019/20 SS 3rd Shirt Jersey - Football (Black) DX8940,2,05-08-2023
//www.lazada.sg/products/sg-fast-delivery-women-yoga-suit-fitness-set-quickly-dry-sportswear-quick-drying-sports-brawith-pocket-high-waist-fitness-yoga-pantsshockproof-running-fitness-suspender-beautiful-back-bra-sports-vest-yoga-suit-for-external-wear-i2795124468.html,"üööSG Fast Deliveryüì¶ Women Yoga Suit Fitness Set Quickly Dry Sportswear Quick drying sports bra,With Pocket High Waist Fitness Yoga Pants,shockproof running, fitness suspender, beautiful back bra, sports vest, yoga suit for external wear",2,05-08-2023
//www.lazada.sg/products/montbell-hat-clip-unisex-i341832377.html,Montbell Hat Clip Unisex,2,05-08-2023
//www.lazada.sg/products/adidas-milano-16-football-socks-blackwhiteredblueyellow-aj5904-aj5905-aj5906-aj5907-aj5909-i2125281685.html,Adidas Milano 16 Football Socks - (Black/White/Red/Blue/Yellow) AJ5904 / AJ5905 / AJ5906 / AJ5907 / AJ5909,2,05-08-2023
//www.lazada.sg/products/enchen-unisex-arm-sleeves-uv-protection-ice-silk-arm-sleeves-cycling-golf-hiking-camping-basketball-football-badminton-outdoor-sport-anti-uv-arm-sleeves-i2785030518.html,ENCHEN Unisex Arm Sleeves UV Protection Ice Silk Arm Sleeves Cycling Golf Hiking Camping Basketball Football Badminton Outdoor Sport Anti UV Arm Sleeves,2,05-08-2023
//www.lazada.sg/products/sg-fast-deliverymen-sports-running-cycling-soccer-hiking-basketball-thick-high-long-sock-black-white-hot-glue-non-slip-football-sports-socks-basketball-sports-socks-i2431796166.html,üööSG Fast Deliveryüì¶Men Sports Running Cycling Soccer Hiking Basketball Thick High Long Sock Black White Hot glue non-slip football sports socks basketball sports socks Èò≤ÊªëË¢úËøêÂä®Ë¢ú,2,05-08-2023
//www.lazada.sg/products/citrusox-arm-sleeves-in-cotton-rayon-material-free-size-3602-loosefit-i589202527.html,CITRUSOX Arm Sleeves in Cotton Rayon Material (Free Size) #3602 #loosefit,2,05-08-2023
//www.lazada.sg/products/fbt-soccer-shorts-22-009-black-i405872180.html,FBT Soccer Shorts 22-009 [Black],2,05-08-2023
//www.lazada.sg/products/adidas-tech-fit-base-compression-short-sleeve-top-men-red-d82089-i327818029.html,Adidas Tech-fit Base Compression Short Sleeve Top - Men (Red) D82089,2,05-08-2023
//www.lazada.sg/products/under-armour-ua-over-the-calf-socks-soccer-football-training-blackwhitebluenavy-1315607-001-1315607-100-1315607-400-1315607-410-i2669816655.html,Under Armour UA Over The Calf Socks - Soccer Football Training (Black/White/Blue/Navy) 1315607-001 1315607-100 1315607-400 1315607-410,2,05-08-2023
//www.lazada.sg/products/montbell-hat-strap-unisex-i341846133.html,Montbell Hat Strap Unisex,2,05-08-2023
//www.lazada.sg/products/adidas-football-adi-23-socks-unisex-black-ht5027-i2639597728.html,adidas Football adi 23 Socks Unisex Black HT5027,2,05-08-2023
//www.lazada.sg/products/nike-mens-phantom-gx-club-soccer-shoes-black-i2763616180.html,Nike Men's Phantom GX Club Soccer Shoes - Black,3,05-08-2023
//www.lazada.sg/products/nike-mens-zoom-mercurial-vpr-15-academy-mg-multi-ground-soccer-cleats-pink-blast-i2763613211.html,Nike Men's Zoom Mercurial Vpr 15 Academy MG Multi-Ground Soccer Cleats - Pink Blast,3,05-08-2023
//www.lazada.sg/products/nike-mens-phantom-gx-club-football-turf-shoes-baltic-blue-i2653192772.html,Nike Men's Phantom GX Club Football Turf Shoes - Baltic Blue,3,05-08-2023
//www.lazada.sg/products/puma-unisex-king-top-fg-football-boots-i1117608614.html,PUMA Unisex KING Top FG Football Boots,3,05-08-2023
//www.lazada.sg/products/puma-ultra-match-tt-football-boots-men-orange-i2752650187.html,PUMA Ultra Match TT Football Boots Men (Orange).,3,05-08-2023
//www.lazada.sg/products/puma-unisex-king-pro-21-fg-soccer-cleats-gray-i2752503710.html,PUMA Unisex King Pro 21 FG Soccer Cleats (Gray).,3,05-08-2023
//www.lazada.sg/products/puma-unisex-ultra-play-tt-football-boots-youth-yellow-i2752609788.html,PUMA Unisex Ultra Play TT Football Boots Youth (Yellow).,3,05-08-2023
//www.lazada.sg/products/puma-king-ultimate-fgag-mens-football-boots-black-i2772455612.html,PUMA KING ULTIMATE FG/AG Men's Football Boots (Black).,3,05-08-2023
//www.lazada.sg/products/puma-king-ultimate-fgag-mens-football-boots-white-i2704385032.html,PUMA KING ULTIMATE FG/AG Men's Football Boots (White).,3,05-08-2023
//www.lazada.sg/products/new-puma-ultra-match-fgag-mens-football-boots-white-i2836616398.html,[NEW] PUMA ULTRA MATCH FG/AG Men's Football Boots (White),3,05-08-2023
//www.lazada.sg/products/new-puma-ultra-ultimate-fgag-mens-football-boots-white-i2832373044.html,[NEW] PUMA ULTRA ULTIMATE FG/AG Men's Football Boots (White),3,05-08-2023
//www.lazada.sg/products/adidas-football-predator-accuracy3-laceless-firm-ground-boots-unisex-orange-gw4595-i2757696368.html,adidas Football Predator Accuracy.3 Laceless Firm Ground Boots Unisex Orange GW4595,3,05-08-2023
//www.lazada.sg/products/new-puma-unisex-future-match-fgag-youth-football-boots-white-i2836599810.html,[NEW] PUMA Unisex FUTURE MATCH FG/AG Youth Football Boots (White),3,05-08-2023
//www.lazada.sg/products/puma-ultra-ultimate-fgag-mens-football-boots-green-i2739370948.html,PUMA ULTRA ULTIMATE FG/AG Men's Football Boots (Green).,3,05-08-2023
//www.lazada.sg/products/new-puma-ultra-play-it-mens-football-boots-white-i2836695197.html,[NEW] PUMA ULTRA PLAY IT Men's Football Boots (White),3,05-08-2023
//www.lazada.sg/products/new-puma-unisex-future-play-it-youth-football-boots-white-i2836704155.html,[NEW] PUMA Unisex FUTURE PLAY IT Youth Football Boots (White),3,05-08-2023
//www.lazada.sg/products/mizuno-wave-light-revo-boots-11gp222100-i2851531626.html,Mizuno Wave Light Revo Boots 11GP222100,3,05-08-2023
//www.lazada.sg/products/puma-king-platinum-21-vgn-fgag-mens-soccer-cleats-yellow-i2752615207.html,PUMA King Platinum 21 VGN FG/AG Men's Soccer Cleats (Yellow).,3,05-08-2023
//www.lazada.sg/products/puma-future-ultimate-fgag-mens-football-boots-yellow-i2739545130.html,PUMA FUTURE ULTIMATE FG/AG Men's Football Boots (Yellow).,3,05-08-2023
//www.lazada.sg/products/adidas-football-predator-accuracy1-low-firm-ground-boots-unisex-black-gw4577-i2756635911.html,adidas Football Predator Accuracy.1 Low Firm Ground Boots Unisex Black GW4577,3,05-08-2023
//www.lazada.sg/products/nike-mens-mercurial-vpr-15-club-tf-turf-soccer-shoes-black-i2763498936.html,Nike Men's Mercurial Vpr 15 Club TF Turf Soccer Shoes - Black,3,05-08-2023
//www.lazada.sg/products/under-armour-ua-unisex-clone-magnetico-premier-2-fg-soccer-cleats-i2671600568.html,Under Armour UA Unisex Clone Magnetico Premier 2 FG Soccer Cleats,3,05-08-2023
//www.lazada.sg/products/under-armour-ua-unisex-clone-magnetico-premier-2-fg-soccer-cleats-i2671649274.html,Under Armour UA Unisex Clone Magnetico Premier 2 FG Soccer Cleats,3,05-08-2023
//www.lazada.sg/products/puma-rapido-iii-fgag-mens-football-boots-blue-i2752555516.html,PUMA Rapido III FG/AG Men's Football Boots (Blue).,3,05-08-2023
//www.lazada.sg/products/youth-adidas-manchester-united-201920-ss-3rd-shirt-jersey-football-black-dx8940-i1156612098.html,Youth Adidas Manchester United 2019/20 SS 3rd Shirt Jersey - Football (Black) DX8940,3,05-08-2023
//www.lazada.sg/products/nike-kids-revolution-5-older-kids-running-shoe-football-grey-i1625252786.html,Nike Kids Revolution 5 Older Kids' Running Shoe - Football Grey,3,05-08-2023
//www.lazada.sg/products/adidas-estro-19-youth-i2428492247.html,ADIDAS ESTRO 19 YOUTH,3,05-08-2023
//www.lazada.sg/products/new-puma-manchester-city-2324-home-jersey-youth-i2786985656.html,[NEW] PUMA Manchester City 23/24 Home Jersey Youth.,3,05-08-2023
//www.lazada.sg/products/grand-sport-kids-football-jersey-jr-junior-5-colours-011-481-i2547300354.html,Grand Sport Kids Football Jersey JR - Junior (5 Colours) 011-481,3,05-08-2023
//www.lazada.sg/products/grand-sport-kids-football-jersey-jr-junior-9-colours-011-472-i2547423054.html,Grand Sport Kids Football Jersey JR - Junior  (9 Colours) 011-472,3,05-08-2023
//www.lazada.sg/products/umbro-club-jersey-adult-tee-men-football-top-whiteblacknavy-64501u-002-64501u-060-64501u-era-i2693593871.html,Umbro Club Jersey Adult Tee - Men Football Top (White/Black/Navy) 64501U-002 64501U-060 64501U-ERA,3,05-08-2023
//www.lazada.sg/products/adidas-football-aeroready-sereno-logo-tee-men-black-h28926-i2597418890.html,adidas Football AEROREADY Sereno Logo Tee Men Black H28926,3,05-08-2023
//www.lazada.sg/products/new-puma-manchester-city-mens-prematch-jersey-i2813133982.html,[NEW] PUMA Manchester City Men's Prematch Jersey.,3,05-08-2023
//www.lazada.sg/products/grand-sport-adult-football-jersey-men-top-4-colours-011-472-4000-011-472-3000-011-472-2000-011-472-0100-i2529195023.html,Grand Sport Adult Football Jersey -  Men Top (4 Colours) 011-472-4000 / 011-472-3000 / 011-472-2000 / 011-472-0100,3,05-08-2023
//www.lazada.sg/products/puma-ac-milan-football-casuals-men-polo-shirt-i2411871530.html,PUMA A.C. Milan Football Casuals Men Polo Shirt,3,05-08-2023
//www.lazada.sg/products/puma-unisex-manchester-city-fc-home-2223-youth-jersey-i2346896387.html,PUMA Unisex Manchester City F.C. Home 22/23 Youth Jersey,3,05-08-2023
//www.lazada.sg/products/fbt-sports-jersey-unisex-802-golden-yellow-i406018692.html,FBT Sports Jersey Unisex #802 [Golden Yellow],3,05-08-2023
//www.lazada.sg/products/germany-2020-home-women-eh6102-i1717478999.html,GERMANY 2020 HOME WOMEN - EH6102,3,05-08-2023
//www.lazada.sg/products/puma-individualcup-mens-football-training-pants-i1870076275.html,PUMA IndividualCUP Men's Football Training Pants,3,05-08-2023
//www.lazada.sg/products/youth-adidas-japan-world-cup-2018-ss-home-shirt-jersey-football-navy-br3644-i1155824054.html,Youth Adidas Japan World Cup 2018 SS Home Shirt Jersey - Football (Navy) BR3644,3,05-08-2023
//www.lazada.sg/products/nike-mens-phantom-gx-club-soccer-shoes-black-i2763616180.html,Nike Men's Phantom GX Club Soccer Shoes - Black,4,05-08-2023
//www.lazada.sg/products/nike-mens-zoom-mercurial-vpr-15-academy-mg-multi-ground-soccer-cleats-pink-blast-i2763613211.html,Nike Men's Zoom Mercurial Vpr 15 Academy MG Multi-Ground Soccer Cleats - Pink Blast,4,05-08-2023
//www.lazada.sg/products/puma-unisex-king-top-fg-football-boots-i1117608614.html,PUMA Unisex KING Top FG Football Boots,4,05-08-2023
//www.lazada.sg/products/nike-mens-phantom-gx-club-football-turf-shoes-baltic-blue-i2653192772.html,Nike Men's Phantom GX Club Football Turf Shoes - Baltic Blue,4,05-08-2023
//www.lazada.sg/products/puma-unisex-ultra-play-tt-football-boots-youth-yellow-i2752609788.html,PUMA Unisex Ultra Play TT Football Boots Youth (Yellow).,4,05-08-2023
//www.lazada.sg/products/puma-ultra-match-tt-football-boots-men-orange-i2752650187.html,PUMA Ultra Match TT Football Boots Men (Orange).,4,05-08-2023
//www.lazada.sg/products/puma-king-ultimate-fgag-mens-football-boots-black-i2772455612.html,PUMA KING ULTIMATE FG/AG Men's Football Boots (Black).,4,05-08-2023
//www.lazada.sg/products/puma-king-ultimate-fgag-mens-football-boots-white-i2704385032.html,PUMA KING ULTIMATE FG/AG Men's Football Boots (White).,4,05-08-2023
//www.lazada.sg/products/new-puma-ultra-match-fgag-mens-football-boots-white-i2836616398.html,[NEW] PUMA ULTRA MATCH FG/AG Men's Football Boots (White),4,05-08-2023
//www.lazada.sg/products/puma-unisex-king-pro-21-fg-soccer-cleats-gray-i2752503710.html,PUMA Unisex King Pro 21 FG Soccer Cleats (Gray).,4,05-08-2023
//www.lazada.sg/products/new-puma-ultra-ultimate-fgag-mens-football-boots-white-i2832373044.html,[NEW] PUMA ULTRA ULTIMATE FG/AG Men's Football Boots (White),4,05-08-2023
//www.lazada.sg/products/new-puma-unisex-future-match-fgag-youth-football-boots-white-i2836599810.html,[NEW] PUMA Unisex FUTURE MATCH FG/AG Youth Football Boots (White),4,05-08-2023
//www.lazada.sg/products/puma-ultra-ultimate-fgag-mens-football-boots-green-i2739370948.html,PUMA ULTRA ULTIMATE FG/AG Men's Football Boots (Green).,4,05-08-2023
//www.lazada.sg/products/adidas-football-predator-accuracy3-laceless-firm-ground-boots-unisex-orange-gw4595-i2757696368.html,adidas Football Predator Accuracy.3 Laceless Firm Ground Boots Unisex Orange GW4595,4,05-08-2023
//www.lazada.sg/products/new-puma-ultra-play-it-mens-football-boots-white-i2836695197.html,[NEW] PUMA ULTRA PLAY IT Men's Football Boots (White),4,05-08-2023
//www.lazada.sg/products/new-puma-unisex-future-play-it-youth-football-boots-white-i2836704155.html,[NEW] PUMA Unisex FUTURE PLAY IT Youth Football Boots (White),4,05-08-2023
//www.lazada.sg/products/puma-king-platinum-21-vgn-fgag-mens-soccer-cleats-yellow-i2752615207.html,PUMA King Platinum 21 VGN FG/AG Men's Soccer Cleats (Yellow).,4,05-08-2023
//www.lazada.sg/products/puma-future-ultimate-fgag-mens-football-boots-yellow-i2739545130.html,PUMA FUTURE ULTIMATE FG/AG Men's Football Boots (Yellow).,4,05-08-2023
//www.lazada.sg/products/adidas-football-predator-accuracy3-firm-ground-boots-unisex-orange-gw4591-i2756620897.html,adidas Football Predator Accuracy.3 Firm Ground Boots Unisex Orange GW4591,4,05-08-2023
//www.lazada.sg/products/adidas-football-x-speedportal1-firm-ground-boots-unisex-pink-gz5108-i2756871168.html,adidas Football X Speedportal.1 Firm Ground Boots Unisex Pink GZ5108,4,05-08-2023
//www.lazada.sg/products/adidas-football-predator-accuracy3-low-firm-ground-boots-unisex-orange-gw4601-i2757623431.html,adidas Football Predator Accuracy.3 Low Firm Ground Boots Unisex Orange GW4601,4,05-08-2023
//www.lazada.sg/products/adidas-football-predator-accuracy1-low-firm-ground-boots-unisex-black-gw4577-i2756635911.html,adidas Football Predator Accuracy.1 Low Firm Ground Boots Unisex Black GW4577,4,05-08-2023
//www.lazada.sg/products/mizuno-wave-light-revo-boots-11gp222100-i2851531626.html,Mizuno Wave Light Revo Boots 11GP222100,4,05-08-2023
//www.lazada.sg/products/nike-mens-mercurial-vpr-15-club-tf-turf-soccer-shoes-black-i2763498936.html,Nike Men's Mercurial Vpr 15 Club TF Turf Soccer Shoes - Black,4,05-08-2023
//www.lazada.sg/products/under-armour-ua-unisex-clone-magnetico-premier-2-fg-soccer-cleats-i2671600568.html,Under Armour UA Unisex Clone Magnetico Premier 2 FG Soccer Cleats,4,05-08-2023
//www.lazada.sg/products/under-armour-ua-unisex-clone-magnetico-premier-2-fg-soccer-cleats-i2671649274.html,Under Armour UA Unisex Clone Magnetico Premier 2 FG Soccer Cleats,4,05-08-2023
//www.lazada.sg/products/puma-rapido-iii-fgag-mens-football-boots-blue-i2752555516.html,PUMA Rapido III FG/AG Men's Football Boots (Blue).,4,05-08-2023
//www.lazada.sg/products/youth-adidas-manchester-united-201920-ss-3rd-shirt-jersey-football-black-dx8940-i1156612098.html,Youth Adidas Manchester United 2019/20 SS 3rd Shirt Jersey - Football (Black) DX8940,4,05-08-2023
//www.lazada.sg/products/nike-kids-revolution-5-older-kids-running-shoe-football-grey-i1625252786.html,Nike Kids Revolution 5 Older Kids' Running Shoe - Football Grey,4,05-08-2023
//www.lazada.sg/products/adidas-estro-19-youth-i2428492247.html,ADIDAS ESTRO 19 YOUTH,4,05-08-2023
//www.lazada.sg/products/new-puma-manchester-city-2324-home-jersey-youth-i2786985656.html,[NEW] PUMA Manchester City 23/24 Home Jersey Youth.,4,05-08-2023
//www.lazada.sg/products/grand-sport-kids-football-jersey-jr-junior-5-colours-011-481-i2547300354.html,Grand Sport Kids Football Jersey JR - Junior (5 Colours) 011-481,4,05-08-2023
//www.lazada.sg/products/grand-sport-kids-football-jersey-jr-junior-9-colours-011-472-i2547423054.html,Grand Sport Kids Football Jersey JR - Junior  (9 Colours) 011-472,4,05-08-2023
//www.lazada.sg/products/umbro-club-jersey-adult-tee-men-football-top-whiteblacknavy-64501u-002-64501u-060-64501u-era-i2693593871.html,Umbro Club Jersey Adult Tee - Men Football Top (White/Black/Navy) 64501U-002 64501U-060 64501U-ERA,4,05-08-2023
//www.lazada.sg/products/adidas-football-aeroready-sereno-logo-tee-men-black-h28926-i2597418890.html,adidas Football AEROREADY Sereno Logo Tee Men Black H28926,4,05-08-2023
//www.lazada.sg/products/new-puma-manchester-city-mens-prematch-jersey-i2813133982.html,[NEW] PUMA Manchester City Men's Prematch Jersey.,4,05-08-2023
//www.lazada.sg/products/grand-sport-adult-football-jersey-men-top-4-colours-011-472-4000-011-472-3000-011-472-2000-011-472-0100-i2529195023.html,Grand Sport Adult Football Jersey -  Men Top (4 Colours) 011-472-4000 / 011-472-3000 / 011-472-2000 / 011-472-0100,4,05-08-2023
//www.lazada.sg/products/puma-ac-milan-football-casuals-men-polo-shirt-i2411871530.html,PUMA A.C. Milan Football Casuals Men Polo Shirt,4,05-08-2023
//www.lazada.sg/products/puma-unisex-manchester-city-fc-home-2223-youth-jersey-i2346896387.html,PUMA Unisex Manchester City F.C. Home 22/23 Youth Jersey,4,05-08-2023
//www.lazada.sg/products/fbt-sports-jersey-unisex-802-golden-yellow-i406018692.html,FBT Sports Jersey Unisex #802 [Golden Yellow],4,05-08-2023
//www.lazada.sg/products/enchen-anti-uv-sports-arm-sleeves-cool-ice-silk-arm-slleeves-outdoor-camping-cycling-sport-uv-protection-arm-sleeves-outdoor-cover-guard-hand-socks-i2784335804.html,ENCHEN Anti-UV Sports Arm Sleeves Cool Ice Silk Arm Slleeves Outdoor Camping Cycling Sport UV Protection Arm Sleeves Outdoor Cover Guard Hand Socks,5,05-08-2023
//www.lazada.sg/products/low-price-clearance-seeker-women-ice-silk-no-steel-ring-seamless-gather-bra-sleep-yoga-sports-vest-underwear-i2430208501.html,üööLow price clearanceüì¶ Seeker Women Ice Silk No Steel Ring Seamless Gather Bra Sleep Yoga Sports Vest Underwear,5,05-08-2023
//www.lazada.sg/products/nike-mens-mercurial-vpr-15-club-tf-turf-soccer-shoes-black-i2763498936.html,Nike Men's Mercurial Vpr 15 Club TF Turf Soccer Shoes - Black,5,05-08-2023
//www.lazada.sg/products/nike-mens-zoom-mercurial-vpr-15-academy-mg-multi-ground-soccer-cleats-pink-blast-i2763613211.html,Nike Men's Zoom Mercurial Vpr 15 Academy MG Multi-Ground Soccer Cleats - Pink Blast,5,05-08-2023
//www.lazada.sg/products/nike-mens-phantom-gx-club-soccer-shoes-black-i2763616180.html,Nike Men's Phantom GX Club Soccer Shoes - Black,5,05-08-2023
//www.lazada.sg/products/sg-fast-delivery-women-yoga-suit-fitness-set-quickly-dry-sportswear-quick-drying-sports-brawith-pocket-high-waist-fitness-yoga-pantsshockproof-running-fitness-suspender-beautiful-back-bra-sports-vest-yoga-suit-for-external-wear-i2795124468.html,"üööSG Fast Deliveryüì¶ Women Yoga Suit Fitness Set Quickly Dry Sportswear Quick drying sports bra,With Pocket High Waist Fitness Yoga Pants,shockproof running, fitness suspender, beautiful back bra, sports vest, yoga suit for external wear",5,05-08-2023
//www.lazada.sg/products/low-price-clearancesexy-bra-slim-strap-seamless-tube-top-running-yoga-sports-bra-soft-wear-beauty-back-bra-with-removable-pads-i2429691792.html,üööLow price clearanceüì¶Sexy Bra Slim Strap Seamless Tube Top Running Yoga Sports Bra Soft Wear Beauty Back Bra with Removable Pads Êó†Èí¢ÂúàËÉåÂøÉËøêÂä®ÂÜÖË°£,5,05-08-2023
//www.lazada.sg/products/sg-fast-delivery-with-pocket-high-waist-fitness-yoga-pants-women-sport-pants-quick-drying-compression-leggings-for-running-sports-i2754743265.html,üööSG Fast Deliveryüì¶ With Pocket High Waist Fitness Yoga Pants Women Sport Pants Quick-Drying Compression Leggings for Running Sports Áëú‰ºΩË£§ ËøêÂä®Ë£§,5,05-08-2023
//www.lazada.sg/products/sg-fast-deliverymen-sports-running-cycling-soccer-hiking-basketball-thick-high-long-sock-black-white-hot-glue-non-slip-football-sports-socks-basketball-sports-socks-i2431796166.html,üööSG Fast Deliveryüì¶Men Sports Running Cycling Soccer Hiking Basketball Thick High Long Sock Black White Hot glue non-slip football sports socks basketball sports socks Èò≤ÊªëË¢úËøêÂä®Ë¢ú,5,05-08-2023
//www.lazada.sg/products/adidas-tech-fit-base-compression-short-sleeve-top-men-red-d82089-i327818029.html,Adidas Tech-fit Base Compression Short Sleeve Top - Men (Red) D82089,5,05-08-2023
//www.lazada.sg/products/fbt-soccer-shorts-22-009-black-i405872180.html,FBT Soccer Shorts 22-009 [Black],5,05-08-2023
//www.lazada.sg/products/youth-adidas-germany-euro-2016-ss-home-shirt-jersey-football-white-aa0138-i574382187.html,Youth Adidas Germany Euro 2016 SS Home Shirt Jersey - Football (White) AA0138,5,05-08-2023
//www.lazada.sg/products/fbt-mens-side-pocket-shorts-training-gym-running-active-wear-464-i2111047035.html,FBT Men's Side Pocket Shorts | Training | Gym | Running | Active Wear #464,5,05-08-2023
//www.lazada.sg/products/adidas-milano-16-football-socks-blackwhiteredblueyellow-aj5904-aj5905-aj5906-aj5907-aj5909-i2125281685.html,Adidas Milano 16 Football Socks - (Black/White/Red/Blue/Yellow) AJ5904 / AJ5905 / AJ5906 / AJ5907 / AJ5909,5,05-08-2023
//www.lazada.sg/products/under-armour-ua-unisex-clone-magnetico-premier-2-fg-soccer-cleats-i2671649274.html,Under Armour UA Unisex Clone Magnetico Premier 2 FG Soccer Cleats,5,05-08-2023
//www.lazada.sg/products/adidas-core-18-pants-men-football-blackwhite-ce9036-i2106414520.html,Adidas Core 18 Pants - Men Football (Black/White) CE9036,5,05-08-2023
//www.lazada.sg/products/under-armour-ua-over-the-calf-socks-soccer-football-training-blackwhitebluenavy-1315607-001-1315607-100-1315607-400-1315607-410-i2669816655.html,Under Armour UA Over The Calf Socks - Soccer Football Training (Black/White/Blue/Navy) 1315607-001 1315607-100 1315607-400 1315607-410,5,05-08-2023
//www.lazada.sg/products/adidas-condivo-21-track-pants-men-football-black-gn5436-i2177548928.html,Adidas Condivo 21 Track Pants - Men Football (Black) GN5436,5,05-08-2023
//www.lazada.sg/products/puma-individualcup-mens-football-training-pants-i1870076275.html,PUMA IndividualCUP Men's Football Training Pants,5,05-08-2023
//www.lazada.sg/products/nike-dri-fit-kids-academy23-football-shorts-black-i2653192765.html,Nike Dri-FIT Kids' Academy23 Football Shorts - Black,5,05-08-2023
//www.lazada.sg/products/citrusox-retro-reflective-plus-size-compression-sports-running-knee-socks-28-32cm-eu46-49-us-m115-14-1930-cycling-marathon-i2285165611.html,"CITRUSOX Retro Reflective Plus Size Compression Sports Running Knee Socks (28-32cm, EU46-49, US-M11.5-14) #1930 #cycling #marathon",5,05-08-2023
//www.lazada.sg/products/citrusox-lite-heel-tab-running-sports-toe-socks-24-26cm-eu-39-43-yoga-sports-exercise-cycling-basketball-1922-i1759983674.html,"CITRUSOX Lite Heel Tab Running Sports Toe Socks (24-26cm, EU 39-43) #yoga #sports #exercise #cycling #basketball #1922",5,05-08-2023
//www.lazada.sg/products/puma-unisex-king-top-fg-football-boots-i1117608614.html,PUMA Unisex KING Top FG Football Boots,5,05-08-2023
//www.lazada.sg/products/youth-adidas-manchester-united-201920-ss-3rd-shirt-jersey-football-black-dx8940-i1156612098.html,Youth Adidas Manchester United 2019/20 SS 3rd Shirt Jersey - Football (Black) DX8940,5,05-08-2023
//www.lazada.sg/products/adidas-football-adi-23-socks-unisex-black-ht5027-i2639597728.html,adidas Football adi 23 Socks Unisex Black HT5027,5,05-08-2023
//www.lazada.sg/products/puma-powercat-socks-men-soccerfootball-greylime-70123223-70123224-70123208-i2673838347.html,PUMA PowerCat Socks - Men Soccer/Football (Grey/Lime) 70123223 70123224 70123208,5,05-08-2023
//www.lazada.sg/products/adidas-adi-21-socks-men-football-whiteblackrednavy-blue-gn2991-gn2993-gn2984-gn2988-i2179083771.html,Adidas Adi 21 Socks  - Men Football (White/Black/Red/Navy Blue) GN2991 / GN2993 / GN2984 / GN2988,5,05-08-2023
//www.lazada.sg/products/adidas-estro-19-shorts-men-football-training-redwhitenavy-blueblack-ft6687-ft6688-ft6686-fp9596-i2086246942.html,Adidas Estro 19 Shorts - Men Football Training (Red/White/Navy Blue/Black) FT6687 / FT6688 / FT6686 / FP9596,5,05-08-2023
//www.lazada.sg/products/puma-ultra-ultimate-fgag-mens-football-boots-green-i2739370948.html,PUMA ULTRA ULTIMATE FG/AG Men's Football Boots (Green).,5,05-08-2023
//www.lazada.sg/products/nike-mens-phantom-gx-club-football-turf-shoes-baltic-blue-i2653192772.html,Nike Men's Phantom GX Club Football Turf Shoes - Baltic Blue,5,05-08-2023
//www.lazada.sg/products/under-armour-ua-unisex-clone-magnetico-premier-2-fg-soccer-cleats-i2671600568.html,Under Armour UA Unisex Clone Magnetico Premier 2 FG Soccer Cleats,5,05-08-2023
//www.lazada.sg/products/puma-future-ultimate-fgag-mens-football-boots-yellow-i2739545130.html,PUMA FUTURE ULTIMATE FG/AG Men's Football Boots (Yellow).,5,05-08-2023
//www.lazada.sg/products/puma-king-ultimate-fgag-mens-football-boots-white-i2704385032.html,PUMA KING ULTIMATE FG/AG Men's Football Boots (White).,5,05-08-2023
//www.lazada.sg/products/puma-unisex-king-pro-21-fg-soccer-cleats-gray-i2752503710.html,PUMA Unisex King Pro 21 FG Soccer Cleats (Gray).,5,05-08-2023
//www.lazada.sg/products/new-puma-ultra-ultimate-fgag-mens-football-boots-white-i2832373044.html,[NEW] PUMA ULTRA ULTIMATE FG/AG Men's Football Boots (White),5,05-08-2023
//www.lazada.sg/products/puma-liga-socks-core-socks-men-footballsoccer-black-white-blue-red-70344103-70344104-70344102-70344101-i2673757380.html,Puma Liga Socks Core Socks - Men Football/Soccer (Black / White / Blue / Red) 70344103 70344104 70344102 70344101,5,05-08-2023
//www.lazada.sg/products/montbell-hat-clip-unisex-i341832377.html,Montbell Hat Clip Unisex,5,05-08-2023
//www.lazada.sg/products/puma-ultra-match-tt-football-boots-men-orange-i2752650187.html,PUMA Ultra Match TT Football Boots Men (Orange).,5,05-08-2023
//www.lazada.sg/products/puma-king-ultimate-fgag-mens-football-boots-black-i2772455612.html,PUMA KING ULTIMATE FG/AG Men's Football Boots (Black).,5,05-08-2023
//www.lazada.sg/products/adidas-football-predator-accuracy3-laceless-firm-ground-boots-unisex-orange-gw4595-i2757696368.html,adidas Football Predator Accuracy.3 Laceless Firm Ground Boots Unisex Orange GW4595,5,05-08-2023
