//www.lazada.sg/products/black-diamond-momentum-climbing-shoes-kids-caspian-i1948688890.html,Black Diamond Momentum Climbing Shoes - Kids' Caspian,1,05-08-2023
//www.lazada.sg/products/black-diamond-momentum-climbing-shoes-women-i1308580841.html,Black Diamond Momentum Climbing Shoes- Women,1,05-08-2023
//www.lazada.sg/products/brooks-womens-pure-grit-8-b087-i980328062.html,Brooks Women's Pure Grit 8 - B087,1,05-08-2023
//www.lazada.sg/products/hoka-women-torrent-2-trail-running-shoes-scuba-blue-black-i2559150949.html,HOKA Women Torrent 2 Trail Running Shoes - Scuba Blue / Black,1,05-08-2023
//www.lazada.sg/products/hoka-women-anacapa-breeze-low-hiking-shoes-oxford-tan-peach-whip-i2753714746.html,HOKA Women Anacapa Breeze Low Hiking Shoes - Oxford Tan / Peach Whip,1,05-08-2023
//www.lazada.sg/products/salomon-women-x-ultra-4-wide-gore-tex-hiking-shoes-alloy-quiet-shade-burnt-sienna-i2353718659.html,Salomon Women X Ultra 4 Wide Gore-Tex Hiking Shoes - Alloy / Quiet Shade / Burnt Sienna,1,05-08-2023
//www.lazada.sg/products/altai-6-inch-waterproof-hiking-boots-with-side-zipper-in-brown-made-with-superfabric-mfh200-zs-i1557742633.html,ALTAI 6 Inch Waterproof Hiking Boots with Side Zipper in Brown – Made with SuperFabric (MFH200-ZS),1,05-08-2023
//www.lazada.sg/products/kasut-tawaf-untuk-umrah-dan-hajj-saie-antislip-haji-tawaf-i2772070238.html,Kasut Tawaf Untuk Umrah Dan Hajj Saie Antislip / Haji Tawaf,1,05-08-2023
//www.lazada.sg/products/hoka-women-anacapa-breeze-mid-hiking-shoes-trellis-mist-green-i2784727282.html,HOKA Women Anacapa Breeze Mid Hiking Shoes - Trellis / Mist Green,1,05-08-2023
//www.lazada.sg/products/hoka-men-challenger-atr-6-wide-trail-running-shoes-thyme-fiesta-i2559166879.html,HOKA Men Challenger Atr 6 Wide Trail Running Shoes - Thyme / Fiesta,1,05-08-2023
//www.lazada.sg/products/keen-womens-uneek-original-tie-dyebirch-i2793792822.html,Keen Women's Uneek - Original Tie Dye/Birch,1,05-08-2023
//www.lazada.sg/products/hoka-men-speedgoat-5-mid-gtx-hiking-shoes-black-black-i2757568838.html,Hoka Men Speedgoat 5 Mid GTX Hiking Shoes - Black / Black,1,05-08-2023
//www.lazada.sg/products/altai-6-inch-waterproof-hiking-boots-with-side-zipper-in-black-made-with-superfabric-mft200-zs-i1557740667.html,ALTAI 6 Inch Waterproof Hiking Boots with Side Zipper in Black – Made with SuperFabric (MFT200-ZS),1,05-08-2023
//www.lazada.sg/products/the-north-face-women-hedgehog-futurelight-tnf-black-horizon-red-i1996624053.html,The North Face Women Hedgehog Futurelight - TNF Black / Horizon Red,1,05-08-2023
//www.lazada.sg/products/asics-men-trail-scout-2-trail-running-shoes-in-indigo-blueisland-blue-i2751346516.html,ASICS Men TRAIL SCOUT 2 Trail Running Shoes in Indigo Blue/Island Blue,1,05-08-2023
//www.lazada.sg/products/mbt-narita-unisex-active-outdoor-shoes-in-tan-i2683235924.html,MBT Narita Unisex Active Outdoor Shoes in Tan,1,05-08-2023
//www.lazada.sg/products/hoka-men-kaha-2-low-gtx-hiking-shoes-goblin-blue-harbor-mist-i2757599389.html,Hoka Men Kaha 2 Low GTX Hiking Shoes - Goblin Blue / Harbor Mist,1,05-08-2023
//www.lazada.sg/products/salomon-women-outrise-mid-gore-tex-hiking-shoes-shaleblackdeep-lichen-green-i2640509550.html,Salomon Women Outrise Mid Gore-Tex Hiking Shoes - Shale/Black/Deep Lichen Green,1,05-08-2023
//www.lazada.sg/products/asics-men-gel-venture-9-trail-running-shoes-in-blackblack-i2781539754.html,ASICS Men GEL-VENTURE 9 Trail Running Shoes in Black/Black,1,05-08-2023
//www.lazada.sg/products/salomon-men-x-ultra-4-gore-tex-hiking-shoes-black-vintage-kaki-vanilla-ice-i1635201974.html,Salomon Men X Ultra 4 Gore-Tex Hiking Shoes - Black / Vintage Kaki / Vanilla Ice,1,05-08-2023
//www.lazada.sg/products/hoka-women-trail-code-gtx-hiking-shoes-beautyberry-harbor-mist-i2757659206.html,Hoka Women Trail Code GTX Hiking Shoes - Beautyberry / Harbor Mist,1,05-08-2023
//www.lazada.sg/products/adidas-terrex-trail-rider-men-trail-shoes-core-black-hr1160-i2751525405.html,Adidas Terrex Trail Rider - Men Trail Shoes (Core Black) HR1160,1,05-08-2023
//www.lazada.sg/products/salomon-men-outpulse-gore-tex-hiking-shoes-estate-blue-vanilla-ice-poppy-red-i2353722607.html,Salomon Men Outpulse Gore-Tex Hiking Shoes - Estate Blue / Vanilla Ice / Poppy Red,1,05-08-2023
//www.lazada.sg/products/keen-womens-zerraport-ii-fawnblack-i2793798568.html,Keen Women's Zerraport II - Fawn/Black,1,05-08-2023
//www.lazada.sg/products/salomon-men-x-ultra-4-gtx-hiking-shoes-black-vintage-kaki-vanilla-ice-i1883728581.html,Salomon Men X Ultra 4 GTX Hiking Shoes - Black / Vintage Kaki / Vanilla Ice,1,05-08-2023
//www.lazada.sg/products/on-men-cloudtrax-waterproof-hiking-shoes-black-i2777337479.html,ON Men Cloudtrax Waterproof Hiking Shoes - Black,1,05-08-2023
//www.lazada.sg/products/keen-mens-uneek-original-tie-dyebirch-i2793868449.html,Keen Men's Uneek - Original Tie Dye/Birch,1,05-08-2023
//www.lazada.sg/products/chaser-dial-low-white-csr-dl-wh-i2743591389.html,CHASER Dial-low WHITE ( CSR-DL-WH),1,05-08-2023
//www.lazada.sg/products/asics-men-gel-sonoma-6-trail-running-shoes-in-blue-coastlapis-lazuli-blue-i2781582521.html,ASICS Men GEL-SONOMA 6 Trail Running Shoes in Blue Coast/Lapis Lazuli Blue,1,05-08-2023
//www.lazada.sg/products/asics-men-gel-trabuco-10-trail-running-shoes-in-mantle-greenmidnight-i2781685016.html,ASICS Men GEL-Trabuco 10 Trail Running Shoes in Mantle Green/Midnight,1,05-08-2023
//www.lazada.sg/products/hoka-men-speedgoat-5-wide-hiking-shoes-scuba-blue-black-i2559669699.html,HOKA Men Speedgoat 5 Wide Hiking Shoes - Scuba Blue / Black,1,05-08-2023
//www.lazada.sg/products/asics-women-gel-venture-9-trail-running-shoes-in-metropolisgris-blue-i2842108495.html,ASICS Women GEL-VENTURE 9 Trail Running Shoes in Metropolis/Gris Blue,1,05-08-2023
//www.lazada.sg/products/asics-women-gel-venture-9-trail-running-shoes-in-ivypapaya-i2649864989.html,ASICS Women GEL-VENTURE 9 Trail Running Shoes in Ivy/Papaya,1,05-08-2023
//www.lazada.sg/products/mbt-narita-unisex-active-outdoor-shoes-in-blackblack-i2683271470.html,MBT Narita Unisex Active Outdoor Shoes in Black/Black,1,05-08-2023
//www.lazada.sg/products/asics-men-gel-trabuco-10-trail-running-shoes-in-blue-coastwhite-i2781685017.html,ASICS Men GEL-Trabuco 10 Trail Running Shoes in Blue Coast/White,1,05-08-2023
//www.lazada.sg/products/keen-mens-zerraport-ii-dark-earthblack-i2793747730.html,Keen Men's Zerraport II - Dark Earth/Black,1,05-08-2023
//www.lazada.sg/products/asics-men-gel-venture-9-trail-running-shoes-in-deep-oceanfrench-blue-i2842188269.html,ASICS Men GEL-VENTURE 9 Trail Running Shoes in Deep Ocean/French Blue,1,05-08-2023
//www.lazada.sg/products/new-balance-fresh-foam-x-hierro-v7-d-men-trail-shoes-jade-mthiert7-i2764728382.html,New Balance Fresh Foam X Hierro v7 (D) - Men Trail Shoes (Jade) MTHIERT7,1,05-08-2023
//www.lazada.sg/products/new-balance-fresh-foam-x-hierro-v7-d-men-trail-shoes-concretevintage-tea-mthieri7-i2764345557.html,New Balance Fresh Foam X Hierro v7 (D) - Men Trail Shoes (Concrete/Vintage Tea) MTHIERI7,1,05-08-2023
