//www.lazada.sg/products/nike-mens-court-vision-shoes-white-i2731374127.html,Nike Men's Court Vision Shoes - White,1,05-08-2023
//www.lazada.sg/products/skechers-online-exclusive-men-sport-glide-step-sport-walking-shoes-232269-bkmt-air-cooled-memory-foam-glide-step-machine-washable-i2696934634.html,"Skechers Online Exclusive Men Sport Glide-Step Sport Walking Shoes - 232269-BKMT Air-Cooled Memory Foam Glide-Step, Machine Washable",1,05-08-2023
//www.lazada.sg/products/skechers-online-exclusive-men-gorun-persistence-running-shoes-246053-blyl-hyper-arc-arch-fit-carbon-infused-goodyear-rubber-ultra-flight-foam-i2448033778.html,"Skechers Online Exclusive Men GOrun Persistence Running Shoes - 246053-BLYL HYPER ARC, Arch Fit, Carbon Infused, Goodyear Rubber, Ultra Flight Foam",1,05-08-2023
//www.lazada.sg/products/adidas-running-run-falcon-20-shoes-men-white-g58098-i1965480875.html,adidas Running Run Falcon 2.0 Shoes Men White G58098,1,05-08-2023
//www.lazada.sg/products/nike-mens-court-vision-low-next-nature-shoes-black-i2585457331.html,Nike Men's Court Vision Low Next Nature Shoes - Black,1,05-08-2023
//www.lazada.sg/products/nike-mens-flex-experience-run-11-next-nature-road-running-shoes-black-i2715803479.html,Nike Men's Flex Experience Run 11 Next Nature Road Running Shoes - Black,1,05-08-2023
//www.lazada.sg/products/skechers-online-exclusive-men-sport-mira-rylight-shoes-232219-ntmt-air-cooled-memory-foam-i2595614550.html,Skechers Online Exclusive Men Sport Mira Rylight Shoes - 232219-NTMT Air-Cooled Memory Foam,1,05-08-2023
//www.lazada.sg/products/nike-mens-air-max-2017-shoes-white-i2614842669.html,Nike Men's Air Max 2017 Shoes - White,1,05-08-2023
//www.lazada.sg/products/nike-mens-air-pegasus-83-shoes-white-i2650032884.html,Nike Men's Air Pegasus 83 Shoes - White,1,05-08-2023
//www.lazada.sg/products/skechers-online-exclusive-men-sport-ultra-flex-20-kerlem-shoes-232108-bbk-air-cooled-memory-foam-machine-washable-i1646274881.html,Skechers Online Exclusive Men Sport Ultra Flex 2.0 Kerlem Shoes - 232108-BBK Air-Cooled Memory Foam Machine Washable,1,05-08-2023
//www.lazada.sg/products/skechers-online-exclusive-men-max-protect-shoes-237303-ccmt-air-cooled-memory-foam-anti-slip-under-wet-and-dry-conditions-goodyear-rubber-water-repellent-trail-i2451329023.html,"Skechers Online Exclusive Men Max Protect Shoes - 237303-CCMT Air-Cooled Memory Foam Anti-Slip Under Wet and Dry Conditions, Goodyear Rubber, Water Repellent, Trail",1,05-08-2023
//www.lazada.sg/products/adidas-ultraboost-22-men-running-shoes-grey-gx5460-i2437470500.html,Adidas Ultraboost 22 - Men Running Shoes (Grey) GX5460,1,05-08-2023
//www.lazada.sg/products/nike-mens-downshifter-12-road-running-shoes-black-i2585457332.html,Nike Men's Downshifter 12 Road Running Shoes - Black,1,05-08-2023
//www.lazada.sg/products/adidas-running-run-falcon-20-shoes-men-grey-gx8240-i2640212004.html,adidas Running Run Falcon 2.0 Shoes Men Grey GX8240,1,05-08-2023
//www.lazada.sg/products/puma-unisex-scuderia-ferrari-r-cat-machina-motorsport-shoes-jr-i2465637991.html,PUMA Unisex Scuderia Ferrari R-Cat Machina Motorsport Shoes JR,1,05-08-2023
//www.lazada.sg/products/nike-mens-court-vision-low-shoes-black-i2650048700.html,Nike Men's Court Vision Low Shoes - Black,1,05-08-2023
//www.lazada.sg/products/skechers-online-exclusive-men-sport-mira-rylight-shoes-232219-wmlt-air-cooled-memory-foam-i2595492924.html,Skechers Online Exclusive Men Sport Mira Rylight Shoes - 232219-WMLT Air-Cooled Memory Foam,1,05-08-2023
//www.lazada.sg/products/skechers-men-foamies-gowalk-5-shoes-243032-wnv-i2740413388.html,Skechers Men Foamies GOwalk 5 Shoes - 243032-WNV,1,05-08-2023
//www.lazada.sg/products/skechers-online-exclusive-men-skechers-usa-proven-suttner-shoes-204785-tpe-air-cooled-memory-foam-charcoal-mf-classic-fit-i2767543061.html,"Skechers Online Exclusive Men SKECHERS USA Proven Suttner Shoes - 204785-TPE Air-Cooled Memory Foam Charcoal MF, Classic Fit",1,05-08-2023
//www.lazada.sg/products/nike-mens-air-max-sc-shoes-white-i2682968591.html,Nike Men's Air Max SC Shoes - White,1,05-08-2023
//www.lazada.sg/products/nike-mens-court-vision-low-shoes-sail-i2715885093.html,Nike Men's Court Vision Low Shoes - Sail,1,05-08-2023
//www.lazada.sg/products/nike-mens-blazer-low-77-jumbo-se-shoes-summit-white-i2650145104.html,Nike Men's Blazer Low '77 Jumbo SE Shoes - Summit White,1,05-08-2023
//www.lazada.sg/products/bata-men-red-label-casual-lace-up-shoes-851x522-i2383950131.html,BATA Men Red Label Casual Lace Up Shoes 851X522,1,05-08-2023
//www.lazada.sg/products/skechers-online-exclusive-men-sport-dlux-walker-get-oasis-walking-shoes-232362-ntrd-air-cooled-memory-foam-relaxed-fit-i2447987937.html,Skechers Online Exclusive Men Sport D'Lux Walker Get Oasis Walking Shoes - 232362-NTRD Air-Cooled Memory Foam Relaxed Fit,1,05-08-2023
//www.lazada.sg/products/adidas-ultraboost-22-men-running-shoes-all-moss-strikeall-moss-stripesolar-yellow-gx5557-i2673828610.html,Adidas Ultraboost 22 - Men Running Shoes (All-Moss Strike/All-Moss Stripe/Solar Yellow) GX5557,1,05-08-2023
//www.lazada.sg/products/adidas-running-eq19-run-shoes-men-white-h68091-i2418396377.html,adidas Running EQ19 Run Shoes Men White H68091,1,05-08-2023
//www.lazada.sg/products/skechers-online-exclusive-men-sport-summits-torre-walking-shoes-232395-rdbk-memory-foam-lite-weight-machine-washable-i2595561692.html,"Skechers Online Exclusive Men Sport Summits Torre Walking Shoes - 232395-RDBK Memory Foam Lite-Weight, Machine Washable",1,05-08-2023
//www.lazada.sg/products/skechers-online-exclusive-men-sport-glide-step-fasten-up-shoes-232136-nvbk-air-cooled-memory-foam-glide-step-machine-washable-i2525129279.html,"Skechers Online Exclusive Men Sport Glide-Step Fasten Up Shoes - 232136-NVBK Air-Cooled Memory Foam Glide-Step, Machine Washable",1,05-08-2023
//www.lazada.sg/products/skechers-online-exclusive-men-sport-equalizer-50-persistable-walking-shoes-232515-char-air-cooled-memory-foam-dual-lite-relaxed-fit-i2448115384.html,"Skechers Online Exclusive Men Sport Equalizer 5.0 Persistable Walking Shoes - 232515-CHAR Air-Cooled Memory Foam Dual-Lite, Relaxed Fit",1,05-08-2023
//www.lazada.sg/products/nike-mens-air-max-sc-shoes-white-i2715885096.html,Nike Men's Air Max SC Shoes - White,1,05-08-2023
//www.lazada.sg/products/nike-mens-air-max-systm-shoes-sail-i2634525244.html,Nike Men's Air Max SYSTM Shoes - Sail,1,05-08-2023
//www.lazada.sg/products/nike-mens-waffle-one-se-shoes-earth-i2715843285.html,Nike Men's Waffle One SE Shoes - Earth,1,05-08-2023
//www.lazada.sg/products/nike-mens-legend-essential-3-next-nature-training-shoes-black-i2731379096.html,Nike Men's Legend Essential 3 Next Nature Training Shoes - Black,1,05-08-2023
//www.lazada.sg/products/adidas-running-duramo-9-shoes-men-white-eg8665-i1996246852.html,adidas Running Duramo 9 Shoes Men White EG8665,1,05-08-2023
//www.lazada.sg/products/nike-mens-quest-5-running-shoes-bright-crimson-i2715858228.html,Nike Men's Quest 5 Running Shoes - Bright Crimson,1,05-08-2023
//www.lazada.sg/products/nike-mens-air-winflo-10-road-running-shoes-white-i2695119293.html,Nike Men's Air Winflo 10 Road Running Shoes - White,1,05-08-2023
//www.lazada.sg/products/on-men-cloudmonster-running-shoes-iron-hay-i2683847227.html,On Men Cloudmonster Running Shoes - Iron / Hay,1,05-08-2023
//www.lazada.sg/products/puma-unisex-smash-vulcanised-v3-low-shoes-i2659292339.html,PUMA Unisex Smash Vulcanised V3 Low Shoes,1,05-08-2023
//www.lazada.sg/products/nike-mens-renew-ride-3-road-running-shoes-black-i2650122250.html,Nike Men's Renew Ride 3 Road Running Shoes - Black,1,05-08-2023
//www.lazada.sg/products/nike-mens-ebernon-low-shoes-white-i2203532891.html,Nike Men's Ebernon Low Shoes - White,1,05-08-2023
//www.lazada.sg/products/puma-unisex-smash-vulcanised-v3-low-shoes-i2659292339.html,PUMA Unisex Smash Vulcanised V3 Low Shoes,2,05-08-2023
//www.lazada.sg/products/skechers-online-exclusive-men-sport-glide-step-sport-walking-shoes-232269-bkmt-air-cooled-memory-foam-glide-step-machine-washable-i2696934634.html,"Skechers Online Exclusive Men Sport Glide-Step Sport Walking Shoes - 232269-BKMT Air-Cooled Memory Foam Glide-Step, Machine Washable",2,05-08-2023
//www.lazada.sg/products/nike-mens-court-vision-low-next-nature-shoes-black-i1889791160.html,Nike Men's Court Vision Low Next Nature Shoes - Black,2,05-08-2023
//www.lazada.sg/products/nike-mens-revolution-6-next-nature-road-running-shoes-midnight-navy-i2035953428.html,Nike Men's Revolution 6 Next Nature  Road Running Shoes - Midnight Navy,2,05-08-2023
//www.lazada.sg/products/skechers-online-exclusive-men-gorun-persistence-running-shoes-246053-blyl-hyper-arc-arch-fit-carbon-infused-goodyear-rubber-ultra-flight-foam-i2448033778.html,"Skechers Online Exclusive Men GOrun Persistence Running Shoes - 246053-BLYL HYPER ARC, Arch Fit, Carbon Infused, Goodyear Rubber, Ultra Flight Foam",2,05-08-2023
//www.lazada.sg/products/nike-mens-court-vision-low-next-nature-shoes-white-i1889728591.html,Nike Men's Court Vision Low Next Nature Shoes - White,2,05-08-2023
//www.lazada.sg/products/new-puma-smash-cat-mens-leather-shoes-white-i2832331178.html,[NEW] PUMA Smash Cat Men's Leather Shoes (White),2,05-08-2023
//www.lazada.sg/products/new-puma-enzo-2-mens-training-shoes-blue-i2836526746.html,[NEW] PUMA Enzo 2 Men's Training Shoes (Blue),2,05-08-2023
//www.lazada.sg/products/new-balance-1906-m1906de-white-unisex-lf-i2856085822.html,NEW BALANCE 1906 M1906DE White Unisex (LF),2,05-08-2023
//www.lazada.sg/products/asics-men-tiger-runner-ii-sportstyle-shoes-in-midnightcream-i2850419533.html,ASICS Men TIGER RUNNER II Sportstyle Shoes in Midnight/Cream,2,05-08-2023
//www.lazada.sg/products/adidas-lifestyle-continental-80-vegan-shoes-men-white-fw2336-i1397870662.html,adidas Lifestyle Continental 80 Vegan Shoes Men White FW2336,2,05-08-2023
//www.lazada.sg/products/adidas-tennis-advantage-shoes-men-white-gw9166-i2639593675.html,adidas Tennis Advantage Shoes Men White GW9166,2,05-08-2023
//www.lazada.sg/products/new-balance-shoes-520-white-i2497126019.html,New Balance Shoes (520 - WHITE),2,05-08-2023
//www.lazada.sg/products/new-balance-shoes-520-black-i2497171147.html,New Balance Shoes (520 - BLACK),2,05-08-2023
//www.lazada.sg/products/skechers-online-exclusive-men-gorun-persistence-running-shoes-246053-ccbl-hyper-arc-arch-fit-carbon-infused-goodyear-rubber-ultra-flight-foam-i2448166130.html,"Skechers Online Exclusive Men GOrun Persistence Running Shoes - 246053-CCBL HYPER ARC, Arch Fit, Carbon Infused, Goodyear Rubber, Ultra Flight Foam",2,05-08-2023
//www.lazada.sg/products/skechers-online-exclusive-men-sport-mira-rylight-shoes-232219-ntmt-air-cooled-memory-foam-i2595614550.html,Skechers Online Exclusive Men Sport Mira Rylight Shoes - 232219-NTMT Air-Cooled Memory Foam,2,05-08-2023
//www.lazada.sg/products/skechers-online-exclusive-men-foamies-gowalk-5-astonished-walking-shoes-243002-ccor-anti-odor-comfort-pillar-technology-dual-density-hanger-optional-ultra-go-i2605336932.html,"Skechers Online Exclusive Men Foamies GOwalk 5 Astonished Walking Shoes - 243002-CCOR Anti-Odor, Comfort Pillar Technology, Dual-Density, Hanger Optional, Ultra Go",2,05-08-2023
//www.lazada.sg/products/nike-mens-court-air-zoom-lite-3-tennis-shoes-mineral-teal-i2763535722.html,Nike Men's Court Air Zoom Lite 3 Tennis Shoes - Mineral Teal,2,05-08-2023
//www.lazada.sg/products/nike-mens-court-vision-shoes-white-i2731374127.html,Nike Men's Court Vision Shoes - White,2,05-08-2023
//www.lazada.sg/products/nike-mens-mc-trainer-2-training-shoes-black-i2653180819.html,Nike Men's MC Trainer 2 Training Shoes - Black,2,05-08-2023
//www.lazada.sg/products/nike-mens-revolution-6-next-nature-running-shoes-black-i1994949062.html,Nike Men's Revolution 6 Next Nature Running Shoes - Black,2,05-08-2023
//www.lazada.sg/products/nike-mens-ebernon-low-shoes-white-i2203532891.html,Nike Men's Ebernon Low Shoes - White,2,05-08-2023
//www.lazada.sg/products/nike-mens-revolution-6-next-nature-running-shoes-black-i1994793953.html,Nike Men's Revolution 6 Next Nature Running Shoes - Black,2,05-08-2023
//www.lazada.sg/products/asics-running-shoes-i2455120016.html,Asics Running Shoes,2,05-08-2023
//www.lazada.sg/products/puma-enzo-sport-mens-running-shoes-i1869393761.html,PUMA Enzo Sport Men's Running Shoes,2,05-08-2023
//www.lazada.sg/products/nike-mens-court-air-zoom-lite-3-tennis-shoes-white-i2653267325.html,Nike Men's Court Air Zoom Lite 3 Tennis Shoes - White,2,05-08-2023
//www.lazada.sg/products/asics-men-classic-ct-sportstyle-shoes-in-whitemidnight-i2403871748.html,ASICS Men CLASSIC CT Sportstyle Shoes in White/Midnight,2,05-08-2023
//www.lazada.sg/products/nike-mens-legend-essential-3-next-nature-training-shoes-black-i2731379096.html,Nike Men's Legend Essential 3 Next Nature Training Shoes - Black,2,05-08-2023
//www.lazada.sg/products/puma-unisex-smash-leather-shoes-i1165168508.html,PUMA Unisex Smash Leather Shoes,2,05-08-2023
//www.lazada.sg/products/nike-mens-revolution-6-next-nature-road-running-shoes-bright-crimson-i2731376112.html,Nike Men's Revolution 6 Next Nature Road Running Shoes - Bright Crimson,2,05-08-2023
//www.lazada.sg/products/nike-mens-air-zoom-pegasus-37-road-running-shoes-off-noir-i2614817855.html,Nike Men's Air Zoom Pegasus 37 Road Running Shoes - Off Noir,2,05-08-2023
//www.lazada.sg/products/puma-unisex-rebound-lay-up-lo-sl-shoes-i2433317758.html,PUMA Unisex Rebound Lay Up Lo SL Shoes,2,05-08-2023
//www.lazada.sg/products/adidas-running-runfalcon-20-shoes-men-black-fz2803-i1859666345.html,adidas Running Runfalcon 2.0 Shoes Men Black FZ2803,2,05-08-2023
//www.lazada.sg/products/nike-unisex-free-metcon-4-training-shoes-anthracite-i2653267327.html,Nike Unisex Free Metcon 4 Training Shoes - Anthracite,2,05-08-2023
//www.lazada.sg/products/under-armour-ua-mens-charged-pursuit-3-running-shoes-i2743757462.html,Under Armour UA Men's Charged Pursuit 3 Running Shoes,2,05-08-2023
//www.lazada.sg/products/puma-unisex-rebound-lay-up-lo-mesh-shoes-i2086177999.html,PUMA Unisex Rebound Lay-Up Lo Mesh Shoes,2,05-08-2023
//www.lazada.sg/products/skechers-online-exclusive-men-sport-summits-torre-walking-shoes-232395-bkcc-memory-foam-lite-weight-machine-washable-i2595537752.html,"Skechers Online Exclusive Men Sport Summits Torre Walking Shoes - 232395-BKCC Memory Foam Lite-Weight, Machine Washable",2,05-08-2023
//www.lazada.sg/products/skechers-online-exclusive-men-gowalk-6-traverse-walking-shoes-216269-char-air-cooled-goga-mat-dual-density-outsole-hyper-pillar-technology-ortholite-ultra-go-i2307878972.html,"Skechers Online Exclusive Men GOwalk 6 Traverse Walking Shoes - 216269-CHAR Air-Cooled Goga Mat Dual-Density Outsole, Hyper Pillar Technology, Ortholite, Ultra Go",2,05-08-2023
//www.lazada.sg/products/puma-unisex-x-neymar-jr-wild-rider-sneaker-shoe-385048-01-sport-planet-18-13-i2620277523.html,Puma Unisex X Neymar Jr. Wild Rider Sneaker Shoe (385048-01) Sport Planet 18-13,2,05-08-2023
//www.lazada.sg/products/skechers-men-sport-flection-20-floma-shoes-8790148-nvy-memory-foam-i2784312994.html,Skechers Men Sport Flection 2.0 Floma Shoes - 8790148-NVY Memory Foam,2,05-08-2023
//www.lazada.sg/products/skechers-online-exclusive-men-sport-glide-step-sport-walking-shoes-232269-bkmt-air-cooled-memory-foam-glide-step-machine-washable-i2696934634.html,"Skechers Online Exclusive Men Sport Glide-Step Sport Walking Shoes - 232269-BKMT Air-Cooled Memory Foam Glide-Step, Machine Washable",3,05-08-2023
//www.lazada.sg/products/puma-unisex-smash-vulcanised-v3-low-shoes-i2659292339.html,PUMA Unisex Smash Vulcanised V3 Low Shoes,3,05-08-2023
//www.lazada.sg/products/skechers-online-exclusive-men-gorun-persistence-running-shoes-246053-blyl-hyper-arc-arch-fit-carbon-infused-goodyear-rubber-ultra-flight-foam-i2448033778.html,"Skechers Online Exclusive Men GOrun Persistence Running Shoes - 246053-BLYL HYPER ARC, Arch Fit, Carbon Infused, Goodyear Rubber, Ultra Flight Foam",3,05-08-2023
//www.lazada.sg/products/nike-mens-ebernon-low-shoes-white-i2203532891.html,Nike Men's Ebernon Low Shoes - White,3,05-08-2023
//www.lazada.sg/products/skechers-online-exclusive-men-sport-dlux-fitness-roam-free-walking-shoes-232358-tpe-air-cooled-memory-foam-machine-washable-i2355151714.html,Skechers Online Exclusive Men Sport D'Lux Fitness Roam Free Walking Shoes - 232358-TPE Air-Cooled Memory Foam Machine Washable,3,05-08-2023
//www.lazada.sg/products/skechers-online-exclusive-men-sport-summits-torre-walking-shoes-232395-bkcc-memory-foam-lite-weight-machine-washable-i2595537752.html,"Skechers Online Exclusive Men Sport Summits Torre Walking Shoes - 232395-BKCC Memory Foam Lite-Weight, Machine Washable",3,05-08-2023
//www.lazada.sg/products/nike-mens-court-vision-low-next-nature-shoes-black-i1889791160.html,Nike Men's Court Vision Low Next Nature Shoes - Black,3,05-08-2023
//www.lazada.sg/products/nike-mens-court-vision-low-next-nature-shoes-white-i2715860198.html,Nike Men's Court Vision Low Next Nature Shoes - White,3,05-08-2023
//www.lazada.sg/products/skechers-online-exclusive-men-foamies-gowalk-5-astonished-walking-shoes-243002-ccor-anti-odor-comfort-pillar-technology-dual-density-hanger-optional-ultra-go-i2605336932.html,"Skechers Online Exclusive Men Foamies GOwalk 5 Astonished Walking Shoes - 243002-CCOR Anti-Odor, Comfort Pillar Technology, Dual-Density, Hanger Optional, Ultra Go",3,05-08-2023
//www.lazada.sg/products/puma-enzo-sport-mens-running-shoes-i1869393761.html,PUMA Enzo Sport Men's Running Shoes,3,05-08-2023
//www.lazada.sg/products/nike-mens-revolution-6-next-nature-running-shoes-black-i1994949062.html,Nike Men's Revolution 6 Next Nature Running Shoes - Black,3,05-08-2023
//www.lazada.sg/products/skechers-online-exclusive-men-sport-mira-rylight-shoes-232219-ntmt-air-cooled-memory-foam-i2595614550.html,Skechers Online Exclusive Men Sport Mira Rylight Shoes - 232219-NTMT Air-Cooled Memory Foam,3,05-08-2023
//www.lazada.sg/products/nike-mens-court-vision-low-shoes-white-i2715818429.html,Nike Men's Court Vision Low Shoes - White,3,05-08-2023
//www.lazada.sg/products/nike-mens-court-vision-shoes-white-i2731374127.html,Nike Men's Court Vision Shoes - White,3,05-08-2023
//www.lazada.sg/products/nike-mens-court-vision-low-shoes-black-i2650048700.html,Nike Men's Court Vision Low Shoes - Black,3,05-08-2023
//www.lazada.sg/products/asics-running-shoes-i2455120016.html,Asics Running Shoes,3,05-08-2023
//www.lazada.sg/products/skechers-online-exclusive-men-sport-arch-fit-infinity-cool-walking-shoes-232303-blk-arch-fit-i2390976912.html,Skechers Online Exclusive Men Sport Arch Fit Infinity Cool Walking Shoes - 232303-BLK Arch Fit,3,05-08-2023
//www.lazada.sg/products/nike-mens-court-royale-shoes-white-i2650043816.html,Nike Men's Court Royale Shoes - White,3,05-08-2023
//www.lazada.sg/products/adidas-running-runfalcon-20-shoes-men-black-fz2803-i1859666345.html,adidas Running Runfalcon 2.0 Shoes Men Black FZ2803,3,05-08-2023
//www.lazada.sg/products/nike-mens-revolution-6-next-nature-running-shoes-black-i1994793953.html,Nike Men's Revolution 6 Next Nature Running Shoes - Black,3,05-08-2023
//www.lazada.sg/products/nike-mens-court-vision-low-next-nature-shoes-white-i1889728591.html,Nike Men's Court Vision Low Next Nature Shoes - White,3,05-08-2023
//www.lazada.sg/products/nike-mens-court-air-zoom-lite-3-tennis-shoes-white-i2653267325.html,Nike Men's Court Air Zoom Lite 3 Tennis Shoes - White,3,05-08-2023
//www.lazada.sg/products/nike-mens-air-max-sc-shoes-pure-platinum-i2650107391.html,Nike Men's Air Max SC Shoes - Pure Platinum,3,05-08-2023
//www.lazada.sg/products/skechers-online-exclusive-men-sport-ultra-flex-20-kerlem-shoes-232108-bbk-air-cooled-memory-foam-machine-washable-i1646274881.html,Skechers Online Exclusive Men Sport Ultra Flex 2.0 Kerlem Shoes - 232108-BBK Air-Cooled Memory Foam Machine Washable,3,05-08-2023
//www.lazada.sg/products/nike-mens-mc-trainer-2-training-shoes-black-i2653180819.html,Nike Men's MC Trainer 2 Training Shoes - Black,3,05-08-2023
//www.lazada.sg/products/nike-mens-court-air-zoom-lite-3-tennis-shoes-mineral-teal-i2763535722.html,Nike Men's Court Air Zoom Lite 3 Tennis Shoes - Mineral Teal,3,05-08-2023
//www.lazada.sg/products/nike-mens-court-vision-low-next-nature-shoes-white-i1945159587.html,Nike Men's Court Vision Low Next Nature Shoes - White,3,05-08-2023
//www.lazada.sg/products/nike-mens-pegasus-40-road-running-shoes-white-i2734075602.html,Nike Men's Pegasus 40 Road Running Shoes - White,3,05-08-2023
//www.lazada.sg/products/skechers-online-exclusive-men-gowalk-6-traverse-walking-shoes-216269-choc-air-cooled-goga-mat-dual-density-outsole-hyper-pillar-technology-ortholite-ultra-go-i2307927811.html,"Skechers Online Exclusive Men GOwalk 6 Traverse Walking Shoes - 216269-CHOC Air-Cooled Goga Mat Dual-Density Outsole, Hyper Pillar Technology, Ortholite, Ultra Go",3,05-08-2023
//www.lazada.sg/products/nike-mens-experience-run-11-next-nature-road-running-shoes-aviator-grey-i2650045831.html,Nike Men's Experience Run 11 Next Nature Road Running Shoes - Aviator Grey,3,05-08-2023
//www.lazada.sg/products/puma-unisex-smash-leather-shoes-i1165168508.html,PUMA Unisex Smash Leather Shoes,3,05-08-2023
//www.lazada.sg/products/skechers-online-exclusive-men-gorun-persistence-running-shoes-246053-ccbl-hyper-arc-arch-fit-carbon-infused-goodyear-rubber-ultra-flight-foam-i2448166130.html,"Skechers Online Exclusive Men GOrun Persistence Running Shoes - 246053-CCBL HYPER ARC, Arch Fit, Carbon Infused, Goodyear Rubber, Ultra Flight Foam",3,05-08-2023
//www.lazada.sg/products/skechers-online-exclusive-men-max-protect-shoes-237303-ccmt-air-cooled-memory-foam-anti-slip-under-wet-and-dry-conditions-goodyear-rubber-water-repellent-trail-i2451329023.html,"Skechers Online Exclusive Men Max Protect Shoes - 237303-CCMT Air-Cooled Memory Foam Anti-Slip Under Wet and Dry Conditions, Goodyear Rubber, Water Repellent, Trail",3,05-08-2023
//www.lazada.sg/products/skechers-online-exclusive-men-sport-mira-shoes-232373-bkw-air-cooled-memory-foam-i2412167151.html,Skechers Online Exclusive Men Sport Mira Shoes - 232373-BKW Air-Cooled Memory Foam,3,05-08-2023
//www.lazada.sg/products/nike-mens-renew-ride-3-road-running-shoes-black-i2650122250.html,Nike Men's Renew Ride 3 Road Running Shoes - Black,3,05-08-2023
//www.lazada.sg/products/nike-mens-air-zoom-pegasus-37-road-running-shoes-off-noir-i2614817855.html,Nike Men's Air Zoom Pegasus 37 Road Running Shoes - Off Noir,3,05-08-2023
//www.lazada.sg/products/nike-mens-downshifter-12-road-running-shoes-ashen-slate-i2653291153.html,Nike Men's Downshifter 12 Road Running Shoes - Ashen Slate,3,05-08-2023
//www.lazada.sg/products/skechers-online-exclusive-men-gowalk-6-traverse-walking-shoes-216269-char-air-cooled-goga-mat-dual-density-outsole-hyper-pillar-technology-ortholite-ultra-go-i2307878972.html,"Skechers Online Exclusive Men GOwalk 6 Traverse Walking Shoes - 216269-CHAR Air-Cooled Goga Mat Dual-Density Outsole, Hyper Pillar Technology, Ortholite, Ultra Go",3,05-08-2023
//www.lazada.sg/products/nike-mens-downshifter-11-running-shoes-black-i1691320764.html,Nike Men's Downshifter 11 Running Shoes - Black,3,05-08-2023
//www.lazada.sg/products/nike-mens-ebernon-low-shoes-black-i2367283182.html,Nike Men's Ebernon Low Shoes - Black,3,05-08-2023
//www.lazada.sg/products/skechers-online-exclusive-men-sport-glide-step-sport-walking-shoes-232269-bkmt-air-cooled-memory-foam-glide-step-machine-washable-i2696934634.html,"Skechers Online Exclusive Men Sport Glide-Step Sport Walking Shoes - 232269-BKMT Air-Cooled Memory Foam Glide-Step, Machine Washable",4,05-08-2023
//www.lazada.sg/products/skechers-online-exclusive-men-gorun-persistence-running-shoes-246053-blyl-hyper-arc-arch-fit-carbon-infused-goodyear-rubber-ultra-flight-foam-i2448033778.html,"Skechers Online Exclusive Men GOrun Persistence Running Shoes - 246053-BLYL HYPER ARC, Arch Fit, Carbon Infused, Goodyear Rubber, Ultra Flight Foam",4,05-08-2023
//www.lazada.sg/products/skechers-online-exclusive-men-foamies-gowalk-5-astonished-walking-shoes-243002-ccor-anti-odor-comfort-pillar-technology-dual-density-hanger-optional-ultra-go-i2605336932.html,"Skechers Online Exclusive Men Foamies GOwalk 5 Astonished Walking Shoes - 243002-CCOR Anti-Odor, Comfort Pillar Technology, Dual-Density, Hanger Optional, Ultra Go",4,05-08-2023
//www.lazada.sg/products/skechers-online-exclusive-men-sport-summits-torre-walking-shoes-232395-bkcc-memory-foam-lite-weight-machine-washable-i2595537752.html,"Skechers Online Exclusive Men Sport Summits Torre Walking Shoes - 232395-BKCC Memory Foam Lite-Weight, Machine Washable",4,05-08-2023
//www.lazada.sg/products/under-armour-mens-ua-charged-assert-10-running-shoes-i2848506542.html,Under Armour Men's UA Charged Assert 10 Running Shoes,4,05-08-2023
//www.lazada.sg/products/nike-mens-free-run-50-road-running-shoes-oxygen-purple-i2802003186.html,Nike Men's Free Run 5.0 Road Running Shoes - Oxygen Purple,4,05-08-2023
//www.lazada.sg/products/skechers-online-exclusive-men-max-protect-shoes-237303-bkcc-air-cooled-memory-foam-anti-slip-under-wet-and-dry-conditions-goodyear-rubber-water-repellent-trail-i2116144224.html,"Skechers Online Exclusive Men Max Protect Shoes - 237303-BKCC Air-Cooled Memory Foam Anti-Slip Under Wet and Dry Conditions, Goodyear Rubber, Water Repellent, Trail",4,05-08-2023
//www.lazada.sg/products/skechers-online-exclusive-men-sport-dlux-fitness-perfect-timing-walking-shoes-232359-bkw-air-cooled-memory-foam-relaxed-fit-i2448095395.html,Skechers Online Exclusive Men Sport D'Lux Fitness Perfect Timing Walking Shoes - 232359-BKW Air-Cooled Memory Foam Relaxed Fit,4,05-08-2023
//www.lazada.sg/products/skechers-online-exclusive-men-gorun-persistence-running-shoes-246053-ccbl-hyper-arc-arch-fit-carbon-infused-goodyear-rubber-ultra-flight-foam-i2448166130.html,"Skechers Online Exclusive Men GOrun Persistence Running Shoes - 246053-CCBL HYPER ARC, Arch Fit, Carbon Infused, Goodyear Rubber, Ultra Flight Foam",4,05-08-2023
//www.lazada.sg/products/new-puma-unisex-dare-training-shoes-black-i2836559557.html,[NEW] PUMA Unisex Dare Training Shoes (Black),4,05-08-2023
//www.lazada.sg/products/skechers-online-exclusive-men-max-protect-shoes-237303-ccmt-air-cooled-memory-foam-anti-slip-under-wet-and-dry-conditions-goodyear-rubber-water-repellent-trail-i2451329023.html,"Skechers Online Exclusive Men Max Protect Shoes - 237303-CCMT Air-Cooled Memory Foam Anti-Slip Under Wet and Dry Conditions, Goodyear Rubber, Water Repellent, Trail",4,05-08-2023
//www.lazada.sg/products/skechers-online-exclusive-men-sport-mira-rylight-shoes-232219-ntmt-air-cooled-memory-foam-i2595614550.html,Skechers Online Exclusive Men Sport Mira Rylight Shoes - 232219-NTMT Air-Cooled Memory Foam,4,05-08-2023
//www.lazada.sg/products/adidas-adizero-boston-11-men-running-shoes-solar-orange-gx6652-i2621595634.html,Adidas Adizero Boston 11 - Men Running Shoes (Solar Orange) GX6652,4,05-08-2023
//www.lazada.sg/products/nike-mens-court-vision-shoes-white-i2731374127.html,Nike Men's Court Vision Shoes - White,4,05-08-2023
//www.lazada.sg/products/adidas-running-duramo-sl-shoes-men-white-fw7391-i953586159.html,adidas Running Duramo SL Shoes Men White FW7391,4,05-08-2023
//www.lazada.sg/products/adidas-running-run-falcon-20-shoes-men-white-g58098-i1965480875.html,adidas Running Run Falcon 2.0 Shoes Men White G58098,4,05-08-2023
//www.lazada.sg/products/nike-mens-downshifter-12-road-running-shoes-black-i2585457332.html,Nike Men's Downshifter 12 Road Running Shoes - Black,4,05-08-2023
//www.lazada.sg/products/nike-mens-flex-experience-run-11-next-nature-road-running-shoes-black-i2715803479.html,Nike Men's Flex Experience Run 11 Next Nature Road Running Shoes - Black,4,05-08-2023
//www.lazada.sg/products/puma-unisex-scuderia-ferrari-r-cat-machina-motorsport-shoes-jr-i2465637991.html,PUMA Unisex Scuderia Ferrari R-Cat Machina Motorsport Shoes JR,4,05-08-2023
//www.lazada.sg/products/under-armour-ua-mens-tribase-vital-training-shoes-i2743722569.html,Under Armour UA Men's TriBaseâ„¢ Vital Training Shoes,4,05-08-2023
//www.lazada.sg/products/craft-pro-endur-distance-m-asphaltash-1912183-995914-i2749256555.html,CRAFT PRO ENDUR DISTANCE M ASPHALT/ASH 1912183-995914,4,05-08-2023
//www.lazada.sg/products/adidas-ultraboost-22-men-running-shoes-grey-gx5460-i2437470500.html,Adidas Ultraboost 22 - Men Running Shoes (Grey) GX5460,4,05-08-2023
//www.lazada.sg/products/craft-ctm-ultra-2-m-ash-whitglxy-1912181-895350-i2749366157.html,CRAFT CTM ULTRA 2 M ASH WHIT/GLXY  1912181-895350,4,05-08-2023
//www.lazada.sg/products/craft-pro-endur-distance-m-gemsolo-1912183-663573-i2749346318.html,CRAFT PRO ENDUR DISTANCE M GEM/SOLO 1912183-663573,4,05-08-2023
//www.lazada.sg/products/adidas-running-run-falcon-20-shoes-men-grey-gx8240-i2640212004.html,adidas Running Run Falcon 2.0 Shoes Men Grey GX8240,4,05-08-2023
//www.lazada.sg/products/nike-mens-air-pegasus-83-shoes-white-i2650032884.html,Nike Men's Air Pegasus 83 Shoes - White,4,05-08-2023
//www.lazada.sg/products/nike-mens-pegasus-38-road-running-shoes-white-i2831044258.html,Nike Men's Pegasus 38 Road Running Shoes - White,4,05-08-2023
//www.lazada.sg/products/nike-mens-flex-control-4-training-shoes-white-i2817101618.html,Nike Men's Flex Control 4 Training Shoes - White,4,05-08-2023
//www.lazada.sg/products/asics-men-novablast-2-le-running-shoes-in-blackhazard-green-i2474603444.html,ASICS Men NOVABLAST 2 LE Running Shoes in Black/Hazard Green,4,05-08-2023
//www.lazada.sg/products/nike-mens-air-max-2017-shoes-white-i2614842669.html,Nike Men's Air Max 2017 Shoes - White,4,05-08-2023
//www.lazada.sg/products/converse-chuck-70-hi-unisex-sneakers-oat-milkegretblack-i2730005893.html,Converse Chuck 70 Hi Unisex Sneakers - Oat Milk/Egret/Black,4,05-08-2023
//www.lazada.sg/products/nike-mens-court-vision-low-next-nature-shoes-black-i2585457331.html,Nike Men's Court Vision Low Next Nature Shoes - Black,4,05-08-2023
//www.lazada.sg/products/bata-men-red-label-casual-lace-up-shoes-851x522-i2383950131.html,BATA Men Red Label Casual Lace Up Shoes 851X522,4,05-08-2023
//www.lazada.sg/products/adidas-ultraboost-22-men-running-shoes-all-moss-strikeall-moss-stripesolar-yellow-gx5557-i2673828610.html,Adidas Ultraboost 22 - Men Running Shoes (All-Moss Strike/All-Moss Stripe/Solar Yellow) GX5557,4,05-08-2023
//www.lazada.sg/products/adidas-running-eq19-run-shoes-men-white-h68091-i2418396377.html,adidas Running EQ19 Run Shoes Men White H68091,4,05-08-2023
//www.lazada.sg/products/skechers-men-foamies-gowalk-5-shoes-243032-wnv-i2740413388.html,Skechers Men Foamies GOwalk 5 Shoes - 243032-WNV,4,05-08-2023
//www.lazada.sg/products/skechers-online-exclusive-men-sport-mira-rylight-shoes-232219-wmlt-air-cooled-memory-foam-i2595492924.html,Skechers Online Exclusive Men Sport Mira Rylight Shoes - 232219-WMLT Air-Cooled Memory Foam,4,05-08-2023
//www.lazada.sg/products/skechers-online-exclusive-men-gowalk-6-traverse-walking-shoes-216269-char-air-cooled-goga-mat-dual-density-outsole-hyper-pillar-technology-ortholite-ultra-go-i2307878972.html,"Skechers Online Exclusive Men GOwalk 6 Traverse Walking Shoes - 216269-CHAR Air-Cooled Goga Mat Dual-Density Outsole, Hyper Pillar Technology, Ortholite, Ultra Go",4,05-08-2023
//www.lazada.sg/products/skechers-online-exclusive-men-gowalk-6-traverse-walking-shoes-216269-choc-air-cooled-goga-mat-dual-density-outsole-hyper-pillar-technology-ortholite-ultra-go-i2307927811.html,"Skechers Online Exclusive Men GOwalk 6 Traverse Walking Shoes - 216269-CHOC Air-Cooled Goga Mat Dual-Density Outsole, Hyper Pillar Technology, Ortholite, Ultra Go",4,05-08-2023
//www.lazada.sg/products/skechers-online-exclusive-men-sport-dlux-fitness-perfect-timing-walking-shoes-232359-gry-air-cooled-memory-foam-relaxed-fit-i2448005716.html,Skechers Online Exclusive Men Sport D'Lux Fitness Perfect Timing Walking Shoes - 232359-GRY Air-Cooled Memory Foam Relaxed Fit,4,05-08-2023
//www.lazada.sg/products/puma-unisex-smash-vulcanised-v3-low-shoes-i2659292339.html,PUMA Unisex Smash Vulcanised V3 Low Shoes,5,05-08-2023
//www.lazada.sg/products/skechers-online-exclusive-men-sport-glide-step-sport-walking-shoes-232269-bkmt-air-cooled-memory-foam-glide-step-machine-washable-i2696934634.html,"Skechers Online Exclusive Men Sport Glide-Step Sport Walking Shoes - 232269-BKMT Air-Cooled Memory Foam Glide-Step, Machine Washable",5,05-08-2023
//www.lazada.sg/products/skechers-online-exclusive-men-gorun-persistence-running-shoes-246053-blyl-hyper-arc-arch-fit-carbon-infused-goodyear-rubber-ultra-flight-foam-i2448033778.html,"Skechers Online Exclusive Men GOrun Persistence Running Shoes - 246053-BLYL HYPER ARC, Arch Fit, Carbon Infused, Goodyear Rubber, Ultra Flight Foam",5,05-08-2023
//www.lazada.sg/products/skechers-online-exclusive-men-foamies-gowalk-5-astonished-walking-shoes-243002-ccor-anti-odor-comfort-pillar-technology-dual-density-hanger-optional-ultra-go-i2605336932.html,"Skechers Online Exclusive Men Foamies GOwalk 5 Astonished Walking Shoes - 243002-CCOR Anti-Odor, Comfort Pillar Technology, Dual-Density, Hanger Optional, Ultra Go",5,05-08-2023
//www.lazada.sg/products/adidas-tennis-advantage-shoes-men-white-gw9161-i2640042935.html,adidas Tennis Advantage Shoes Men White GW9161,5,05-08-2023
//www.lazada.sg/products/nike-mens-ebernon-low-shoes-white-i2203532891.html,Nike Men's Ebernon Low Shoes - White,5,05-08-2023
//www.lazada.sg/products/skechers-online-exclusive-men-gorun-persistence-running-shoes-246053-ccbl-hyper-arc-arch-fit-carbon-infused-goodyear-rubber-ultra-flight-foam-i2448166130.html,"Skechers Online Exclusive Men GOrun Persistence Running Shoes - 246053-CCBL HYPER ARC, Arch Fit, Carbon Infused, Goodyear Rubber, Ultra Flight Foam",5,05-08-2023
//www.lazada.sg/products/new-balance-shoes-520-white-i2497126019.html,New Balance Shoes (520 - WHITE),5,05-08-2023
//www.lazada.sg/products/adidas-lifestyle-continental-80-vegan-shoes-men-white-fw2336-i1397870662.html,adidas Lifestyle Continental 80 Vegan Shoes Men White FW2336,5,05-08-2023
//www.lazada.sg/products/skechers-online-exclusive-men-sport-mira-rylight-shoes-232219-ntmt-air-cooled-memory-foam-i2595614550.html,Skechers Online Exclusive Men Sport Mira Rylight Shoes - 232219-NTMT Air-Cooled Memory Foam,5,05-08-2023
//www.lazada.sg/products/nike-mens-court-vision-shoes-white-i2731374127.html,Nike Men's Court Vision Shoes - White,5,05-08-2023
//www.lazada.sg/products/nike-mens-downshifter-12-road-running-shoes-black-i2585457332.html,Nike Men's Downshifter 12 Road Running Shoes - Black,5,05-08-2023
//www.lazada.sg/products/nike-mens-air-max-axis-shoes-white-i2487340471.html,Nike Men's Air Max Axis Shoes - White,5,05-08-2023
//www.lazada.sg/products/nike-mens-wearallday-shoes-white-i1889676875.html,Nike Men's Wearallday Shoes - White,5,05-08-2023
//www.lazada.sg/products/nike-mens-flex-experience-run-11-next-nature-road-running-shoes-black-i2715803479.html,Nike Men's Flex Experience Run 11 Next Nature Road Running Shoes - Black,5,05-08-2023
//www.lazada.sg/products/nike-mens-flex-experience-run-10-road-running-shoes-black-i2810966366.html,Nike Men's Flex Experience Run 10 Road Running Shoes - Black,5,05-08-2023
//www.lazada.sg/products/nike-mens-air-max-axis-shoes-black-i2487265910.html,Nike Men's Air Max Axis Shoes - Black,5,05-08-2023
//www.lazada.sg/products/adidas-ultraboost-22-men-running-shoes-grey-gx5460-i2437470500.html,Adidas Ultraboost 22 - Men Running Shoes (Grey) GX5460,5,05-08-2023
//www.lazada.sg/products/nike-mens-flex-experience-run-10-road-running-shoes-grey-i2810979261.html,Nike Men's Flex Experience Run 10 Road Running Shoes - Grey,5,05-08-2023
//www.lazada.sg/products/nike-mens-flex-control-4-training-shoes-black-i2487269876.html,Nike Men's Flex Control 4 Training Shoes - Black,5,05-08-2023
//www.lazada.sg/products/nike-mens-pegasus-38-road-running-shoes-white-i2831044258.html,Nike Men's Pegasus 38 Road Running Shoes - White,5,05-08-2023
//www.lazada.sg/products/hoka-men-clifton-9-wide-running-shoes-ceramic-evening-primrose-i2772446227.html,Hoka Men Clifton 9 Wide Running Shoes - Ceramic / Evening Primrose,5,05-08-2023
//www.lazada.sg/products/nike-mens-air-pegasus-83-shoes-white-i2650032884.html,Nike Men's Air Pegasus 83 Shoes - White,5,05-08-2023
//www.lazada.sg/products/nike-mens-court-air-zoom-lite-3-tennis-shoes-mineral-teal-i2763535722.html,Nike Men's Court Air Zoom Lite 3 Tennis Shoes - Mineral Teal,5,05-08-2023
//www.lazada.sg/products/nike-mens-court-air-zoom-lite-3-tennis-shoes-white-i2653267325.html,Nike Men's Court Air Zoom Lite 3 Tennis Shoes - White,5,05-08-2023
//www.lazada.sg/products/nike-mens-mc-trainer-2-training-shoes-black-i2653180819.html,Nike Men's MC Trainer 2 Training Shoes - Black,5,05-08-2023
//www.lazada.sg/products/nike-mens-revolution-6-next-nature-running-shoes-black-i1994949062.html,Nike Men's Revolution 6 Next Nature Running Shoes - Black,5,05-08-2023
//www.lazada.sg/products/nike-mens-revolution-6-next-nature-running-shoes-black-i1994793953.html,Nike Men's Revolution 6 Next Nature Running Shoes - Black,5,05-08-2023
//www.lazada.sg/products/asics-men-solution-speed-ff-2-tennis-shoes-in-whitetuna-blue-i2781585385.html,ASICS Men SOLUTION SPEED FF 2 Tennis Shoes in White/Tuna Blue,5,05-08-2023
//www.lazada.sg/products/asics-men-classic-ct-sportstyle-shoes-in-whitemidnight-i2403871748.html,ASICS Men CLASSIC CT Sportstyle Shoes in White/Midnight,5,05-08-2023
//www.lazada.sg/products/puma-enzo-sport-mens-running-shoes-i1869393761.html,PUMA Enzo Sport Men's Running Shoes,5,05-08-2023
//www.lazada.sg/products/nike-mens-court-vpr-lite-2-hard-court-tennis-shoes-white-i2731321654.html,Nike Men's Court Vpr Lite 2 Hard Court Tennis Shoes - White,5,05-08-2023
//www.lazada.sg/products/nike-mens-legend-essential-3-next-nature-training-shoes-black-i2731379096.html,Nike Men's Legend Essential 3 Next Nature Training Shoes - Black,5,05-08-2023
//www.lazada.sg/products/new-balance-shoes-520-black-i2497171147.html,New Balance Shoes (520 - BLACK),5,05-08-2023
//www.lazada.sg/products/nike-mens-court-air-zoom-lite-3-tennis-shoes-black-i2630183976.html,Nike Men's Court Air Zoom Lite 3 Tennis Shoes - Black,5,05-08-2023
//www.lazada.sg/products/head-revolt-court-men-tennis-shoes-white-dark-grey-273412-i2456922864.html,Head Revolt Court - Men Tennis Shoes (White | Dark grey) 273412,5,05-08-2023
//www.lazada.sg/products/adidas-tennis-advantage-shoes-men-white-hr0235-i2639692029.html,adidas Tennis Advantage Shoes Men White HR0235,5,05-08-2023
//www.lazada.sg/products/nike-mens-court-vpr-lite-2-hard-court-tennis-shoes-black-i2731329632.html,Nike Men's Court Vpr Lite 2 Hard Court Tennis Shoes - Black,5,05-08-2023
//www.lazada.sg/products/nike-mens-court-vision-low-next-nature-shoes-black-i1889791160.html,Nike Men's Court Vision Low Next Nature Shoes - Black,5,05-08-2023
//www.lazada.sg/products/puma-unisex-rs-z-bp-shoes-i2162184615.html,PUMA Unisex RS-Z BP Shoes,5,05-08-2023
