https://shopee.sg/Salomon-Men-XA-Pro-3D-V8-Wide-Gore-Tex-Trail-Running-Shoes-Ebony-Caramel-Cafe-Black-i.382766669.17692301706?sp_atk=351b05e2-79d3-4156-80c1-714417e09854&xptdk=351b05e2-79d3-4156-80c1-714417e09854,Salomon Men XA Pro 3D V8 Wide Gore-Tex Trail Running Shoes - Ebony/Caramel Cafe/Black,1,04-08-2023
https://shopee.sg/Under-Armour-UA-Men's-Charged-Rogue-3-Knit-Running-Shoes-i.252648730.23730982432?sp_atk=290b75e9-13e1-4209-b0fa-dda6ff3a9914&xptdk=290b75e9-13e1-4209-b0fa-dda6ff3a9914,Under Armour UA Men's Charged Rogue 3 Knit Running Shoes,1,04-08-2023
https://shopee.sg/adidas-Running-Questar-Flow-NXT-Shoes-Men-Blue-FY9561-i.265436651.19448034740?sp_atk=d9852401-9b81-432f-ae5b-311be14b786a&xptdk=d9852401-9b81-432f-ae5b-311be14b786a,adidas Running Questar Flow NXT Shoes Men Blue FY9561,1,04-08-2023
https://shopee.sg/adidas-Running-Questar-Flow-NXT-Shoes-Men-Black-GZ8102-i.265436651.21948673025?sp_atk=83b2e299-45c4-4b2c-a0bd-9bc084484679&xptdk=83b2e299-45c4-4b2c-a0bd-9bc084484679,adidas Running Questar Flow NXT Shoes Men Black GZ8102,1,04-08-2023
https://shopee.sg/adidas-Running-Duramo-9-Shoes-Men-White-EG8665-i.265436651.10851290600?sp_atk=b0cdd67d-18c1-46da-b4a4-c0c7b873139a&xptdk=b0cdd67d-18c1-46da-b4a4-c0c7b873139a,adidas Running Duramo 9 Shoes Men White EG8665,1,04-08-2023
https://shopee.sg/adidas-Running-Racer-TR21-Shoes-Men-Black-GX0902-i.265436651.19172578735?sp_atk=f961de7b-cd21-4d81-ba9f-86ecb14ad7ab&xptdk=f961de7b-cd21-4d81-ba9f-86ecb14ad7ab,adidas Running Racer TR21 Shoes Men Black GX0902,1,04-08-2023
https://shopee.sg/New-Balance-Fresh-Foam-X-860v12-Mens-Running-2E-i.82375312.18581537491?sp_atk=ecdc81b1-ec91-4605-bab2-458b94c04bae&xptdk=ecdc81b1-ec91-4605-bab2-458b94c04bae,New Balance Fresh Foam X 860v12 Mens Running 2E,1,04-08-2023
https://shopee.sg/adidas-Running-Duramo-9-Shoes-Men-Grey-EG8662-i.265436651.9573477583?sp_atk=156ff802-3853-4ac5-a650-459479823116&xptdk=156ff802-3853-4ac5-a650-459479823116,adidas Running Duramo 9 Shoes Men Grey EG8662,1,04-08-2023
https://shopee.sg/ASICS-Men-HYPER-SPEED-Running-Shoes-in-Shocking-Orange-Black-i.455553838.17592504176?sp_atk=1baed39d-8fff-4e5b-abcf-d165abc83dbb&xptdk=1baed39d-8fff-4e5b-abcf-d165abc83dbb,ASICS Men HYPER SPEED Running Shoes in Shocking Orange/Black,1,04-08-2023
https://shopee.sg/adidas-Running-Energyfalcon-Shoes-Men-White-FW2382-i.265436651.6345520612?sp_atk=239a43b9-9ab8-4972-a46b-d0d930c5c575&xptdk=239a43b9-9ab8-4972-a46b-d0d930c5c575,adidas Running Energyfalcon Shoes Men White FW2382,1,04-08-2023
https://shopee.sg/PUMA-Scorch-Runner-Men's-Running-Shoes-(Gray)-i.341363989.22342426349?sp_atk=9b6a8f61-073c-463d-ae54-6dd6cb777b34&xptdk=9b6a8f61-073c-463d-ae54-6dd6cb777b34,PUMA Scorch Runner Men's Running Shoes (Gray),1,04-08-2023
https://shopee.sg/Under-Armour-UA-Men's-UA-Charged-Vantage-2-Running-Shoes-i.252648730.22665581911?sp_atk=6ec4ae17-e7b9-450b-8721-98c572c054fa&xptdk=6ec4ae17-e7b9-450b-8721-98c572c054fa,Under Armour UA Men's UA Charged Vantage 2 Running Shoes,1,04-08-2023
https://shopee.sg/New-Balance-Fresh-Foam-Arishi-V4-Mens-Running-2E-i.82375312.23547294647?sp_atk=e4d1ea42-424a-4239-b4dc-f6c3f5e2f549&xptdk=e4d1ea42-424a-4239-b4dc-f6c3f5e2f549,New Balance Fresh Foam Arishi V4 Mens Running 2E,1,04-08-2023
https://shopee.sg/Under-Armour-UA-Men's-HOVR™-Infinite-4-Running-Shoes-i.252648730.19472262170?sp_atk=e5c62c72-73a7-41b0-aee4-1f90b07e81a7&xptdk=e5c62c72-73a7-41b0-aee4-1f90b07e81a7,Under Armour UA Men's HOVR™ Infinite 4 Running Shoes,1,04-08-2023
https://shopee.sg/Saucony-Men-Guide-15-Running-Shoes-Acid-Blue-Raz-i.972850661.16293885742?sp_atk=c7878a48-0fd4-4e5b-8257-0571fb10a2c1&xptdk=c7878a48-0fd4-4e5b-8257-0571fb10a2c1,Saucony Men Guide 15 Running Shoes - Acid / Blue Raz,1,04-08-2023
https://shopee.sg/ON-Men-Cloudflyer-4-Running-Shoes-Glacier-Meadow-i.258374675.22944322600?sp_atk=c33438ab-8e35-4989-b867-5c2ac9f8f0b7&xptdk=c33438ab-8e35-4989-b867-5c2ac9f8f0b7,ON Men Cloudflyer 4 Running Shoes - Glacier / Meadow,1,04-08-2023
https://shopee.sg/Skechers-Online-Exclusive-Men-GOrun-Razor-Excess-Running-Shoes-246004-YLNV-Breathable-Goodyear-Rubber-Hyper-Burst-i.84710867.23028516332?sp_atk=a4ae33a5-d2e8-4eb8-b3c9-c7c978b182bc&xptdk=a4ae33a5-d2e8-4eb8-b3c9-c7c978b182bc,"Skechers Online Exclusive Men GOrun Razor Excess Running Shoes - 246004-YLNV Breathable, Goodyear Rubber, Hyper Burst",1,04-08-2023
https://shopee.sg/Hoka-Men-Rincon-3-Running-Shoes-Ice-Flow-Cloud-Blue-i.258374675.22741361926?sp_atk=b8da519c-065c-4848-bcfb-36ee47167d3e&xptdk=b8da519c-065c-4848-bcfb-36ee47167d3e,Hoka Men Rincon 3 Running Shoes - Ice Flow / Cloud Blue,1,04-08-2023
https://shopee.sg/Under-Armour-UA-Men's-HOVR™-Sonic-5-Running-Shoes-i.252648730.21229922303?sp_atk=90516bcb-294e-41ec-81ed-1fe4aa900083&xptdk=90516bcb-294e-41ec-81ed-1fe4aa900083,Under Armour UA Men's HOVR™ Sonic 5 Running Shoes,1,04-08-2023
https://shopee.sg/ASICS-Men-VERSABLAST-2-Running-Shoes-in-Midnight-Azure-i.455553838.19457032726?sp_atk=54806b08-1031-428f-8b75-2429bf961ab3&xptdk=54806b08-1031-428f-8b75-2429bf961ab3,ASICS Men VERSABLAST 2 Running Shoes in Midnight/Azure,1,04-08-2023
https://shopee.sg/adidas-Running-Run-Falcon-2.0-Shoes-Men-Grey-GX8240-i.265436651.23022231917?sp_atk=52c89811-fa1c-45f2-ae22-281511aca614&xptdk=52c89811-fa1c-45f2-ae22-281511aca614,adidas Running Run Falcon 2.0 Shoes Men Grey GX8240,1,04-08-2023
https://shopee.sg/ASICS-Men-HYPER-SPEED-2-Running-Shoes-in-Black-White-i.455553838.22447146180?sp_atk=79ea4a13-ce2a-4d97-81fe-2309f49e1b2f&xptdk=79ea4a13-ce2a-4d97-81fe-2309f49e1b2f,ASICS Men HYPER SPEED 2 Running Shoes in Black/White,1,04-08-2023
https://shopee.sg/ASICS-Men-GEL-CONTEND-SL-Running-Shoes-in-Black-Black-i.455553838.23305500822?sp_atk=cc86446f-cc1f-4456-898b-6255b835486c&xptdk=cc86446f-cc1f-4456-898b-6255b835486c,ASICS Men GEL-CONTEND SL Running Shoes in Black/Black,1,04-08-2023
https://shopee.sg/Under-Armour-UA-Men's-UA-Charged-Pursuit-3-Running-Shoes-i.252648730.18287932111?sp_atk=291934c6-c4b6-481a-ad82-89306bfa7352&xptdk=291934c6-c4b6-481a-ad82-89306bfa7352,Under Armour UA Men's UA Charged Pursuit 3 Running Shoes,1,04-08-2023
https://shopee.sg/ASICS-Men-DYNABLAST-2-Running-Shoes-in-Lake-Drive-Hazard-Green-i.455553838.17373339307?sp_atk=f93271d4-a569-4d63-a524-069dea13d7e6&xptdk=f93271d4-a569-4d63-a524-069dea13d7e6,ASICS Men DYNABLAST 2 Running Shoes in Lake Drive/Hazard Green,1,04-08-2023
https://shopee.sg/adidas-Running-Lite-Racer-2.0-Shoes-Men-Black-EG3284-i.265436651.9384305192?sp_atk=f79118c7-a711-4713-9cc0-f361bafb12a6&xptdk=f79118c7-a711-4713-9cc0-f361bafb12a6,adidas Running Lite Racer 2.0 Shoes Men Black EG3284,1,04-08-2023
https://shopee.sg/PUMA-Better-Foam-Emerge-3D-Men's-Running-Shoes-i.341363989.16385047450?sp_atk=a9f08160-b1a4-4be9-8b7f-def8eed58efd&xptdk=a9f08160-b1a4-4be9-8b7f-def8eed58efd,PUMA Better Foam Emerge 3D Men's Running Shoes,1,04-08-2023
https://shopee.sg/Under-Armour-UA-Men's-Charged-Pursuit-3-Running-Shoes-i.252648730.17693445134?sp_atk=a0e82064-662e-4826-a0dc-cbad7f5a6fcf&xptdk=a0e82064-662e-4826-a0dc-cbad7f5a6fcf,Under Armour UA Men's Charged Pursuit 3 Running Shoes,1,04-08-2023
https://shopee.sg/adidas-Running-Galaxy-6-Shoes-Men-White-HP2419-i.265436651.21372578314?sp_atk=86af0e54-d1f8-4c05-8f54-544ba5c3a5f2&xptdk=86af0e54-d1f8-4c05-8f54-544ba5c3a5f2,adidas Running Galaxy 6 Shoes Men White HP2419,1,04-08-2023
https://shopee.sg/Under-Armour-UA-Men's-HOVR™-Infinite-4-Run-Anywhere-Running-Shoes-i.252648730.22126497338?sp_atk=869dc923-49c4-49af-970e-6583b58f1aed&xptdk=869dc923-49c4-49af-970e-6583b58f1aed,Under Armour UA Men's HOVR™ Infinite 4 Run Anywhere Running Shoes,1,04-08-2023
https://shopee.sg/Hoka-Men-Mach-5-Running-Shoes-Mountain-Spring-Puffin'S-Bill-i.258374675.14191421537?sp_atk=0dcff0e2-6746-4cdf-a485-f892a8467eee&xptdk=0dcff0e2-6746-4cdf-a485-f892a8467eee,Hoka Men Mach 5 Running Shoes - Mountain Spring / Puffin'S Bill,1,04-08-2023
https://shopee.sg/Salomon-Men-Speedcross-6-Wide-Running-Shoes-Black-Black-Phantom-i.382766669.19970943579?sp_atk=9a1bc2f6-8449-4fa6-ab8c-3aed7971c8ad&xptdk=9a1bc2f6-8449-4fa6-ab8c-3aed7971c8ad,Salomon Men Speedcross 6 Wide Running Shoes - Black/Black/Phantom,1,04-08-2023
https://shopee.sg/adidas-Running-EQ19-Run-Shoes-Men-Black-GV7373-i.265436651.23322229295?sp_atk=41f3a039-3514-4b85-ac58-8c43db05c132&xptdk=41f3a039-3514-4b85-ac58-8c43db05c132,adidas Running EQ19 Run Shoes Men Black GV7373,1,04-08-2023
https://shopee.sg/adidas-Running-Racer-TR21-Shoes-Men-Green-GZ8180-i.265436651.19948031810?sp_atk=6fa4ebdb-82b8-44cc-944e-5c930e2ecec3&xptdk=6fa4ebdb-82b8-44cc-944e-5c930e2ecec3,adidas Running Racer TR21 Shoes Men Green GZ8180,1,04-08-2023
https://shopee.sg/Skechers-Men-GOrun-Consistent-Quick-Step-Running-Shoes-220368-CHAR-Air-Cooled-Goga-Mat-Ortholite-M-STRIKE-i.84710867.11398319608?sp_atk=1e67657c-633d-4d2b-b94e-07a3e6032104&xptdk=1e67657c-633d-4d2b-b94e-07a3e6032104,"Skechers Men GOrun Consistent Quick Step Running Shoes - 220368-CHAR Air-Cooled Goga Mat Ortholite, M-STRIKE",1,04-08-2023
https://shopee.sg/Under-Armour-UA-Men's-Charged-Breeze-2-Running-Shoes-i.252648730.23830979857?sp_atk=81501a57-1b36-475e-afdb-d552c938df16&xptdk=81501a57-1b36-475e-afdb-d552c938df16,Under Armour UA Men's Charged Breeze 2 Running Shoes,1,04-08-2023
https://shopee.sg/adidas-Running-EQ19-Run-Shoes-Men-White-H68091-i.265436651.20548032289?sp_atk=1e90da26-9ab2-44e2-8587-6ed3c5cc3e4a&xptdk=1e90da26-9ab2-44e2-8587-6ed3c5cc3e4a,adidas Running EQ19 Run Shoes Men White H68091,1,04-08-2023
https://shopee.sg/ASICS-Men-GEL-EXCITE-9-Running-Shoes-in-Black-New-Leaf-i.455553838.18657033292?sp_atk=bb96fc74-3a85-4ada-8ed6-12b812c8c4a6&xptdk=bb96fc74-3a85-4ada-8ed6-12b812c8c4a6,ASICS Men GEL-EXCITE 9 Running Shoes in Black/New Leaf,1,04-08-2023
https://shopee.sg/Skechers-Online-Exclusive-Men-GOrun-Razor-Excess-Running-Shoes-246004-ORBK-Breathable-Goodyear-Rubber-Hyper-Burst-i.84710867.23028516383?sp_atk=46385f4d-7df7-4ce8-ac87-a93a2fa0a214&xptdk=46385f4d-7df7-4ce8-ac87-a93a2fa0a214,"Skechers Online Exclusive Men GOrun Razor Excess Running Shoes - 246004-ORBK Breathable, Goodyear Rubber, Hyper Burst",1,04-08-2023
https://shopee.sg/Under-Armour-UA-Men's-Moj-2-Sportstyle-Shoe-i.252648730.20657483495?sp_atk=992f48f7-485f-4f95-b53f-dbfc227862d9&xptdk=992f48f7-485f-4f95-b53f-dbfc227862d9,Under Armour UA Men's Moj 2 Sportstyle Shoe,1,04-08-2023
https://shopee.sg/adidas-Basketball-Hoops-2.0-Shoes-Men-Blue-FY8631-i.265436651.17862304524?sp_atk=f543681f-e67d-48dc-b250-2b176cd5f084&xptdk=f543681f-e67d-48dc-b250-2b176cd5f084,adidas Basketball Hoops 2.0 Shoes Men Blue FY8631,1,04-08-2023
https://shopee.sg/ASICS-Men-GEL-CONTEND-8-Running-Shoes-in-Black-White-i.455553838.20557031229?sp_atk=54ef2514-4c3f-48e8-acc0-eb8d43be1803&xptdk=54ef2514-4c3f-48e8-acc0-eb8d43be1803,ASICS Men GEL-CONTEND 8 Running Shoes in Black/White,1,04-08-2023
https://shopee.sg/adidas-Running-Duramo-SL-Shoes-Men-White-FW7391-i.265436651.7345588718?sp_atk=ac3ac132-9c2f-4070-a42b-e0a9279f169f&xptdk=ac3ac132-9c2f-4070-a42b-e0a9279f169f,adidas Running Duramo SL Shoes Men White FW7391,1,04-08-2023
https://shopee.sg/Under-Armour-UA-Men-Charged-Verssert-Speckle-Running-Shoes-i.252648730.23830982253?sp_atk=851d2399-119c-4111-95a9-5e81a3869783&xptdk=851d2399-119c-4111-95a9-5e81a3869783,Under Armour UA Men Charged Verssert Speckle Running Shoes,1,04-08-2023
https://shopee.sg/Power-Men-Running-Shoes-Nx-Walk-Jola-809X360-i.324728427.19575940689?sp_atk=5bff746e-21f9-43d6-bdd2-5440d26c2b5f&xptdk=5bff746e-21f9-43d6-bdd2-5440d26c2b5f,Power Men Running Shoes Nx-Walk Jola 809X360,1,04-08-2023
https://shopee.sg/Skechers-Men-GOrun-Persistence-Running-Shoes-246053-BLYL-Arch-Fit-Carbon-Infused-Goodyear-Rubber-Ultra-Flight-Foam-i.84710867.10897650831?sp_atk=87d694bb-d984-49a7-b210-28ad77059e36&xptdk=87d694bb-d984-49a7-b210-28ad77059e36,"Skechers Men GOrun Persistence Running Shoes - 246053-BLYL Arch Fit, Carbon Infused, Goodyear Rubber, Ultra Flight Foam",1,04-08-2023
https://shopee.sg/New-Balance-Fresh-Foam-Arishi-V4-Mens-Running-2E-i.82375312.21881520054?sp_atk=d2ee2f1f-d5d5-4bc9-8c3c-ef970452346f&xptdk=d2ee2f1f-d5d5-4bc9-8c3c-ef970452346f,New Balance Fresh Foam Arishi V4 Mens Running 2E,1,04-08-2023
https://shopee.sg/Under-Armour-UA-Men's-Charged-Assert-10-Running-Shoes-i.252648730.22944229265?sp_atk=449cd8d4-230c-427e-8e0d-474421c284d0&xptdk=449cd8d4-230c-427e-8e0d-474421c284d0,Under Armour UA Men's Charged Assert 10 Running Shoes,1,04-08-2023
https://shopee.sg/Under-Armour-UA-Men's-HOVR™-Phantom-3-Running-Shoes-i.252648730.18674087151?sp_atk=6032a092-1602-4483-b732-7514a944717a&xptdk=6032a092-1602-4483-b732-7514a944717a,Under Armour UA Men's HOVR™ Phantom 3 Running Shoes,1,04-08-2023
https://shopee.sg/Under-Armour-UA-Men's-HOVR™-Mega-3-Clone-Running-Shoes-i.252648730.23926492607?sp_atk=b1b95b3a-a1b3-4247-8bdc-ddf07303e58f&xptdk=b1b95b3a-a1b3-4247-8bdc-ddf07303e58f,Under Armour UA Men's HOVR™ Mega 3 Clone Running Shoes,1,04-08-2023
https://shopee.sg/HOKA-Men-Hopara-Running-Shoes-Black-Black-i.258374675.22639953293?sp_atk=306255f8-d69a-4d69-bb91-9a76b20399ea&xptdk=306255f8-d69a-4d69-bb91-9a76b20399ea,HOKA Men Hopara Running Shoes - Black / Black,1,04-08-2023
https://shopee.sg/HOKA-Men-Arahi-6-Wide-Running-shoes-Black-Black-i.258374675.23427826644?sp_atk=65416298-18be-477c-99b2-2200290caee9&xptdk=65416298-18be-477c-99b2-2200290caee9,HOKA Men Arahi 6 Wide Running shoes - Black / Black,1,04-08-2023
https://shopee.sg/ON-Men-Cloudmonster-Running-Shoes-Frost-Cobalt-i.258374675.23644326733?sp_atk=1ce9c7ae-fde9-461e-b842-146cedc31edc&xptdk=1ce9c7ae-fde9-461e-b842-146cedc31edc,ON Men Cloudmonster Running Shoes - Frost / Cobalt,1,04-08-2023
https://shopee.sg/Under-Armour-UA-Men's-Essential-Sport-style-Shoes-i.252648730.19172673558?sp_atk=09143d45-567b-41a8-8eb7-f8275aa7627c&xptdk=09143d45-567b-41a8-8eb7-f8275aa7627c,Under Armour UA Men's Essential Sport style Shoes,1,04-08-2023
https://shopee.sg/Under-Armour-Men-UA-Charged-Pursuit-3-Running-Shoes-i.252648730.16915169397?sp_atk=07a747cc-b575-488b-b62c-aa8938907e1b&xptdk=07a747cc-b575-488b-b62c-aa8938907e1b,Under Armour Men UA Charged Pursuit 3 Running Shoes,1,04-08-2023
https://shopee.sg/HOKA-Men-Clifton-9-Wide-Running-shoes-Vibrant-Orange-Impala-i.258374675.23227823266?sp_atk=e9ed928e-8592-43be-a4d4-3647b7c9b75c&xptdk=e9ed928e-8592-43be-a4d4-3647b7c9b75c,HOKA Men Clifton 9 Wide Running shoes - Vibrant Orange / Impala,1,04-08-2023
https://shopee.sg/ASICS-Men-MAGIC-SPEED-Running-Shoes-in-Shocking-Orange-Black-i.455553838.22722236119?sp_atk=57f27c2d-a32e-4982-8ce0-600f6fdfa619&xptdk=57f27c2d-a32e-4982-8ce0-600f6fdfa619,ASICS Men MAGIC SPEED Running Shoes in Shocking Orange/Black,1,04-08-2023
https://shopee.sg/ASICS-Men-GEL-CONTEND-8-Running-Shoes-in-Black-Cherry-Tomato-i.455553838.19657032819?sp_atk=120cee6a-80f9-4ccc-aad7-baf4a3e78d7b&xptdk=120cee6a-80f9-4ccc-aad7-baf4a3e78d7b,ASICS Men GEL-CONTEND 8 Running Shoes in Black/Cherry Tomato,1,04-08-2023
https://shopee.sg/Hoka-Men-Rincon-3-Running-Shoes-Coastal-Sky-Vibrant-Orange-i.258374675.23841358484?sp_atk=304a187b-ef83-400f-a272-ec79498a242b&xptdk=304a187b-ef83-400f-a272-ec79498a242b,Hoka Men Rincon 3 Running Shoes - Coastal Sky / Vibrant Orange,1,04-08-2023
https://shopee.sg/ASICS-Men-GEL-EXCITE-9-Running-Shoes-in-Sheet-Rock-Electric-Blue-i.455553838.21557030628?sp_atk=ae04af05-f8ed-44c8-b02e-0fb703da96cf&xptdk=ae04af05-f8ed-44c8-b02e-0fb703da96cf,ASICS Men GEL-EXCITE 9 Running Shoes in Sheet Rock/Electric Blue,1,04-08-2023
https://shopee.sg/ON-Men-Cloudmonster-Running-Shoes-Frost-Cobalt-i.258374675.23644326733?sp_atk=6ee6a8bc-c02e-4ec9-99bb-88ad36adebdc&xptdk=6ee6a8bc-c02e-4ec9-99bb-88ad36adebdc,ON Men Cloudmonster Running Shoes - Frost / Cobalt,2,04-08-2023
https://shopee.sg/adidas-Running-Runfalcon-2.0-Shoes-Men-Black-FZ2803-i.265436651.9884093046?sp_atk=ead861f7-032e-4b7c-b5bb-608bbefc1023&xptdk=ead861f7-032e-4b7c-b5bb-608bbefc1023,adidas Running Runfalcon 2.0 Shoes Men Black FZ2803,2,04-08-2023
https://shopee.sg/ASICS-Men-GEL-EXCITE-9-Running-Shoes-in-Sheet-Rock-Electric-Blue-i.455553838.21557030628?sp_atk=e2ca0033-8a41-4085-ad32-98f8ef6a6fcb&xptdk=e2ca0033-8a41-4085-ad32-98f8ef6a6fcb,ASICS Men GEL-EXCITE 9 Running Shoes in Sheet Rock/Electric Blue,2,04-08-2023
https://shopee.sg/Under-Armour-UA-Men's-HOVR™-Machina-3-Storm-Running-Shoes-i.252648730.22127524392?sp_atk=323b9ea7-810e-43f8-a9e0-41d556505f48&xptdk=323b9ea7-810e-43f8-a9e0-41d556505f48,Under Armour UA Men's HOVR™ Machina 3 Storm Running Shoes,2,04-08-2023
https://shopee.sg/ASICS-Men-NOVABLAST-2-LE-Running-Shoes-in-Black-Hazard-Green-i.455553838.18750015341?sp_atk=c3a59281-b6a7-4e25-8b3e-386d103e105d&xptdk=c3a59281-b6a7-4e25-8b3e-386d103e105d,ASICS Men NOVABLAST 2 LE Running Shoes in Black/Hazard Green,2,04-08-2023
https://shopee.sg/Under-Armour-UA-Men's-HOVR-™-Mega-2-Clone-Running-Shoes-i.252648730.14496873441?sp_atk=942b1a8a-6686-4d60-8927-1327cfbd171d&xptdk=942b1a8a-6686-4d60-8927-1327cfbd171d,Under Armour UA Men's HOVR ™ Mega 2 Clone Running Shoes,2,04-08-2023
https://shopee.sg/ASICS-Men-NOVABLAST-3-Running-Shoes-in-Safety-Yellow-Black-i.455553838.22266057297?sp_atk=23c33453-7489-420d-9900-fae4bb1188a7&xptdk=23c33453-7489-420d-9900-fae4bb1188a7,ASICS Men NOVABLAST 3 Running Shoes in Safety Yellow/Black,2,04-08-2023
https://shopee.sg/Power-Men-Running-Shoes-Nx-Walk-Jola-809X360-i.324728427.19575940689?sp_atk=3f6335b8-9946-49cf-aba7-11e4798a6772&xptdk=3f6335b8-9946-49cf-aba7-11e4798a6772,Power Men Running Shoes Nx-Walk Jola 809X360,2,04-08-2023
https://shopee.sg/ASICS-Men-NOVABLAST-3-(2E)-Running-Shoes-in-Black-White-i.455553838.20879140912?sp_atk=a8bc02b7-baa4-49ec-b757-b7256679d02b&xptdk=a8bc02b7-baa4-49ec-b757-b7256679d02b,ASICS Men NOVABLAST 3 (2E) Running Shoes in Black/White,2,04-08-2023
https://shopee.sg/Skechers-Men-GOrun-Elevate-Valor-2.0-Running-Shoes-220329-WHT-Air-Cooled-Goga-Mat-Sneakers-Casual-i.84710867.15995734743?sp_atk=7b454b21-c1d8-48ce-a289-306aac506a5f&xptdk=7b454b21-c1d8-48ce-a289-306aac506a5f,"Skechers Men GOrun Elevate Valor 2.0 Running Shoes - 220329-WHT - Air-Cooled Goga Mat, Sneakers, Casual",2,04-08-2023
https://shopee.sg/Hoka-Men-Rincon-3-Running-Shoes-Black-Dazzling-Blue-i.258374675.17294527659?sp_atk=833f2106-5f4a-498a-b833-94ae3f288416&xptdk=833f2106-5f4a-498a-b833-94ae3f288416,Hoka Men Rincon 3 Running Shoes - Black / Dazzling Blue,2,04-08-2023
https://shopee.sg/ON-Men-Cloudflow-Training-Shoes-Meadow-White-i.258374675.19989389236?sp_atk=64b0b868-edf3-4baa-8d85-0d0941f531b4&xptdk=64b0b868-edf3-4baa-8d85-0d0941f531b4,ON Men Cloudflow Training Shoes - Meadow / White,2,04-08-2023
https://shopee.sg/ASICS-Men-DYNABLAST-3-Running-Shoes-in-Black-White-i.455553838.22040571122?sp_atk=c9145097-e952-4da4-8290-e800a661f69f&xptdk=c9145097-e952-4da4-8290-e800a661f69f,ASICS Men DYNABLAST 3 Running Shoes in Black/White,2,04-08-2023
https://shopee.sg/Under-Armour-UA-Men's-HOVR-™-Infinite-4-Running-Shoes-i.252648730.22727522430?sp_atk=9be385e8-2eb6-4c49-8f38-e78b2b9a9a9f&xptdk=9be385e8-2eb6-4c49-8f38-e78b2b9a9a9f,Under Armour UA Men's HOVR ™ Infinite 4 Running Shoes,2,04-08-2023
https://shopee.sg/Skechers-Men-GOrun-Consistent-Running-Shoes-220371-NVLM-Air-Cooled-Goga-Mat-i.84710867.22545414418?sp_atk=57e34708-d73f-4b7f-bc21-2635157ec518&xptdk=57e34708-d73f-4b7f-bc21-2635157ec518,Skechers Men GOrun Consistent Running Shoes - 220371-NVLM Air-Cooled Goga Mat,2,04-08-2023
https://shopee.sg/ASICS-Men-TARTHEREDGE-3-Running-Shoes-in-Safety-Yellow-Monaco-Blue-i.455553838.18240630880?sp_atk=087a7945-ecc8-4338-b2cb-256dfe4a5ca7&xptdk=087a7945-ecc8-4338-b2cb-256dfe4a5ca7,ASICS Men TARTHEREDGE 3 Running Shoes in Safety Yellow/Monaco Blue,2,04-08-2023
https://shopee.sg/ASICS-Men-GEL-KAYANO-29-PLATINUM-Running-Shoes-in-Black-Black-i.455553838.23166058509?sp_atk=334841f7-f461-4d7d-b26d-8d0b250bb271&xptdk=334841f7-f461-4d7d-b26d-8d0b250bb271,ASICS Men GEL-KAYANO 29 PLATINUM Running Shoes in Black/Black,2,04-08-2023
https://shopee.sg/Under-Armour-UA-Men's-Charged-Maven-Trek-Trail-Shoes-i.252648730.22965588209?sp_atk=87b6748b-b892-4f93-b218-90f08baba8ca&xptdk=87b6748b-b892-4f93-b218-90f08baba8ca,Under Armour UA Men's Charged Maven Trek Trail Shoes,2,04-08-2023
https://shopee.sg/adidas-Running-Solarboost-5-Shoes-Men-White-GW1962-i.265436651.20579169002?sp_atk=fa389512-0bd2-41d7-8846-eae76a3dd7f5&xptdk=fa389512-0bd2-41d7-8846-eae76a3dd7f5,adidas Running Solarboost 5 Shoes Men White GW1962,2,04-08-2023
https://shopee.sg/ASICS-Men-DYNABLAST-3-Running-Shoes-in-Deep-Ocean-Light-Steel-i.455553838.23440566073?sp_atk=62702efc-dc1b-4eef-9033-45242734a5da&xptdk=62702efc-dc1b-4eef-9033-45242734a5da,ASICS Men DYNABLAST 3 Running Shoes in Deep Ocean/Light Steel,2,04-08-2023
https://shopee.sg/Under-Armour-UA-Men's-Flow-Velociti-Wind-2-Dark-Sky-Distance-Running-Shoes-i.252648730.21580411413?sp_atk=9b4884f2-4326-431e-9e20-8e9210dad806&xptdk=9b4884f2-4326-431e-9e20-8e9210dad806,Under Armour UA Men's Flow Velociti Wind 2 Dark Sky Distance Running Shoes,2,04-08-2023
https://shopee.sg/PUMA-Enzo-Sport-Men's-Running-Shoes-i.341363989.10915653313?sp_atk=08f71ddc-2878-4c43-bd09-29150c9dea16&xptdk=08f71ddc-2878-4c43-bd09-29150c9dea16,PUMA Enzo Sport Men's Running Shoes,2,04-08-2023
https://shopee.sg/ON-Men-Cloud-X-3-Running-Shoes-Ivory-Flame-i.258374675.23544316498?sp_atk=6eb4e2a2-d768-416a-a737-91484f09167f&xptdk=6eb4e2a2-d768-416a-a737-91484f09167f,ON Men Cloud X 3 Running Shoes - Ivory / Flame,2,04-08-2023
https://shopee.sg/adidas-Running-Duramo-SL-Shoes-Men-Blue-FW8678-i.265436651.5445590217?sp_atk=78d0176a-d3c1-48cc-938d-dcac511cbe18&xptdk=78d0176a-d3c1-48cc-938d-dcac511cbe18,adidas Running Duramo SL Shoes Men Blue FW8678,2,04-08-2023
https://shopee.sg/New-Balance-520v8-Mens-Running-D-i.82375312.23032274721?sp_atk=b1231bce-f4cc-4b43-8410-f2475528d3f5&xptdk=b1231bce-f4cc-4b43-8410-f2475528d3f5,New Balance 520v8 Mens Running D,2,04-08-2023
https://shopee.sg/Under-Armour-Men's-Project-Rock-5-Training-Shoes-i.252648730.20090711990?sp_atk=f08dddea-6904-4f5c-8873-0567f2e54881&xptdk=f08dddea-6904-4f5c-8873-0567f2e54881,Under Armour Men's Project Rock 5 Training Shoes,2,04-08-2023
https://shopee.sg/ASICS-Men-GEL-CONTEND-SL-Running-Shoes-in-White-White-i.455553838.23905500849?sp_atk=e176e41b-4549-4751-9f9e-689f678304b2&xptdk=e176e41b-4549-4751-9f9e-689f678304b2,ASICS Men GEL-CONTEND SL Running Shoes in White/White,2,04-08-2023
https://shopee.sg/Power-Men-Engage-Flex-100-Running-Shoes-809X130-i.324728427.22731582351?sp_atk=e2c30080-b674-45c3-ac7d-d294cf213a47&xptdk=e2c30080-b674-45c3-ac7d-d294cf213a47,Power Men Engage Flex 100 Running Shoes 809X130,2,04-08-2023
https://shopee.sg/Under-Armour-UA-Men's-Charged-Escape-4-Printed-Running-Shoes-i.252648730.22630986573?sp_atk=f9969aa4-5e23-4682-9b6c-3c6dd4e0afdc&xptdk=f9969aa4-5e23-4682-9b6c-3c6dd4e0afdc,Under Armour UA Men's Charged Escape 4 Printed Running Shoes,2,04-08-2023
https://shopee.sg/adidas-Running-EQ21-Run-Shoes-Men-Grey-H00519-i.265436651.18348035402?sp_atk=dc01455e-627c-4dd5-bcc7-2aca96a83f6a&xptdk=dc01455e-627c-4dd5-bcc7-2aca96a83f6a,adidas Running EQ21 Run Shoes Men Grey H00519,2,04-08-2023
https://shopee.sg/PUMA-Unisex-Flyer-Running-Shoes-i.341363989.8075062112?sp_atk=1a10fa8e-20b0-4583-9fae-2d23bd3af485&xptdk=1a10fa8e-20b0-4583-9fae-2d23bd3af485,PUMA Unisex Flyer Running Shoes,2,04-08-2023
https://shopee.sg/ASICS-Men-HYPER-SPEED-2-Running-Shoes-in-Blue-Coast-Black-i.455553838.21476214619?sp_atk=df190e7a-09e9-4d4d-ba96-b43c643e3b9d&xptdk=df190e7a-09e9-4d4d-ba96-b43c643e3b9d,ASICS Men HYPER SPEED 2 Running Shoes in Blue Coast/Black,2,04-08-2023
https://shopee.sg/adidas-Running-adidas-4DFWD-Pulse-2-running-shoes-Men-Black-GX9282-i.265436651.23466169108?sp_atk=517925b1-b672-482c-83d4-3f2f78bae600&xptdk=517925b1-b672-482c-83d4-3f2f78bae600,adidas Running adidas 4DFWD Pulse 2 running shoes Men Black GX9282,2,04-08-2023
https://shopee.sg/New-Balance-ME420V3-Mens-Running-D-i.82375312.14896186666?sp_atk=55e813a0-2bcf-43a0-bc6f-5a7896980632&xptdk=55e813a0-2bcf-43a0-bc6f-5a7896980632,New Balance ME420V3 Mens Running D,2,04-08-2023
https://shopee.sg/Skechers-Men-GOrun-Consistent-Running-Shoes-220034-BKCC-Air-Cooled-Goga-Mat-Goga-Mat-Technology-i.84710867.23746524648?sp_atk=483e0ea2-fff9-42f2-99e5-bb3451ea13b1&xptdk=483e0ea2-fff9-42f2-99e5-bb3451ea13b1,Skechers Men GOrun Consistent Running Shoes - 220034-BKCC Air-Cooled Goga Mat Goga Mat Technology,2,04-08-2023
https://shopee.sg/ASICS-Men-GEL-KAYANO-28-(2E)-Running-Shoes-in-Lake-Drive-Black-i.455553838.14573926273?sp_atk=76ea08d1-94ca-4d58-8f6a-3791a4c6707d&xptdk=76ea08d1-94ca-4d58-8f6a-3791a4c6707d,ASICS Men GEL-KAYANO 28 (2E) Running Shoes in Lake Drive/Black,2,04-08-2023
https://shopee.sg/ASICS-Men-GT-2000-10-Running-Shoes-in-Deep-Ocean-Amber-i.455553838.20771129171?sp_atk=a679a4a9-4fae-41dd-8bdb-0ec48d93effa&xptdk=a679a4a9-4fae-41dd-8bdb-0ec48d93effa,ASICS Men GT-2000 10 Running Shoes in Deep Ocean/Amber,2,04-08-2023
https://shopee.sg/Salomon-Men-X-Ultra-4-Gtx-Running-Shoes-Quiet-Shade-Black-Evening-Primrose-i.382766669.21770947845?sp_atk=e7eb7da1-5348-4c96-bab5-6e96839a37c2&xptdk=e7eb7da1-5348-4c96-bab5-6e96839a37c2,Salomon Men X Ultra 4 Gtx Running Shoes - Quiet Shade/Black/Evening Primrose,2,04-08-2023
https://shopee.sg/ASICS-Men-PATRIOT-13-Running-Shoes-in-Island-Blue-White-i.455553838.23718109065?sp_atk=421e4050-3567-4fe9-b492-40f6521d949c&xptdk=421e4050-3567-4fe9-b492-40f6521d949c,ASICS Men PATRIOT 13 Running Shoes in Island Blue/White,2,04-08-2023
https://shopee.sg/adidas-Running-Runfalcon-3.0-Shoes-Men-Black-HP7544-i.265436651.23740798806?sp_atk=dd7aae82-44b5-400f-880a-4691c24c8876&xptdk=dd7aae82-44b5-400f-880a-4691c24c8876,adidas Running Runfalcon 3.0 Shoes Men Black HP7544,2,04-08-2023
https://shopee.sg/ASICS-Men-GEL-KAYANO-29-Running-Shoes-in-Black-New-Leaf-i.455553838.21257029840?sp_atk=83b4d3d7-81fb-4c03-80f8-ef42dffb3e63&xptdk=83b4d3d7-81fb-4c03-80f8-ef42dffb3e63,ASICS Men GEL-KAYANO 29 Running Shoes in Black/New Leaf,2,04-08-2023
https://shopee.sg/ASICS-Men-TARTHEREDGE-3-(2E)-Running-Shoes-in-Shocking-Orange-Black-i.455553838.22301820436?sp_atk=d0e536de-946b-4720-aa17-672b107f9f9a&xptdk=d0e536de-946b-4720-aa17-672b107f9f9a,ASICS Men TARTHEREDGE 3 (2E) Running Shoes in Shocking Orange/Black,2,04-08-2023
https://shopee.sg/adidas-Running-Pureboost-22-Shoes-Men-Black-HQ1455-i.265436651.18272579327?sp_atk=f5e0152e-7094-4d98-a5bb-0e12c82fe91b&xptdk=f5e0152e-7094-4d98-a5bb-0e12c82fe91b,adidas Running Pureboost 22 Shoes Men Black HQ1455,2,04-08-2023
https://shopee.sg/Saucony-Men-Guide-14-Running-Shoes-Charcoal-Vizigold-Wide-i.258374675.18051575770?sp_atk=8f3c6e31-5589-4d9d-a3ab-d76cc1edfba6&xptdk=8f3c6e31-5589-4d9d-a3ab-d76cc1edfba6,Saucony Men Guide 14 Running Shoes - Charcoal/Vizigold Wide,2,04-08-2023
https://shopee.sg/adidas-Running-Kaptir-2.0-Shoes-Men-Black-H00278-i.265436651.15773558597?sp_atk=7e148eb3-8cd0-400c-b1d7-ce52892c02dc&xptdk=7e148eb3-8cd0-400c-b1d7-ce52892c02dc,adidas Running Kaptir 2.0 Shoes Men Black H00278,2,04-08-2023
https://shopee.sg/adidas-Running-Ultrabounce-Shoes-Men-Black-HP5797-i.265436651.19088409374?sp_atk=84b144f5-8e90-4c9b-9850-f274d4bd9073&xptdk=84b144f5-8e90-4c9b-9850-f274d4bd9073,adidas Running Ultrabounce Shoes Men Black HP5797,2,04-08-2023
https://shopee.sg/Under-Armour-UA-Men's-Charg-Rogue-3-Running-Shoes-i.252648730.23402122526?sp_atk=966da433-e626-4265-9ecd-8302b77d84db&xptdk=966da433-e626-4265-9ecd-8302b77d84db,Under Armour UA Men's Charg Rogue 3 Running Shoes,2,04-08-2023
https://shopee.sg/ASICS-Men-GT-1000-11-Running-Shoes-in-Black-Electric-Blue-i.455553838.19650015492?sp_atk=7b2a208e-9336-4486-89d2-120138cf0af2&xptdk=7b2a208e-9336-4486-89d2-120138cf0af2,ASICS Men GT-1000 11 Running Shoes in Black/Electric Blue,2,04-08-2023
https://shopee.sg/ASICS-Men-MAGIC-SPEED-2-Running-Shoes-in-Amber-White-i.455553838.19988081020?sp_atk=2120cfb8-0002-47bc-8a01-5a915ad102d1&xptdk=2120cfb8-0002-47bc-8a01-5a915ad102d1,ASICS Men MAGIC SPEED 2 Running Shoes in Amber/White,2,04-08-2023
https://shopee.sg/Under-Armour-UA-Men's-Charge-Vantage-2-Running-Shoes-i.252648730.22422501226?sp_atk=bc695ce7-0d37-4cd6-ad32-6ca698feedef&xptdk=bc695ce7-0d37-4cd6-ad32-6ca698feedef,Under Armour UA Men's Charge Vantage 2 Running Shoes,2,04-08-2023
https://shopee.sg/ASICS-Men-GEL-CONTEND-8-Running-Shoes-in-Indigo-Blue-Island-Blue-i.455553838.21071128540?sp_atk=ca6619b0-703a-4162-b0db-bbaf728066a3&xptdk=ca6619b0-703a-4162-b0db-bbaf728066a3,ASICS Men GEL-CONTEND 8 Running Shoes in Indigo Blue/Island Blue,2,04-08-2023
https://shopee.sg/Under-Armour-Men's-UA-HOVR™-Sonic-6-Running-Shoes-i.252648730.22149901947?sp_atk=c68b4032-d209-402f-bbca-066e7ddb6101&xptdk=c68b4032-d209-402f-bbca-066e7ddb6101,Under Armour Men's UA HOVR™ Sonic 6 Running Shoes,2,04-08-2023
https://shopee.sg/adidas-Running-Run-Falcon-2.0-Shoes-Men-White-G58098-i.265436651.11840427212?sp_atk=7aa2e2e5-db8e-4ebe-8b8e-ba13747910e1&xptdk=7aa2e2e5-db8e-4ebe-8b8e-ba13747910e1,adidas Running Run Falcon 2.0 Shoes Men White G58098,2,04-08-2023
https://shopee.sg/Hoka-Men-Bondi-8-Running-Shoes-Ice-Flow-Bit-Of-Blue-i.258374675.22841361639?sp_atk=d67cb22b-3df9-473c-b06e-6d7053d72b50&xptdk=d67cb22b-3df9-473c-b06e-6d7053d72b50,Hoka Men Bondi 8 Running Shoes - Ice Flow / Bit Of Blue,2,04-08-2023
https://shopee.sg/adidas-Running-Pureboost-22-Shoes-Men-Orange-HQ8587-i.265436651.23240800602?sp_atk=d5d7743f-9faf-4deb-ba5e-2528d0410a62&xptdk=d5d7743f-9faf-4deb-ba5e-2528d0410a62,adidas Running Pureboost 22 Shoes Men Orange HQ8587,2,04-08-2023
https://shopee.sg/HOKA-Men-Speedgoat-5-Running-Shoes-Deep-Lake-Ceramic-i.258374675.22839952240?sp_atk=009c20e5-ff95-462c-82c6-d95d7706e442&xptdk=009c20e5-ff95-462c-82c6-d95d7706e442,HOKA Men Speedgoat 5 Running Shoes - Deep Lake / Ceramic,2,04-08-2023
https://shopee.sg/Skechers-Men-Max-Cushioning-Delta-Relief-Running-Shoes-220340-CHAR-Air-Cooled-Goga-Mat-Sneakers-Casual-i.84710867.19658445066?sp_atk=8588eb73-057e-4f38-a7e7-b6d639f8c6ef&xptdk=8588eb73-057e-4f38-a7e7-b6d639f8c6ef,"Skechers Men Max Cushioning Delta Relief Running Shoes - 220340-CHAR - Air-Cooled Goga Mat, Sneakers, Casual",2,04-08-2023
https://shopee.sg/New-Balance-ME430V2-Mens-Running-D-i.82375312.18176190790?sp_atk=b85b42c6-fe4d-4c4b-a20b-a4613392447b&xptdk=b85b42c6-fe4d-4c4b-a20b-a4613392447b,New Balance ME430V2 Mens Running D,2,04-08-2023
https://shopee.sg/Puma-x-VON-DUTCH-RS-2K-Men's-Sneakers-i.331320512.9582312578?sp_atk=1e9ca8a5-1074-4570-bd6f-9de51be53115&xptdk=1e9ca8a5-1074-4570-bd6f-9de51be53115,Puma x VON DUTCH RS-2K Men's Sneakers,2,04-08-2023
https://shopee.sg/ASICS-Men-GEL-CONTEND-8-Running-Shoes-in-Deep-Ocean-Black-i.455553838.16695192729?sp_atk=a4ca685c-94c4-4396-9a48-05ff6c12c318&xptdk=a4ca685c-94c4-4396-9a48-05ff6c12c318,ASICS Men GEL-CONTEND 8 Running Shoes in Deep Ocean/Black,2,04-08-2023
https://shopee.sg/HOKA-Men-Speedgoat-5-Running-Shoes-Deep-Lake-Ceramic-i.258374675.22839952240?sp_atk=f5113862-457d-498a-a5ab-a9f1f60937d4&xptdk=f5113862-457d-498a-a5ab-a9f1f60937d4,HOKA Men Speedgoat 5 Running Shoes - Deep Lake / Ceramic,3,04-08-2023
https://shopee.sg/Skechers-Men-GOrun-Consistent-Transition-Running-Shoes-220375-CCRD-Ortholite-M-STRIKE-i.84710867.20350002292?sp_atk=12106565-95a3-4e41-863d-694e8b8b53c3&xptdk=12106565-95a3-4e41-863d-694e8b8b53c3,"Skechers Men GOrun Consistent Transition Running Shoes - 220375-CCRD Ortholite, M-STRIKE",3,04-08-2023
https://shopee.sg/Puma-x-VON-DUTCH-RS-2K-Men's-Sneakers-i.331320512.9582312578?sp_atk=d164cb1a-c14f-4b68-ab7c-3414c8232799&xptdk=d164cb1a-c14f-4b68-ab7c-3414c8232799,Puma x VON DUTCH RS-2K Men's Sneakers,3,04-08-2023
https://shopee.sg/New-Balance-520v8-Mens-Running-D-i.82375312.22732276344?sp_atk=af5b3d35-f53a-4931-8cb9-ce3f20f2269c&xptdk=af5b3d35-f53a-4931-8cb9-ce3f20f2269c,New Balance 520v8 Mens Running D,3,04-08-2023
https://shopee.sg/ASICS-Men-GEL-CONTEND-8-Running-Shoes-in-Deep-Ocean-Black-i.455553838.16695192729?sp_atk=bef8424b-a9d6-47c7-b752-6561d2b798d4&xptdk=bef8424b-a9d6-47c7-b752-6561d2b798d4,ASICS Men GEL-CONTEND 8 Running Shoes in Deep Ocean/Black,3,04-08-2023
https://shopee.sg/ASICS-Men-GT-1000-11-Running-Shoes-in-Stable-White-Black-i.455553838.20150013689?sp_atk=b396d20a-5a81-4fb5-a430-7b1c4eb2fad7&xptdk=b396d20a-5a81-4fb5-a430-7b1c4eb2fad7,ASICS Men GT-1000 11 Running Shoes in Stable White/Black,3,04-08-2023
https://shopee.sg/Skechers-Men-Max-Cushioning-Essential-Momentum-Running-Shoes-220722-NVOR-Air-Cooled-Goga-Mat-Sneakers-Casual-i.84710867.23415941480?sp_atk=bd777233-2ad4-416e-8964-aa9aa82b2c6d&xptdk=bd777233-2ad4-416e-8964-aa9aa82b2c6d,"Skechers Men Max Cushioning Essential Momentum Running Shoes - 220722-NVOR - Air-Cooled Goga Mat, Sneakers, Casual",3,04-08-2023
https://shopee.sg/Brooks-Ghost-14-GTX-Men's-Running-Shoes-(Black-Black-Ebony)-i.54763243.15250201676?sp_atk=ef8c6cd4-fd97-4096-b46a-5aeb11dc22cf&xptdk=ef8c6cd4-fd97-4096-b46a-5aeb11dc22cf,Brooks Ghost 14 GTX Men's Running Shoes (Black/Black/Ebony),3,04-08-2023
https://shopee.sg/Skechers-Men-GOrun-Consistent-Running-Shoes-220034-NVRD-Air-Cooled-Goga-Mat-Goga-Mat-Technology-i.84710867.23746524650?sp_atk=9ce8038a-fd4d-4d4a-bf43-bd806d742de7&xptdk=9ce8038a-fd4d-4d4a-bf43-bd806d742de7,Skechers Men GOrun Consistent Running Shoes - 220034-NVRD Air-Cooled Goga Mat Goga Mat Technology,3,04-08-2023
https://shopee.sg/adidas-Running-ZNCHILL-LIGHTMOTION-Shoes-Men-Black-GZ2618-i.265436651.18279366653?sp_atk=4d0e9d6c-31c8-4d4b-963a-2d0aaf3cbc93&xptdk=4d0e9d6c-31c8-4d4b-963a-2d0aaf3cbc93,adidas Running ZNCHILL LIGHTMOTION+ Shoes Men Black GZ2618,3,04-08-2023
https://shopee.sg/Under-Armour-UA-Men's-HOVR™-Infinite-3-Storm-Running-Shoes-i.252648730.16410094917?sp_atk=f31a474c-4351-4a17-aa57-47cab9e141f3&xptdk=f31a474c-4351-4a17-aa57-47cab9e141f3,Under Armour UA Men's HOVR™ Infinite 3 Storm Running Shoes,3,04-08-2023
https://shopee.sg/ASICS-Men-GEL-VENTURE-9-Trail-Running-Shoes-in-Black-Black-i.455553838.23943686910?sp_atk=071945b6-8b46-46bb-9fa1-6b87f8eb84e5&xptdk=071945b6-8b46-46bb-9fa1-6b87f8eb84e5,ASICS Men GEL-VENTURE 9 Trail Running Shoes in Black/Black,3,04-08-2023
https://shopee.sg/ASICS-Men-GT-1000-11-Running-Shoes-in-Black-Electric-Blue-i.455553838.18424085663?sp_atk=4e29bdb7-ee9b-459e-8963-10bd228e7171&xptdk=4e29bdb7-ee9b-459e-8963-10bd228e7171,ASICS Men GT-1000 11 Running Shoes in Black/Electric Blue,3,04-08-2023
https://shopee.sg/adidas-Running-Lite-Racer-2.0-Shoes-Men-Blue-FZ0394-i.265436651.7496047891?sp_atk=bfa31563-e18a-4be0-961e-85a5aa525b95&xptdk=bfa31563-e18a-4be0-961e-85a5aa525b95,adidas Running Lite Racer 2.0 Shoes Men Blue FZ0394,3,04-08-2023
https://shopee.sg/ASICS-Men-GEL-CONTEND-8-Running-Shoes-in-Black-Pure-Silver-i.455553838.23840570895?sp_atk=40bb69bb-12e1-466c-a9ab-16870c494645&xptdk=40bb69bb-12e1-466c-a9ab-16870c494645,ASICS Men GEL-CONTEND 8 Running Shoes in Black/Pure Silver,3,04-08-2023
https://shopee.sg/Under-Armour-UA-Men's-Charged-Escape-4-Running-Shoes-i.252648730.21756565269?sp_atk=48cf22b8-2f3d-46d1-9114-07998d2d64e5&xptdk=48cf22b8-2f3d-46d1-9114-07998d2d64e5,Under Armour UA Men's Charged Escape 4 Running Shoes,3,04-08-2023
https://shopee.sg/Hoka-Men-Arahi-6-Wide-Running-Shoes-Outer-Space-Bellwether-Blue-i.258374675.19969865938?sp_atk=d31ad2c7-1236-4f27-a171-ace214483310&xptdk=d31ad2c7-1236-4f27-a171-ace214483310,Hoka Men Arahi 6 Wide Running Shoes - Outer Space / Bellwether Blue,3,04-08-2023
https://shopee.sg/ASICS-Men-GT-2000-10-Running-Shoes-in-Huddle-Yellow-Velvet-Pine-i.455553838.21772580536?sp_atk=401492a8-7f83-4461-ad17-43644615da2e&xptdk=401492a8-7f83-4461-ad17-43644615da2e,ASICS Men GT-2000 10 Running Shoes in Huddle Yellow/Velvet Pine,3,04-08-2023
https://shopee.sg/Salomon-Men-Hypulse-Trail-Running-Shoes-Dazzling-Blue-Black-Vibrant-Orange-i.258374675.17131012005?sp_atk=3a5a2780-0ea9-42e0-aa0e-70ebbcb09f2e&xptdk=3a5a2780-0ea9-42e0-aa0e-70ebbcb09f2e,Salomon Men Hypulse Trail Running Shoes - Dazzling Blue/Black/Vibrant Orange,3,04-08-2023
https://shopee.sg/Hoka-Men-Torrent-3-Trail-Running-Shoes-Blue-Steel-Dark-Citron-i.258374675.18079439532?sp_atk=75030bd9-011e-445d-a0b9-1d2b3156ee9a&xptdk=75030bd9-011e-445d-a0b9-1d2b3156ee9a,Hoka Men Torrent 3 Trail Running Shoes - Blue Steel / Dark Citron,3,04-08-2023
https://shopee.sg/Under-Armour-UA-Men's-Charged-Impulse-3-Running-Shoes-i.252648730.18156556884?sp_atk=85e63f04-b08c-49ff-a921-c19e774d7b88&xptdk=85e63f04-b08c-49ff-a921-c19e774d7b88,Under Armour UA Men's Charged Impulse 3 Running Shoes,3,04-08-2023
https://shopee.sg/Skechers-Men-Max-Cushioning-Delta-Spectral-Running-Shoes-220357-BKRD-Air-Cooled-Goga-Mat-Sneakers-Casual-i.84710867.21158441990?sp_atk=731d2f75-4468-4f54-bd6e-73fc8bcde848&xptdk=731d2f75-4468-4f54-bd6e-73fc8bcde848,"Skechers Men Max Cushioning Delta Spectral Running Shoes - 220357-BKRD - Air-Cooled Goga Mat, Sneakers, Casual",3,04-08-2023
https://shopee.sg/Under-Armour-UA-Men's-Charged-Impulse-2-Knit-Running-Shoes-i.252648730.17520192850?sp_atk=dd3365f2-4064-49b9-bc98-df6f87ca60ca&xptdk=dd3365f2-4064-49b9-bc98-df6f87ca60ca,Under Armour UA Men's Charged Impulse 2 Knit Running Shoes,3,04-08-2023
https://shopee.sg/ASICS-Men-HYPER-SPEED-2-Running-Shoes-in-Safety-Yellow-White-i.455553838.23218116922?sp_atk=66b58997-ee54-42f5-b4aa-e3828058d0ac&xptdk=66b58997-ee54-42f5-b4aa-e3828058d0ac,ASICS Men HYPER SPEED 2 Running Shoes in Safety Yellow/White,3,04-08-2023
https://shopee.sg/Skechers-Men-GOrun-Consistent-Running-Shoes-220371-CCOR-Air-Cooled-Goga-Mat-i.84710867.22545414419?sp_atk=a997207a-ceb8-4d8a-a8b4-74099177a15a&xptdk=a997207a-ceb8-4d8a-a8b4-74099177a15a,Skechers Men GOrun Consistent Running Shoes - 220371-CCOR Air-Cooled Goga Mat,3,04-08-2023
https://shopee.sg/New-Balance-FuelCell-Propel-v4-Mens-Running-D-i.82375312.20880837304?sp_atk=837051e1-69be-4bf6-b083-862da82b6b84&xptdk=837051e1-69be-4bf6-b083-862da82b6b84,New Balance FuelCell Propel v4 Mens Running D,3,04-08-2023
https://shopee.sg/ASICS-Men-GT-1000-11-(2E)-Running-Shoes-in-Piedmont-Grey-Indigo-Blue-i.455553838.22618111632?sp_atk=fc3f1577-d90e-49ea-bc93-77399bc85524&xptdk=fc3f1577-d90e-49ea-bc93-77399bc85524,ASICS Men GT-1000 11 (2E) Running Shoes in Piedmont Grey/Indigo Blue,3,04-08-2023
https://shopee.sg/PUMA-Softride-Enzo-Evo-Men's-Running-Shoes-(Red)-i.341363989.16293797581?sp_atk=46ace184-e40a-4cfc-9a8e-ff7911754388&xptdk=46ace184-e40a-4cfc-9a8e-ff7911754388,PUMA Softride Enzo Evo Men's Running Shoes (Red),3,04-08-2023
https://shopee.sg/ASICS-Men-GEL-NIMBUS-24-Running-Shoes-in-Cherry-Tomato-Black-i.455553838.23501820145?sp_atk=c781b4e7-d016-4656-9d89-f40783bf3180&xptdk=c781b4e7-d016-4656-9d89-f40783bf3180,ASICS Men GEL-NIMBUS 24 Running Shoes in Cherry Tomato/Black,3,04-08-2023
https://shopee.sg/ASICS-Men-MAGIC-SPEED-2-Running-Shoes-in-Safety-Yellow-White-i.455553838.23418105453?sp_atk=362d00c6-1018-4f6c-8651-02a1d8f190ee&xptdk=362d00c6-1018-4f6c-8651-02a1d8f190ee,ASICS Men MAGIC SPEED 2 Running Shoes in Safety Yellow/White,3,04-08-2023
https://shopee.sg/Saucony-Men-Ride-15-Running-Shoes-Gold-Palm-i.972850661.20177370218?sp_atk=d0975c58-d0c4-40a9-b5f9-e4bc83ac17de&xptdk=d0975c58-d0c4-40a9-b5f9-e4bc83ac17de,Saucony Men Ride 15 Running Shoes - Gold / Palm,3,04-08-2023
https://shopee.sg/ASICS-Men-NOVABLAST-3-Running-Shoes-in-White-Deep-Ocean-i.455553838.22766059568?sp_atk=a1f98478-cc9f-4788-9a22-52ad6646ce77&xptdk=a1f98478-cc9f-4788-9a22-52ad6646ce77,ASICS Men NOVABLAST 3 Running Shoes in White/Deep Ocean,3,04-08-2023
https://shopee.sg/New-Balance-Fresh-Foam-680v7-Mens-Running-D-i.82375312.20876169557?sp_atk=43144c0f-545a-4003-9e91-0c2326766aa1&xptdk=43144c0f-545a-4003-9e91-0c2326766aa1,New Balance Fresh Foam 680v7 Mens Running D,3,04-08-2023
https://shopee.sg/ASICS-Men-GT-1000-11-Running-Shoes-in-Black-Electric-Red-i.455553838.22166056980?sp_atk=8f90bdfc-80a4-4a2a-a387-918781ea5618&xptdk=8f90bdfc-80a4-4a2a-a387-918781ea5618,ASICS Men GT-1000 11 Running Shoes in Black/Electric Red,3,04-08-2023
https://shopee.sg/ASICS-Men-GEL-KAYANO-LITE-2-Running-Shoes-in-Metropolis-Lake-Drive-i.455553838.19224084917?sp_atk=5133c4fb-b34c-4533-a663-d4f14a3466f0&xptdk=5133c4fb-b34c-4533-a663-d4f14a3466f0,ASICS Men GEL-KAYANO LITE 2 Running Shoes in Metropolis/Lake Drive,3,04-08-2023
https://shopee.sg/ASICS-Men-GT-2000-11-TR-Running-Shoes-in-Nature-Bathing-Golden-Yellow-i.455553838.22572635306?sp_atk=4c48db3c-5074-4104-88db-e40428d3b8ee&xptdk=4c48db3c-5074-4104-88db-e40428d3b8ee,ASICS Men GT-2000 11 TR Running Shoes in Nature Bathing/Golden Yellow,3,04-08-2023
https://shopee.sg/ASICS-Men-GEL-NIMBUS-25-Running-Shoes-in-Sheet-Rock-Indigo-Blue-i.455553838.18888089311?sp_atk=d2f6c4b9-9827-45d4-af8e-164db2745878&xptdk=d2f6c4b9-9827-45d4-af8e-164db2745878,ASICS Men GEL-NIMBUS 25 Running Shoes in Sheet Rock/Indigo Blue,3,04-08-2023
https://shopee.sg/Skechers-Men-GOrun-Consistent-Capability-Running-Shoes-220369-GYBL-Air-Cooled-Goga-Mat-Ortholite-i.84710867.21838935698?sp_atk=2eeb6059-c287-41dc-a12d-0b6a7ed11161&xptdk=2eeb6059-c287-41dc-a12d-0b6a7ed11161,Skechers Men GOrun Consistent Capability Running Shoes - 220369-GYBL Air-Cooled Goga Mat Ortholite,3,04-08-2023
https://shopee.sg/Saucony-Men-Kinvara-13-Wide-Running-Shoe-Black-Silver-i.972850661.22735706064?sp_atk=1822704d-bfe7-4645-8a83-6e7cbbde728c&xptdk=1822704d-bfe7-4645-8a83-6e7cbbde728c,Saucony Men Kinvara 13 Wide Running Shoe - Black / Silver,3,04-08-2023
https://shopee.sg/Salomon-Men-Sense-Ride-5-Trail-Running-Shoes-Black-Fiery-Red-Black-i.382766669.17392301729?sp_atk=2ec3befe-7f89-466b-ad4e-cfccd1ed162b&xptdk=2ec3befe-7f89-466b-ad4e-cfccd1ed162b,Salomon Men Sense Ride 5 Trail Running Shoes - Black/Fiery Red/Black,3,04-08-2023
https://shopee.sg/New-Balance-Fresh-Foam-680v7-Mens-Running-D-i.82375312.21177831268?sp_atk=71017541-7672-4ce2-b717-c0fb73600d5c&xptdk=71017541-7672-4ce2-b717-c0fb73600d5c,New Balance Fresh Foam 680v7 Mens Running D,3,04-08-2023
https://shopee.sg/adidas-Running-Questar-Shoes-Men-Black-GZ0631-i.265436651.22440682697?sp_atk=9aa9d16d-2ae6-4aa0-9db2-7db39315a77f&xptdk=9aa9d16d-2ae6-4aa0-9db2-7db39315a77f,adidas Running Questar Shoes Men Black GZ0631,3,04-08-2023
https://shopee.sg/adidas-Running-Adizero-SL-Wide-Lightstrike-Running-Shoes-Men-Black-IE9389-i.265436651.18482262520?sp_atk=e0c8be24-e8ea-41f3-a4aa-e502d3a63c88&xptdk=e0c8be24-e8ea-41f3-a4aa-e502d3a63c88,adidas Running Adizero SL Wide Lightstrike Running Shoes Men Black IE9389,3,04-08-2023
https://shopee.sg/adidas-Running-Ultrabounce-Shoes-Men-White-HP5771-i.265436651.23740679313?sp_atk=4ddd2299-089c-4010-a0f8-f85ce20ba561&xptdk=4ddd2299-089c-4010-a0f8-f85ce20ba561,adidas Running Ultrabounce Shoes Men White HP5771,3,04-08-2023
https://shopee.sg/Saucony-Men-Endorphin-Shift-3-Running-Shoes-Concrete-Wood-i.972850661.22337875135?sp_atk=a84b4f5d-deeb-400d-ba40-ce659814c285&xptdk=a84b4f5d-deeb-400d-ba40-ce659814c285,Saucony Men Endorphin Shift 3 Running Shoes -  Concrete / Wood,3,04-08-2023
https://shopee.sg/Saucony-Men-Tempus-Wide-Running-Shoes-Fossil-Moss-i.972850661.18078164496?sp_atk=30b28667-646b-4dfc-8502-ac14a47a567a&xptdk=30b28667-646b-4dfc-8502-ac14a47a567a,Saucony Men Tempus Wide - Running Shoes - Fossil / Moss,3,04-08-2023
https://shopee.sg/Brooks-Men's-Trail-Running-Shoes-Caldera-6-i.264138227.22775138682?sp_atk=b459858f-1403-41ff-bd67-a0e167bb0a95&xptdk=b459858f-1403-41ff-bd67-a0e167bb0a95,Brooks Men's Trail Running Shoes - Caldera 6,3,04-08-2023
https://shopee.sg/ASICS-Men-GT-2000-10-LITE-SHOW-Running-Shoes-in-Lite-Show-Shocking-Orange-i.455553838.18257034098?sp_atk=cf89c454-43bc-4147-89d6-a553ae7215fa&xptdk=cf89c454-43bc-4147-89d6-a553ae7215fa,ASICS Men GT-2000 10 LITE SHOW Running Shoes in Lite-Show/Shocking Orange,3,04-08-2023
https://shopee.sg/Skechers-Men-Max-Cushioning-Essential-Running-Shoes-220723-BLOR-Air-Cooled-Goga-Mat-Sneakers-Casual-i.84710867.21551979576?sp_atk=b1d7cd8a-bb4f-43e2-9784-ea21cdfe0453&xptdk=b1d7cd8a-bb4f-43e2-9784-ea21cdfe0453,"Skechers Men Max Cushioning Essential Running Shoes - 220723-BLOR - Air-Cooled Goga Mat, Sneakers, Casual",3,04-08-2023
https://shopee.sg/Skechers-Men-GOrun-Lite-Sublimation-Running-Shoes-220896-NVLM-Air-Cooled-Goga-Mat-Hyper-Burst-i.84710867.23970914880?sp_atk=c57e13bc-60ec-4c79-9ad3-0669d29c0704&xptdk=c57e13bc-60ec-4c79-9ad3-0669d29c0704,Skechers Men GOrun Lite Sublimation Running Shoes - 220896-NVLM Air-Cooled Goga Mat Hyper Burst,3,04-08-2023
https://shopee.sg/ASICS-Men-GEL-KAYANO-29-LITE-SHOW-Running-Shoes-in-Black-New-Leaf-i.455553838.22901820501?sp_atk=da6f5ed4-ab53-4843-a63f-e4055ad93ecf&xptdk=da6f5ed4-ab53-4843-a63f-e4055ad93ecf,ASICS Men GEL-KAYANO 29 LITE-SHOW Running Shoes in Black/New Leaf,3,04-08-2023
https://shopee.sg/ASICS-Men-GEL-NIMBUS-24-Running-Shoes-in-Velvet-Pine-New-Leaf-i.455553838.18157031769?sp_atk=5eb2d883-fbf4-4c0b-9796-9c804eedeed2&xptdk=5eb2d883-fbf4-4c0b-9796-9c804eedeed2,ASICS Men GEL-NIMBUS 24 Running Shoes in Velvet Pine/New Leaf,3,04-08-2023
https://shopee.sg/adidas-Running-Runfalcon-3.0-Shoes-Men-White-HQ3789-i.265436651.12498197146?sp_atk=1213f0ba-d16a-48cc-9b9e-4a62e6ec21f9&xptdk=1213f0ba-d16a-48cc-9b9e-4a62e6ec21f9,adidas Running Runfalcon 3.0 Shoes Men White HQ3789,3,04-08-2023
https://shopee.sg/Brooks-Men's-Running-Shoes-Ghost-15-i.264138227.20091282066?sp_atk=3b8594f2-639b-4bdf-89eb-6e63a2e17c24&xptdk=3b8594f2-639b-4bdf-89eb-6e63a2e17c24,Brooks Men's Running Shoes - Ghost 15,3,04-08-2023
https://shopee.sg/HOKA-Men-Carbon-X-3-Running-Shoes-Evening-Primrose-Scuba-Blue-i.258374675.23714519092?sp_atk=cce47815-bd32-413c-a4c8-875b826685d7&xptdk=cce47815-bd32-413c-a4c8-875b826685d7,HOKA Men Carbon X 3 Running Shoes - Evening Primrose / Scuba Blue,3,04-08-2023
https://shopee.sg/Saucony-Men-Omni-21-Wide-Running-Shoes-Alloy-Garnet-i.972850661.17494100921?sp_atk=ab8c1126-1052-4005-b40a-683cbc3feb21&xptdk=ab8c1126-1052-4005-b40a-683cbc3feb21,Saucony Men Omni 21 Wide - Running Shoes - Alloy / Garnet,3,04-08-2023
https://shopee.sg/Skechers-Men-GOrun-Consistent-Quick-Step-Running-Shoes-220368-NVY-Air-Cooled-Goga-Mat-Ortholite-M-STRIKE-i.84710867.11498319610?sp_atk=d4e1d57e-ffa3-4636-be46-2db3270e8fcb&xptdk=d4e1d57e-ffa3-4636-be46-2db3270e8fcb,"Skechers Men GOrun Consistent Quick Step Running Shoes - 220368-NVY Air-Cooled Goga Mat Ortholite, M-STRIKE",3,04-08-2023
https://shopee.sg/Under-Armour-Men's-UA-Flow-Velociti-Wind-2-Dark-Sky-Distance-Running-Shoes-i.252648730.23747986301?sp_atk=1dc91b24-d646-45de-a99f-63320eeb687e&xptdk=1dc91b24-d646-45de-a99f-63320eeb687e,Under Armour Men's UA Flow Velociti Wind 2 Dark Sky Distance Running Shoes,3,04-08-2023
https://shopee.sg/Puma-X-Ray-Lite-Summer-Men's-Shoes-i.331320512.10862378942?sp_atk=e1671286-0a69-4385-ac51-897ab664c000&xptdk=e1671286-0a69-4385-ac51-897ab664c000,Puma X-Ray Lite Summer Men's Shoes,3,04-08-2023
https://shopee.sg/adidas-Running-Duramo-10-Shoes-Men-Red-HP2382-i.265436651.18288169975?sp_atk=e9ef441e-9867-452f-a358-ad37ebc969f7&xptdk=e9ef441e-9867-452f-a358-ad37ebc969f7,adidas Running Duramo 10 Shoes Men Red HP2382,3,04-08-2023
https://shopee.sg/Puma-X-Ray-Lite-Summer-Men's-Shoes-i.331320512.10862378942?sp_atk=30f2b257-0c66-4a61-ad75-1d8f57718d61&xptdk=30f2b257-0c66-4a61-ad75-1d8f57718d61,Puma X-Ray Lite Summer Men's Shoes,4,04-08-2023
https://shopee.sg/New-Balance-Fresh-Foam-680v7-Mens-Running-D-i.82375312.21177831268?sp_atk=78905fea-d1aa-4149-ad76-3285bb273278&xptdk=78905fea-d1aa-4149-ad76-3285bb273278,New Balance Fresh Foam 680v7 Mens Running D,4,04-08-2023
https://shopee.sg/adidas-Running-Supernova-2.0-Shoes-Men-Black-HQ9940-i.265436651.20072578549?sp_atk=b041aee4-914f-4f16-9e77-d00aee827707&xptdk=b041aee4-914f-4f16-9e77-d00aee827707,adidas Running Supernova 2.0 Shoes Men Black HQ9940,4,04-08-2023
https://shopee.sg/ASICS-Men-GEL-KAYANO-LITE-2-Running-Shoes-in-Metropolis-Lake-Drive-i.455553838.19224084917?sp_atk=e7220656-b219-4487-be18-c862b6a4e489&xptdk=e7220656-b219-4487-be18-c862b6a4e489,ASICS Men GEL-KAYANO LITE 2 Running Shoes in Metropolis/Lake Drive,4,04-08-2023
https://shopee.sg/Puma-UltraRide-Fm-Xtreme-Men's-Running-Shoes-i.331320512.5095540240?sp_atk=48270ac0-d583-4e9b-ba33-5cb499adba13&xptdk=48270ac0-d583-4e9b-ba33-5cb499adba13,Puma UltraRide Fm Xtreme Men's Running Shoes,4,04-08-2023
https://shopee.sg/ASICS-Men-GEL-NIMBUS-24-Running-Shoes-in-Cherry-Tomato-Black-i.455553838.23501820145?sp_atk=46c0f840-0eaa-4a0c-9a0d-5ba02f8900e2&xptdk=46c0f840-0eaa-4a0c-9a0d-5ba02f8900e2,ASICS Men GEL-NIMBUS 24 Running Shoes in Cherry Tomato/Black,4,04-08-2023
https://shopee.sg/Under-Armour-UA-Men's-HOVR™-Phantom-2-IntelliKnit-Running-Shoes-i.252648730.23503558740?sp_atk=ff0cc833-26f1-4d5a-9c88-c564555142c4&xptdk=ff0cc833-26f1-4d5a-9c88-c564555142c4,Under Armour UA Men's  HOVR™ Phantom 2 IntelliKnit Running Shoes,4,04-08-2023
https://shopee.sg/HOKA-Men-Rincon-3-Running-Shoes-Mountain-Spring-Summer-Song-i.258374675.19878274723?sp_atk=40ccea66-b468-4a85-bd0f-49a431c3928a&xptdk=40ccea66-b468-4a85-bd0f-49a431c3928a,HOKA Men Rincon 3 Running Shoes - Mountain Spring / Summer Song,4,04-08-2023
https://shopee.sg/Saucony-Men-Guide-15-Running-Shoes-Prospect-Glass-i.972850661.21477367766?sp_atk=e5512e0d-3fd6-47ff-8d84-ed12cca63a9d&xptdk=e5512e0d-3fd6-47ff-8d84-ed12cca63a9d,Saucony Men Guide 15 Running Shoes - Prospect Glass,4,04-08-2023
https://shopee.sg/Hoka-Men-Torrent-3-Trail-Running-Shoes-Thyme-Fiesta-i.258374675.23941358658?sp_atk=786a634a-9bec-4464-91ee-17cbfade0e04&xptdk=786a634a-9bec-4464-91ee-17cbfade0e04,Hoka Men Torrent 3 Trail Running Shoes - Thyme / Fiesta,4,04-08-2023
https://shopee.sg/Skechers-Men-Max-Cushioning-Essential-Running-Shoes-220723-BLOR-Air-Cooled-Goga-Mat-Sneakers-Casual-i.84710867.21551979576?sp_atk=3370b5dd-6212-43b5-bd2b-74853d9c0a00&xptdk=3370b5dd-6212-43b5-bd2b-74853d9c0a00,"Skechers Men Max Cushioning Essential Running Shoes - 220723-BLOR - Air-Cooled Goga Mat, Sneakers, Casual",4,04-08-2023
https://shopee.sg/Skechers-Men-GOrun-Lite-Sublimation-Running-Shoes-220896-NVLM-Air-Cooled-Goga-Mat-Hyper-Burst-i.84710867.23970914880?sp_atk=e5a0b263-9ef0-4082-807a-49048795c151&xptdk=e5a0b263-9ef0-4082-807a-49048795c151,Skechers Men GOrun Lite Sublimation Running Shoes - 220896-NVLM Air-Cooled Goga Mat Hyper Burst,4,04-08-2023
https://shopee.sg/MBT-M500-Men-Active-fitness-walking-In-Black-i.114877948.14423551214?sp_atk=fd8a7b0a-f024-4914-82c6-992149cb0dbb&xptdk=fd8a7b0a-f024-4914-82c6-992149cb0dbb,MBT M500 Men Active fitness walking In Black,4,04-08-2023
https://shopee.sg/ASICS-Men-DYNABLAST-3-Running-Shoes-in-Island-Blue-Indigo-Blue-i.455553838.21379134966?sp_atk=7d5204c4-98e4-496d-a189-c95cdbbc10c7&xptdk=7d5204c4-98e4-496d-a189-c95cdbbc10c7,ASICS Men DYNABLAST 3 Running Shoes in Island Blue/Indigo Blue,4,04-08-2023
https://shopee.sg/Skechers-Men-GOrun-Consistent-Quick-Step-Running-Shoes-220368-NVY-Air-Cooled-Goga-Mat-Ortholite-M-STRIKE-i.84710867.11498319610?sp_atk=5505e34e-b8b9-4ab2-a639-3e1df538273a&xptdk=5505e34e-b8b9-4ab2-a639-3e1df538273a,"Skechers Men GOrun Consistent Quick Step Running Shoes - 220368-NVY Air-Cooled Goga Mat Ortholite, M-STRIKE",4,04-08-2023
https://shopee.sg/ASICS-Men-GT-1000-11-Running-Shoes-in-Piedmont-Grey-Indigo-Blue-i.455553838.22118112250?sp_atk=a1d593f4-f2c9-468e-be28-1d233572dd0b&xptdk=a1d593f4-f2c9-468e-be28-1d233572dd0b,ASICS Men GT-1000 11 Running Shoes in Piedmont Grey/Indigo Blue,4,04-08-2023
https://shopee.sg/Under-Armour-Men's-UA-Flow-Velociti-Wind-2-Dark-Sky-Distance-Running-Shoes-i.252648730.23747986301?sp_atk=d0a1e8f7-62b8-4bc7-83aa-faf3a590ccc4&xptdk=d0a1e8f7-62b8-4bc7-83aa-faf3a590ccc4,Under Armour Men's UA Flow Velociti Wind 2 Dark Sky Distance Running Shoes,4,04-08-2023
https://shopee.sg/Salomon-Men-Pulsar-Trail-Running-Shoes-Poppy-Red-Biking-Red-Black-i.382766669.14986749661?sp_atk=7680dc20-333f-47a7-b8d3-7ab76d179768&xptdk=7680dc20-333f-47a7-b8d3-7ab76d179768,Salomon Men Pulsar Trail Running Shoes - Poppy Red / Biking Red / Black,4,04-08-2023
https://shopee.sg/HOKA-Men-Rincon-3-Running-Shoes-White-Eggnog-i.258374675.22868648081?sp_atk=d307d28b-3d46-44ea-9479-7efbbdbf993f&xptdk=d307d28b-3d46-44ea-9479-7efbbdbf993f,HOKA Men Rincon 3 Running Shoes - White / Eggnog,4,04-08-2023
https://shopee.sg/ASICS-Men-GEL-NIMBUS-24-Running-Shoes-in-Velvet-Pine-New-Leaf-i.455553838.18157031769?sp_atk=38f3b9bf-7f90-41ca-8bb3-838e99462468&xptdk=38f3b9bf-7f90-41ca-8bb3-838e99462468,ASICS Men GEL-NIMBUS 24 Running Shoes in Velvet Pine/New Leaf,4,04-08-2023
https://shopee.sg/adidas-Running-Runfalcon-3-TR-Shoes-Men-Black-HP7568-i.265436651.20188358088?sp_atk=4f9303c7-98a4-44fe-8169-f8d9d60f831f&xptdk=4f9303c7-98a4-44fe-8169-f8d9d60f831f,adidas Running Runfalcon 3 TR Shoes Men Black HP7568,4,04-08-2023
https://shopee.sg/Saucony-Men-Kinvara-12-Running-Shoes-Vizipro-i.258374675.16586810170?sp_atk=d6538809-61a2-421b-a6f7-e96090f21bc5&xptdk=d6538809-61a2-421b-a6f7-e96090f21bc5,Saucony Men Kinvara 12 Running Shoes - Vizipro,4,04-08-2023
https://shopee.sg/Hoka-Men-Solimar-Running-Shoes-Blue-Coral-Butterfly-i.258374675.20681774141?sp_atk=0f77ab64-4729-4cfb-aaa7-eb95c0835af9&xptdk=0f77ab64-4729-4cfb-aaa7-eb95c0835af9,Hoka Men Solimar Running Shoes - Blue Coral / Butterfly,4,04-08-2023
https://shopee.sg/Saucony-Men-Omni-Walker-3-Wide-Running-Shoes-Black-i.972850661.16194098453?sp_atk=98b5d69e-9d3f-4d46-b26a-21761673d596&xptdk=98b5d69e-9d3f-4d46-b26a-21761673d596,Saucony Men Omni Walker 3 Wide - Running Shoes - Black,4,04-08-2023
https://shopee.sg/adidas-Running-Racer-TR21-Shoes-Men-Blue-H05765-i.265436651.18348034424?sp_atk=8b1155f7-4cc9-4a67-853d-ac6b4e69320f&xptdk=8b1155f7-4cc9-4a67-853d-ac6b4e69320f,adidas Running Racer TR21 Shoes Men Blue H05765,4,04-08-2023
https://shopee.sg/adidas-Running-SolarGlide-4-Shoes-Men-Black-S42559-i.265436651.21048030265?sp_atk=aeeb8a47-4e75-4072-ab46-70ce1114a4b1&xptdk=aeeb8a47-4e75-4072-ab46-70ce1114a4b1,adidas Running SolarGlide 4 Shoes Men Black S42559,4,04-08-2023
https://shopee.sg/Saucony-Men-Kinvara-13-Running-Shoe-Mist-Black-i.972850661.23835697635?sp_atk=4fd62b37-bb81-4a5a-bd1e-beb3d964aef4&xptdk=4fd62b37-bb81-4a5a-bd1e-beb3d964aef4,Saucony Men Kinvara 13 Running Shoe - Mist / Black,4,04-08-2023
https://shopee.sg/ASICS-Men-GEL-KAYANO-29-LITE-SHOW-Running-Shoes-in-Black-New-Leaf-i.455553838.22901820501?sp_atk=53894d15-1f4c-462e-8885-d55e44ed243b&xptdk=53894d15-1f4c-462e-8885-d55e44ed243b,ASICS Men GEL-KAYANO 29 LITE-SHOW Running Shoes in Black/New Leaf,4,04-08-2023
https://shopee.sg/Brooks-Men's-Trail-Running-Shoes-Caldera-6-i.264138227.22775138682?sp_atk=f24dbc03-fdf3-43a4-9a49-d764ae31cac2&xptdk=f24dbc03-fdf3-43a4-9a49-d764ae31cac2,Brooks Men's Trail Running Shoes - Caldera 6,4,04-08-2023
https://shopee.sg/Under-Armour-Men's-UA-Charged-Impulse-3-Knit-Running-Shoes-i.252648730.23049249740?sp_atk=4bfd166a-7021-46fb-9861-bd0c899ddc8b&xptdk=4bfd166a-7021-46fb-9861-bd0c899ddc8b,Under Armour Men's UA Charged Impulse 3 Knit Running Shoes,4,04-08-2023
https://shopee.sg/adidas-Running-Questar-Shoes-Men-Black-IF2230-i.265436651.23374858284?sp_atk=5c79eb8d-b43b-4d6c-b285-e3d2ba217dbd&xptdk=5c79eb8d-b43b-4d6c-b285-e3d2ba217dbd,adidas Running Questar Shoes Men Black IF2230,4,04-08-2023
https://shopee.sg/ASICS-Men-GEL-KAYANO-28-MK-Running-Shoes-in-Carrier-Grey-Electric-Blue-i.455553838.18619349722?sp_atk=abda6d3d-2890-4deb-aed4-8cbd6b25d413&xptdk=abda6d3d-2890-4deb-aed4-8cbd6b25d413,ASICS Men GEL-KAYANO 28 MK Running Shoes in Carrier Grey/Electric Blue,4,04-08-2023
https://shopee.sg/HOKA-Men-Rincon-3-Wide-Running-Shoes-Bluing-Scuba-Blue-i.258374675.22466437898?sp_atk=6fdc1069-4c95-494f-99ea-760340aa33cc&xptdk=6fdc1069-4c95-494f-99ea-760340aa33cc,HOKA Men Rincon 3 Wide Running Shoes -  Bluing / Scuba Blue,4,04-08-2023
https://shopee.sg/Power-Men-Plazma-Running-Shoes-809X143-i.324728427.22230941255?sp_atk=889a2ebc-9ec6-4e6a-8fbc-0317e0b6664b&xptdk=889a2ebc-9ec6-4e6a-8fbc-0317e0b6664b,Power Men Plazma Running Shoes 809X143,4,04-08-2023
https://shopee.sg/Hoka-Men-Kawana-Running-Shoes-Black-White-i.258374675.23966840763?sp_atk=5f2b5166-3c6d-4d6e-a610-fd7c17c66cb0&xptdk=5f2b5166-3c6d-4d6e-a610-fd7c17c66cb0,Hoka Men Kawana Running Shoes - Black / White,4,04-08-2023
https://shopee.sg/Saucony-Men-Boston-Marathon-Endorphin-Speed-3-Running-Shoes-White-Navy-i.972850661.22637874885?sp_atk=5cf765bf-9452-45a7-9b1d-532813b7a8ec&xptdk=5cf765bf-9452-45a7-9b1d-532813b7a8ec,Saucony Men Boston Marathon Endorphin Speed 3 Running Shoes -  White / Navy,4,04-08-2023
https://shopee.sg/adidas-Running-Solarboost-5-Shoes-Men-Orange-GV9137-i.265436651.22466175396?sp_atk=44a4dd2f-b2eb-4f2e-873c-c610eba41763&xptdk=44a4dd2f-b2eb-4f2e-873c-c610eba41763,adidas Running Solarboost 5 Shoes Men Orange GV9137,4,04-08-2023
https://shopee.sg/adidas-Running-Run-60s-2.0-Shoes-Men-Black-FZ0961-i.265436651.23241980174?sp_atk=43715414-6982-4bec-a096-f7ab4c9e1872&xptdk=43715414-6982-4bec-a096-f7ab4c9e1872,adidas Running Run 60s 2.0 Shoes Men Black FZ0961,4,04-08-2023
https://shopee.sg/adidas-Running-Galaxar-Run-Shoes-Men-Blue-FX6887-i.265436651.12482497134?sp_atk=489cc83b-32e8-41fe-89c4-60e31e251b2b&xptdk=489cc83b-32e8-41fe-89c4-60e31e251b2b,adidas Running Galaxar Run Shoes Men Blue FX6887,4,04-08-2023
https://shopee.sg/adidas-Running-Galaxar-Run-Shoes-Men-White-FX6895-i.265436651.11990081759?sp_atk=62185046-5666-462b-b890-a0ab6eb0cca7&xptdk=62185046-5666-462b-b890-a0ab6eb0cca7,adidas Running Galaxar Run Shoes Men White FX6895,4,04-08-2023
https://shopee.sg/adidas-Running-Supernova-3-Running-Shoes-Men-Black-IE4367-i.265436651.18182263124?sp_atk=775cb6b4-b9ac-4fb3-abe3-cb08b198589b&xptdk=775cb6b4-b9ac-4fb3-abe3-cb08b198589b,adidas Running Supernova 3 Running Shoes Men Black IE4367,4,04-08-2023
https://shopee.sg/Saucony-Men-Endorphin-Speed-3-White-Gold-i.972850661.23246755161?sp_atk=f54edf98-8290-4a13-ab21-799448c3fa0d&xptdk=f54edf98-8290-4a13-ab21-799448c3fa0d,Saucony Men Endorphin Speed 3 - White / Gold,4,04-08-2023
https://shopee.sg/adidas-Running-Lite-Racer-3.0-Shoes-Men-Black-GW7954-i.265436651.12414040218?sp_atk=d219919f-e043-4568-9317-650a3b5c6360&xptdk=d219919f-e043-4568-9317-650a3b5c6360,adidas Running Lite Racer 3.0 Shoes Men Black GW7954,4,04-08-2023
https://shopee.sg/Hoka-Men-Zinal-Running-Shoes-Fiesta-Black-Olive-i.258374675.23514518542?sp_atk=fb974fcc-2c0f-4f37-a54e-019511f23644&xptdk=fb974fcc-2c0f-4f37-a54e-019511f23644,Hoka Men Zinal Running Shoes - Fiesta / Black Olive,4,04-08-2023
https://shopee.sg/ASICS-Men-GEL-Trabuco-10-Trail-Running-Shoes-in-Blue-Coast-White-i.455553838.15398853572?sp_atk=6fac83d0-c056-4967-86ed-e86b38620f7d&xptdk=6fac83d0-c056-4967-86ed-e86b38620f7d,ASICS Men GEL-Trabuco 10 Trail Running Shoes in Blue Coast/White,4,04-08-2023
https://shopee.sg/adidas-Running-EQ21-Run-Shoes-Men-Blue-H00513-i.265436651.18248032956?sp_atk=cdafadf1-59c2-415e-a799-26c94c9b8a17&xptdk=cdafadf1-59c2-415e-a799-26c94c9b8a17,adidas Running EQ21 Run Shoes Men Blue H00513,4,04-08-2023
https://shopee.sg/adidas-Running-Racer-TR21-Shoes-Men-White-GZ8182-i.265436651.15100043729?sp_atk=fe9602f9-21fa-4b6a-b080-e7e0a913597e&xptdk=fe9602f9-21fa-4b6a-b080-e7e0a913597e,adidas Running Racer TR21 Shoes Men White GZ8182,4,04-08-2023
https://shopee.sg/Salomon-Men-Outrise-Gtx-Running-Shoes-Black-Black-Phantom-i.382766669.21770941264?sp_atk=3af69f45-4471-470b-b480-15add50624f7&xptdk=3af69f45-4471-470b-b480-15add50624f7,Salomon Men Outrise Gtx Running Shoes - Black/Black/Phantom,4,04-08-2023
https://shopee.sg/ASICS-Men-GEL-KAYANO-28-Running-Shoes-in-Lake-Drive-Black-i.455553838.17746650894?sp_atk=e26e6b09-a7ab-499e-bf51-29dd38d98624&xptdk=e26e6b09-a7ab-499e-bf51-29dd38d98624,ASICS Men GEL-KAYANO 28 Running Shoes in Lake Drive/Black,4,04-08-2023
https://shopee.sg/adidas-Running-Duramo-SL-Shoes-Men-Black-H04622-i.265436651.22922230871?sp_atk=4b0c7891-e8ae-43e4-8bb0-031b51810313&xptdk=4b0c7891-e8ae-43e4-8bb0-031b51810313,adidas Running Duramo SL Shoes Men Black H04622,4,04-08-2023
https://shopee.sg/ASICS-Men-GEL-CONTEND-8-Running-Shoes-in-Electric-Red-Sky-i.455553838.22866052896?sp_atk=a3bb0bd0-f722-4403-ac21-1878ebc0c603&xptdk=a3bb0bd0-f722-4403-ac21-1878ebc0c603,ASICS Men GEL-CONTEND 8 Running Shoes in Electric Red/Sky,4,04-08-2023
https://shopee.sg/adidas-Running-Duramo-Speed-Shoes-Men-Black-IE7267-i.265436651.20482246485?sp_atk=881806ed-11a7-41ce-a89c-08d56ea3e4f4&xptdk=881806ed-11a7-41ce-a89c-08d56ea3e4f4,adidas Running Duramo Speed Shoes Men Black IE7267,4,04-08-2023
https://shopee.sg/ASICS-Men-GT-1000-11-TR-Running-Shoes-in-Nature-Bathing-Golden-Yellow-i.455553838.22272639463?sp_atk=1e28d6d3-9f60-4465-9a90-a6d08fc02442&xptdk=1e28d6d3-9f60-4465-9a90-a6d08fc02442,ASICS Men GT-1000 11 TR Running Shoes in Nature Bathing/Golden Yellow,4,04-08-2023
https://shopee.sg/ASICS-Men-GEL-Trabuco-10-Trail-Running-Shoes-in-Mantle-Green-Midnight-i.455553838.18880229799?sp_atk=4187a85e-e45b-4bf1-94cc-2ca4b0800a0b&xptdk=4187a85e-e45b-4bf1-94cc-2ca4b0800a0b,ASICS Men GEL-Trabuco 10 Trail Running Shoes in Mantle Green/Midnight,4,04-08-2023
https://shopee.sg/adidas-Running-Ozelle-Cloudfoam-Shoes-Men-Beige-GX6762-i.265436651.21288198870?sp_atk=b76fefbf-488c-46b8-ac1f-3961a5fbfdd6&xptdk=b76fefbf-488c-46b8-ac1f-3961a5fbfdd6,adidas Running Ozelle Cloudfoam Shoes Men Beige GX6762,4,04-08-2023
https://shopee.sg/ASICS-Men-GEL-DS-TRAINER-26-Running-Shoes-in-Lake-Drive-Shocking-Orange-i.455553838.21171129118?sp_atk=6b9b5c48-828d-4567-925a-63be18b402c4&xptdk=6b9b5c48-828d-4567-925a-63be18b402c4,ASICS Men GEL-DS TRAINER 26 Running Shoes in Lake Drive/Shocking Orange,4,04-08-2023
https://shopee.sg/adidas-Running-Runfalcon-2.0-Shoes-Men-Blue-FZ2807-i.265436651.16194451790?sp_atk=6515759e-59f0-4dba-9682-2ea5b54a2758&xptdk=6515759e-59f0-4dba-9682-2ea5b54a2758,adidas Running Runfalcon 2.0 Shoes Men Blue FZ2807,4,04-08-2023
https://shopee.sg/Skechers-Men-GOrun-Balance-2-Running-Shoes-246013-BKLM-Sneakers-Casual-i.84710867.16090691280?sp_atk=37c3c28f-e407-417d-a14d-b67b8f2c3a72&xptdk=37c3c28f-e407-417d-a14d-b67b8f2c3a72,"Skechers Men GOrun Balance 2 Running Shoes - 246013-BKLM - Sneakers, Casual",4,04-08-2023
https://shopee.sg/adidas-Running-Fluidflow-3.0-Shoes-Men-Blue-IG9833-i.265436651.23274855574?sp_atk=c0f856ad-25ba-46ea-ac2e-ab4ed75a21cc&xptdk=c0f856ad-25ba-46ea-ac2e-ab4ed75a21cc,adidas Running Fluidflow 3.0 Shoes Men Blue IG9833,4,04-08-2023
https://shopee.sg/Saucony-Men-Endorphin-Shift-3-Running-Shoe-Slate-Palm-i.972850661.22535706903?sp_atk=861ef6e1-2237-4dc2-bda8-9f114a36890c&xptdk=861ef6e1-2237-4dc2-bda8-9f114a36890c,Saucony Men Endorphin Shift 3 Running Shoe - Slate / Palm,4,04-08-2023
https://shopee.sg/ASICS-Men-GEL-KAYANO-28-MK-Running-Shoes-in-Mako-Blue-Ice-Mint-i.455553838.20524084077?sp_atk=dc97e729-e1a6-419f-b165-5445c5b8eb0b&xptdk=dc97e729-e1a6-419f-b165-5445c5b8eb0b,ASICS Men GEL-KAYANO 28 MK Running Shoes in Mako Blue/Ice Mint,5,04-08-2023
https://shopee.sg/adidas-Running-Questar-Shoes-Men-Black-HP2438-i.265436651.21872576564?sp_atk=27cb1974-1c17-45d9-8571-098356b2f834&xptdk=27cb1974-1c17-45d9-8571-098356b2f834,adidas Running Questar Shoes Men Black HP2438,5,04-08-2023
https://shopee.sg/adidas-Running-Lite-Racer-3.0-Shoes-Men-Black-GW7954-i.265436651.12414040218?sp_atk=82c4386a-4c0e-4d0a-87f9-681208afdbc0&xptdk=82c4386a-4c0e-4d0a-87f9-681208afdbc0,adidas Running Lite Racer 3.0 Shoes Men Black GW7954,5,04-08-2023
https://shopee.sg/ASICS-Men-GEL-NIMBUS-24-Running-Shoes-in-Safety-Yellow-Black-i.455553838.23701820952?sp_atk=993d1066-4a1d-4943-912a-800015432e47&xptdk=993d1066-4a1d-4943-912a-800015432e47,ASICS Men GEL-NIMBUS 24 Running Shoes in Safety Yellow/Black,5,04-08-2023
https://shopee.sg/HOKA-Men-Kawana-Running-Shoes-Ice-Flow-Goblin-Blue-i.258374675.22366438288?sp_atk=9ebcb741-33dd-460e-837c-8db6359c39f4&xptdk=9ebcb741-33dd-460e-837c-8db6359c39f4,HOKA Men Kawana Running Shoes - Ice Flow / Goblin Blue,5,04-08-2023
https://shopee.sg/Skechers-Men-GOrun-Balance-2-Running-Shoes-246013-BKLM-Sneakers-Casual-i.84710867.16090691280?sp_atk=27fcbf5b-4326-4630-bf0a-386c2d1c26b6&xptdk=27fcbf5b-4326-4630-bf0a-386c2d1c26b6,"Skechers Men GOrun Balance 2 Running Shoes - 246013-BKLM - Sneakers, Casual",5,04-08-2023
https://shopee.sg/adidas-Running-Galaxar-Run-Shoes-Men-White-FX6895-i.265436651.11990081759?sp_atk=2f6fbadc-6660-4bc0-a919-2ff3e636c265&xptdk=2f6fbadc-6660-4bc0-a919-2ff3e636c265,adidas Running Galaxar Run Shoes Men White FX6895,5,04-08-2023
https://shopee.sg/HOKA-Men-Arahi-6-Road-Running-Shoes-Fiesta-Amber-Yellow-i.258374675.21046271386?sp_atk=125c50ef-6cbb-49ec-bbc6-e24e2d6e3d3c&xptdk=125c50ef-6cbb-49ec-bbc6-e24e2d6e3d3c,HOKA Men Arahi 6 Road Running Shoes - Fiesta / Amber Yellow,5,04-08-2023
https://shopee.sg/Saucony-Men-Endorphin-Speed-3-White-Gold-i.972850661.23246755161?sp_atk=d9e1605e-dd0c-4a6f-9e34-4f313a05db5a&xptdk=d9e1605e-dd0c-4a6f-9e34-4f313a05db5a,Saucony Men Endorphin Speed 3 - White / Gold,5,04-08-2023
https://shopee.sg/ASICS-Men-NOVABLAST-2-LE-Running-Shoes-in-Shocking-Orange-Shocking-Orange-i.455553838.16986386993?sp_atk=b81c36d2-bee5-4d97-821b-fd7813c9aa5b&xptdk=b81c36d2-bee5-4d97-821b-fd7813c9aa5b,ASICS Men NOVABLAST 2 LE Running Shoes in Shocking Orange/Shocking Orange,5,04-08-2023
https://shopee.sg/HOKA-Men-Bondi-X-Running-Shoes-Fiesta-Amber-Yellow-i.258374675.22139695131?sp_atk=06f63be8-e22d-4a4f-9a6c-d16304219528&xptdk=06f63be8-e22d-4a4f-9a6c-d16304219528,HOKA Men Bondi X Running Shoes - Fiesta / Amber Yellow,5,04-08-2023
https://shopee.sg/Inov-8-Men's-Terraultra-G-270-(000947-ORBK-S-01)-i.54763243.12532464183?sp_atk=219c7b27-1360-40a8-8ff0-473797a53872&xptdk=219c7b27-1360-40a8-8ff0-473797a53872,Inov-8 Men's Terraultra G 270 (000947-ORBK-S-01),5,04-08-2023
https://shopee.sg/ASICS-Men-GEL-KAYANO-28-Running-Shoes-in-Black-Clay-Grey-i.455553838.19704599260?sp_atk=17dac44e-5098-462c-b19f-6721450276d6&xptdk=17dac44e-5098-462c-b19f-6721450276d6,ASICS Men GEL-KAYANO 28 Running Shoes in Black/Clay Grey,5,04-08-2023
https://shopee.sg/adidas-Running-Run-60s-2.0-Shoes-Men-Black-FZ0961-i.265436651.23241980174?sp_atk=5a6e03ba-649c-41a9-839d-8eb3ff543b1a&xptdk=5a6e03ba-649c-41a9-839d-8eb3ff543b1a,adidas Running Run 60s 2.0 Shoes Men Black FZ0961,5,04-08-2023
https://shopee.sg/Skechers-Men-Max-Cushioning-Delta-Speed-Up-Running-Shoes-220358-NVY-Air-Cooled-Goga-Mat-Sneakers-Casual-i.84710867.20947948018?sp_atk=603a448f-9238-48c1-a863-d5a7e3bda3d6&xptdk=603a448f-9238-48c1-a863-d5a7e3bda3d6,"Skechers Men Max Cushioning Delta Speed Up Running Shoes - 220358-NVY - Air-Cooled Goga Mat, Sneakers, Casual",5,04-08-2023
https://shopee.sg/PUMA-Softride-Enzo-Evo-Men's-Running-Shoes-(Black)-i.341363989.12198592049?sp_atk=db124594-454b-4ece-b1f7-52193913925e&xptdk=db124594-454b-4ece-b1f7-52193913925e,PUMA Softride Enzo Evo Men's Running Shoes (Black),5,04-08-2023
https://shopee.sg/adidas-Running-Ultrabounce-Shoes-Men-Blue-HP5774-i.265436651.23240691211?sp_atk=fb8e347a-101c-46f2-b1fb-a19b7d325347&xptdk=fb8e347a-101c-46f2-b1fb-a19b7d325347,adidas Running Ultrabounce Shoes Men Blue HP5774,5,04-08-2023
https://shopee.sg/adidas-Running-Supernova-2.0-Shoes-Men-White-HQ9939-i.265436651.23122229422?sp_atk=2fe11cd9-b1e2-4821-a71c-e3c894f477c3&xptdk=2fe11cd9-b1e2-4821-a71c-e3c894f477c3,adidas Running Supernova 2.0 Shoes Men White HQ9939,5,04-08-2023
https://shopee.sg/adidas-Running-Ozelle-Cloudfoam-Shoes-Men-Beige-GX6762-i.265436651.21288198870?sp_atk=10cb9d39-5af0-4bf1-8b25-54fae54440d1&xptdk=10cb9d39-5af0-4bf1-8b25-54fae54440d1,adidas Running Ozelle Cloudfoam Shoes Men Beige GX6762,5,04-08-2023
https://shopee.sg/ASICS-Men-GEL-NIMBUS-24-(2E)-Running-Shoes-in-Velvet-Pine-New-Leaf-i.455553838.20972580320?sp_atk=39b93f8b-0e81-48f6-8baf-30a1f6963271&xptdk=39b93f8b-0e81-48f6-8baf-30a1f6963271,ASICS Men GEL-NIMBUS 24 (2E) Running Shoes in Velvet Pine/New Leaf,5,04-08-2023
https://shopee.sg/adidas-Running-Ultrabounce-Shoes-Men-White-HP5778-i.265436651.23940679372?sp_atk=f04b5f3c-7876-4dbd-8d72-17b587468607&xptdk=f04b5f3c-7876-4dbd-8d72-17b587468607,adidas Running Ultrabounce Shoes Men White HP5778,5,04-08-2023
https://shopee.sg/adidas-Running-Racer-TR21-Shoes-Men-Grey-GX0648-i.265436651.18088387120?sp_atk=6481e3c0-4b73-435c-82be-9b31a58f7cab&xptdk=6481e3c0-4b73-435c-82be-9b31a58f7cab,adidas Running Racer TR21 Shoes Men Grey GX0648,5,04-08-2023
https://shopee.sg/adidas-Running-Adizero-Takumi-Sen-9-Shoes-Men-White-GY2594-i.265436651.17297256506?sp_atk=247c396d-581b-4e74-937a-b40906ac002a&xptdk=247c396d-581b-4e74-937a-b40906ac002a,adidas Running Adizero Takumi Sen 9 Shoes Men White GY2594,5,04-08-2023
https://shopee.sg/adidas-Running-Runfalcon-2.0-Shoes-Men-Blue-FZ2807-i.265436651.16194451790?sp_atk=af5d3a79-d882-44cd-9691-b928cea11100&xptdk=af5d3a79-d882-44cd-9691-b928cea11100,adidas Running Runfalcon 2.0 Shoes Men Blue FZ2807,5,04-08-2023
https://shopee.sg/ASICS-Men-GEL-CUMULUS-24-MK-Running-Shoes-in-Midnight-Amber-i.455553838.18389185963?sp_atk=a14dbd4b-ca71-4a3e-bf53-e79d45080043&xptdk=a14dbd4b-ca71-4a3e-bf53-e79d45080043,ASICS Men GEL-CUMULUS 24 MK Running Shoes in Midnight/Amber,5,04-08-2023
https://shopee.sg/Power-Men-Plazma-Running-Shoes-809X143-i.324728427.22230941255?sp_atk=2bf78669-c012-4a90-be55-4c527dfd8bcd&xptdk=2bf78669-c012-4a90-be55-4c527dfd8bcd,Power Men Plazma Running Shoes 809X143,5,04-08-2023
https://shopee.sg/Saucony-Men-Endorphin-Shift-3-Running-Shoe-Slate-Palm-i.972850661.22535706903?sp_atk=3bb3ba7e-448e-4d8c-80c0-c166eccc7e4b&xptdk=3bb3ba7e-448e-4d8c-80c0-c166eccc7e4b,Saucony Men Endorphin Shift 3 Running Shoe - Slate / Palm,5,04-08-2023
https://shopee.sg/ASICS-Men-GEL-NIMBUS-24-(2E)-Running-Shoes-in-Azure-Amber-i.455553838.22722241605?sp_atk=17bcc38c-9b0e-4c2f-adc1-b52fe4de3664&xptdk=17bcc38c-9b0e-4c2f-adc1-b52fe4de3664,ASICS Men GEL-NIMBUS 24 (2E) Running Shoes in Azure/Amber,5,04-08-2023
https://shopee.sg/ASICS-Men-GEL-KAYANO-29-Running-Shoes-in-Cherry-Tomato-Black-i.455553838.23940566305?sp_atk=06488ac0-fdf2-490c-a12c-3ae3e192c5eb&xptdk=06488ac0-fdf2-490c-a12c-3ae3e192c5eb,ASICS Men GEL-KAYANO 29 Running Shoes in Cherry Tomato/Black,5,04-08-2023
https://shopee.sg/Under-Armour-UA-Men's-Charge-Escape-4-Running-Shoes-i.252648730.22922499364?sp_atk=f3f5cd75-bf4d-49dc-b702-735f42e530e6&xptdk=f3f5cd75-bf4d-49dc-b702-735f42e530e6,Under Armour UA Men's Charge Escape 4 Running Shoes,5,04-08-2023
https://shopee.sg/adidas-Running-Supernova-2.0-Shoes-Men-Grey-HQ9933-i.265436651.18172579907?sp_atk=11ac9ce8-1425-4227-976d-e83eb103dd52&xptdk=11ac9ce8-1425-4227-976d-e83eb103dd52,adidas Running Supernova 2.0 Shoes Men Grey HQ9933,5,04-08-2023
https://shopee.sg/adidas-Running-Ultraboost-1.0-Shoes-Men-White-HQ6172-i.265436651.15097404499?sp_atk=5e8b5b89-95f4-416a-b5df-f0aa62b18666&xptdk=5e8b5b89-95f4-416a-b5df-f0aa62b18666,adidas Running Ultraboost 1.0 Shoes Men White HQ6172,5,04-08-2023
https://shopee.sg/ASICS-Men-GEL-NIMBUS-23-Running-Shoes-in-Monaco-Blue-Bright-Lime-i.455553838.10790528644?sp_atk=817652b2-ab3b-4829-a176-3dc8d04fe75f&xptdk=817652b2-ab3b-4829-a176-3dc8d04fe75f,ASICS Men GEL-NIMBUS 23 Running Shoes in Monaco Blue/Bright Lime,5,04-08-2023
https://shopee.sg/MBT-Colorado-X-Men-Running-Shoes-in-Navy-i.114877948.16093435062?sp_atk=dba78438-2b5f-424d-bc5f-04e741db38c0&xptdk=dba78438-2b5f-424d-bc5f-04e741db38c0,MBT Colorado X Men Running Shoes in Navy,5,04-08-2023
https://shopee.sg/ASICS-Men-GEL-PULSE-14-Running-Shoes-in-Illusion-Blue-White-i.455553838.20690419898?sp_atk=7ba82217-9573-4bc0-9e9e-614124666342&xptdk=7ba82217-9573-4bc0-9e9e-614124666342,ASICS Men GEL-PULSE 14 Running Shoes in Illusion Blue/White,5,04-08-2023
https://shopee.sg/adidas-Running-Duramo-10-Shoes-Men-Blue-HP2383-i.265436651.22540690945?sp_atk=f6e00fe4-aa57-471a-bdbb-43e486f42a00&xptdk=f6e00fe4-aa57-471a-bdbb-43e486f42a00,adidas Running Duramo 10 Shoes Men Blue HP2383,5,04-08-2023
https://shopee.sg/Skechers-Men-Max-Cushioning-Essential-Running-Shoes-220723-GYMT-Air-Cooled-Goga-Mat-Sneakers-Casual-i.84710867.21551979543?sp_atk=c6a9b692-da30-4b49-b38d-4e2961e26a52&xptdk=c6a9b692-da30-4b49-b38d-4e2961e26a52,"Skechers Men Max Cushioning Essential Running Shoes - 220723-GYMT - Air-Cooled Goga Mat, Sneakers, Casual",5,04-08-2023
https://shopee.sg/adidas-Running-Ultrabounce-Wide-Shoes-Men-White-ID2239-i.265436651.23574855456?sp_atk=e1f7690c-e243-47d2-b176-1fb3573044e3&xptdk=e1f7690c-e243-47d2-b176-1fb3573044e3,adidas Running Ultrabounce Wide Shoes Men White ID2239,5,04-08-2023
https://shopee.sg/adidas-Running-Racer-TR21-Shoes-Men-White-GZ8182-i.265436651.15100043729?sp_atk=a573d956-be30-4f1f-bda5-2d9dae2b7430&xptdk=a573d956-be30-4f1f-bda5-2d9dae2b7430,adidas Running Racer TR21 Shoes Men White GZ8182,5,04-08-2023
https://shopee.sg/Salomon-Men-Ultra-Glide-2-Running-Shoes-Atlantic-Deep-Blue-Radiance-Fiery-Red-i.382766669.20070943547?sp_atk=a914a767-764d-4a78-9855-f1ee960f7793&xptdk=a914a767-764d-4a78-9855-f1ee960f7793,Salomon Men Ultra Glide 2 Running Shoes - Atlantic Deep/Blue Radiance/Fiery Red,5,04-08-2023
https://shopee.sg/ASICS-Men-GEL-CONTEND-8-Running-Shoes-in-Steel-Blue-Lime-Zest-i.455553838.23232395913?sp_atk=5cf61185-47c3-48b8-bc5c-e826550a11ae&xptdk=5cf61185-47c3-48b8-bc5c-e826550a11ae,ASICS Men GEL-CONTEND 8 Running Shoes in Steel Blue/Lime Zest,5,04-08-2023
https://shopee.sg/adidas-Running-SOLARGLIDE-6-Shoes-Men-Black-HP7611-i.265436651.18472580143?sp_atk=fbb11c87-b26f-4e98-9bcc-1f18be827db5&xptdk=fbb11c87-b26f-4e98-9bcc-1f18be827db5,adidas Running SOLARGLIDE 6 Shoes Men Black HP7611,5,04-08-2023
https://shopee.sg/Inov-8-Men's-F-Lite-G-300-Black-Green-i.54763243.20051058691?sp_atk=45f44cc4-1b88-4cae-b2c8-78ac74fbbc5e&xptdk=45f44cc4-1b88-4cae-b2c8-78ac74fbbc5e,Inov-8 Men's F-Lite G 300 - Black/Green,5,04-08-2023
https://shopee.sg/ASICS-Men-DYNABLAST-3-Running-Shoes-in-Black-White-i.455553838.19679141596?sp_atk=352196f5-08e3-4de2-a942-02ff43c4c212&xptdk=352196f5-08e3-4de2-a942-02ff43c4c212,ASICS Men DYNABLAST 3 Running Shoes in Black/White,5,04-08-2023
https://shopee.sg/adidas-Running-EQ21-Run-Shoes-Men-Blue-H00513-i.265436651.18248032956?sp_atk=f055eee1-e4d2-4715-a41f-f608cc4e4201&xptdk=f055eee1-e4d2-4715-a41f-f608cc4e4201,adidas Running EQ21 Run Shoes Men Blue H00513,5,04-08-2023
https://shopee.sg/New-Balance-827-Men's-Lifestyle-Shoes-i.331320512.7973998668?sp_atk=b376fe79-170b-4a62-9da7-da0bc368cc9a&xptdk=b376fe79-170b-4a62-9da7-da0bc368cc9a,New Balance 827 Men's Lifestyle Shoes,5,04-08-2023
https://shopee.sg/ASICS-Men-GEL-CUMULUS-24-LITE-SHOW-Running-Shoes-in-Black-New-Leaf-i.455553838.21579130117?sp_atk=e014ac99-3d0e-452f-ab07-e1934ae93ec0&xptdk=e014ac99-3d0e-452f-ab07-e1934ae93ec0,ASICS Men GEL-CUMULUS 24 LITE-SHOW Running Shoes in Black/New Leaf,5,04-08-2023
https://shopee.sg/The-North-Face-Men's-Flight-Series-Vectiv-Trail-Running-Shoes-TNF-Cone-Orange-i.257542938.23331736179?sp_atk=27f395dc-14a6-4d49-a409-5847c31c41cc&xptdk=27f395dc-14a6-4d49-a409-5847c31c41cc,The North Face Men's Flight Series Vectiv Trail Running Shoes - TNF Cone Orange,5,04-08-2023
https://shopee.sg/adidas-Running-Galaxar-Run-Shoes-Men-Blue-FX6887-i.265436651.12482497134?sp_atk=c5d9cb1f-8376-4f51-8992-1c2be9e15ba4&xptdk=c5d9cb1f-8376-4f51-8992-1c2be9e15ba4,adidas Running Galaxar Run Shoes Men Blue FX6887,5,04-08-2023
https://shopee.sg/HOKA-Men-Kaha-2-Gore-Tex-Running-Shoes-Black-Black-i.258374675.20978907204?sp_atk=c8f7521e-c6e3-4ccc-9710-4e1f93e8db97&xptdk=c8f7521e-c6e3-4ccc-9710-4e1f93e8db97,HOKA Men Kaha 2 Gore-Tex Running Shoes  - Black / Black,5,04-08-2023
https://shopee.sg/ASICS-Men-NOVABLAST-3-Running-Shoes-in-Electric-Blue-Black-i.455553838.20879135807?sp_atk=e940f282-055e-40d5-b9d0-d18e2e4f1270&xptdk=e940f282-055e-40d5-b9d0-d18e2e4f1270,ASICS Men NOVABLAST 3 Running Shoes in Electric Blue/Black,5,04-08-2023
https://shopee.sg/adidas-Running-Duramo-10-Shoes-Men-Blue-GW8349-i.265436651.22522232931?sp_atk=53d579fe-c5f9-4ed2-8118-53c2bf35ff25&xptdk=53d579fe-c5f9-4ed2-8118-53c2bf35ff25,adidas Running Duramo 10 Shoes Men Blue GW8349,5,04-08-2023
https://shopee.sg/adidas-Running-Response-Super-3.0-Shoes-Men-Red-HP5934-i.265436651.22122233708?sp_atk=bfe23f12-938f-41aa-8b77-149695ec779a&xptdk=bfe23f12-938f-41aa-8b77-149695ec779a,adidas Running Response Super 3.0 Shoes Men Red HP5934,5,04-08-2023
https://shopee.sg/ASICS-Men-GEL-KAYANO-28-Running-Shoes-in-Olive-Canvas-Black-i.455553838.19319352653?sp_atk=908596b5-a26d-4ffe-a9b1-4ac6a7075367&xptdk=908596b5-a26d-4ffe-a9b1-4ac6a7075367,ASICS Men GEL-KAYANO 28 Running Shoes in Olive Canvas/Black,5,04-08-2023
https://shopee.sg/ASICS-Men-GEL-NIMBUS-24-(4E)-Running-Shoes-in-Black-Black-i.455553838.19919349995?sp_atk=fb569edc-d48a-42d3-bdb8-af582e2c35f9&xptdk=fb569edc-d48a-42d3-bdb8-af582e2c35f9,ASICS Men GEL-NIMBUS 24 (4E) Running Shoes in Black/Black,5,04-08-2023
https://shopee.sg/Nike-Kaishi-2.0-Men-Shoes-(833411-001)-i.228636149.5634436451?sp_atk=e6dbd3b8-faf8-431e-aa26-9cad87111c48&xptdk=e6dbd3b8-faf8-431e-aa26-9cad87111c48,Nike Kaishi 2.0 Men Shoes (833411-001),5,04-08-2023
https://shopee.sg/Skechers-Men-GOrun-Lite-Running-Shoes-220894-GYNV-Air-Cooled-Goga-Mat-Ortholite-i.84710867.23746524645?sp_atk=8e461803-906b-4ac7-b30c-3ee1322e188c&xptdk=8e461803-906b-4ac7-b30c-3ee1322e188c,Skechers Men GOrun Lite Running Shoes - 220894-GYNV Air-Cooled Goga Mat Ortholite,5,04-08-2023
https://shopee.sg/adidas-Running-EQ19-Run-Shoes-Men-Grey-H02037-i.265436651.19648034647?sp_atk=4b7943fc-e86a-42fa-bf34-853947f72a70&xptdk=4b7943fc-e86a-42fa-bf34-853947f72a70,adidas Running EQ19 Run Shoes Men Grey H02037,5,04-08-2023
https://shopee.sg/adidas-Running-Ultrabounce-Shoes-Men-Red-HP5775-i.265436651.23540690869?sp_atk=869ed137-ada5-40cf-8cb1-6a759ae49f31&xptdk=869ed137-ada5-40cf-8cb1-6a759ae49f31,adidas Running Ultrabounce Shoes Men Red HP5775,5,04-08-2023
https://shopee.sg/Saucony-Men-Kinvara-12-Running-Shoes-Cobalt-Citrus-Wide-i.258374675.18351575734?sp_atk=3275edf6-8522-4bbb-9210-a33cfb09da21&xptdk=3275edf6-8522-4bbb-9210-a33cfb09da21,Saucony Men Kinvara 12 Running Shoes - Cobalt/Citrus Wide,5,04-08-2023
https://shopee.sg/The-North-Face-Men's-Vectiv-Eminus-Trail-Running-Shoes-TNF-Cone-Orange-TNF-Black-i.257542938.23631741581?sp_atk=b5734709-d037-4eea-baf6-8a9ccb70c52a&xptdk=b5734709-d037-4eea-baf6-8a9ccb70c52a,The North Face Men's Vectiv Eminus Trail Running Shoes - TNF Cone Orange / TNF Black,6,04-08-2023
https://shopee.sg/PUMA-Velocity-NITRO-2-Fade-Running-Shoes-Men-(Black)-i.341363989.23334747348?sp_atk=5486c4b2-65eb-41ba-a144-e7dc979085d0&xptdk=5486c4b2-65eb-41ba-a144-e7dc979085d0,PUMA Velocity NITRO 2 Fade Running Shoes Men (Black),6,04-08-2023
https://shopee.sg/Skechers-Men-GOrun-Lite-Running-Shoes-220894-NVLM-Air-Cooled-Goga-Mat-Ortholite-i.84710867.23646528987?sp_atk=6bbeb88c-5211-47f8-a9b2-2de1ce0d5ba4&xptdk=6bbeb88c-5211-47f8-a9b2-2de1ce0d5ba4,Skechers Men GOrun Lite Running Shoes - 220894-NVLM Air-Cooled Goga Mat Ortholite,6,04-08-2023
https://shopee.sg/ASICS-Men-GEL-KAYANO-29-(4E)-Running-Shoes-in-Deep-Ocean-Cherry-Tomato-i.455553838.19262494015?sp_atk=5260557c-1c88-4078-9bb3-c5c382e07bfa&xptdk=5260557c-1c88-4078-9bb3-c5c382e07bfa,ASICS Men GEL-KAYANO 29 (4E) Running Shoes in Deep Ocean/Cherry Tomato,6,04-08-2023
https://shopee.sg/adidas-Running-Pureboost-22-Shoes-Men-White-GY4705-i.265436651.22022232911?sp_atk=f8a359ce-eccd-4e0c-bfef-6e6675c6ef87&xptdk=f8a359ce-eccd-4e0c-bfef-6e6675c6ef87,adidas Running Pureboost 22 Shoes Men White GY4705,6,04-08-2023
https://shopee.sg/adidas-Running-Pureboost-22-Shoes-Men-White-GZ5175-i.265436651.22122234406?sp_atk=35bc3507-eafc-4a7b-b7fe-46116d2053a1&xptdk=35bc3507-eafc-4a7b-b7fe-46116d2053a1,adidas Running Pureboost 22 Shoes Men White GZ5175,6,04-08-2023
https://shopee.sg/Puma-UltraRide-Men's-Running-Shoes-i.331320512.11720960223?sp_atk=cf014a48-c3b0-49ca-ab39-65cb40ce5efb&xptdk=cf014a48-c3b0-49ca-ab39-65cb40ce5efb,Puma UltraRide Men's Running Shoes,6,04-08-2023
https://shopee.sg/adidas-Running-Alphabounce-Sustainable-Bounce-Shoes-Men-Black-HP6144-i.265436651.18688252707?sp_atk=a0bfc24e-721a-44b9-9bb0-d368189397f4&xptdk=a0bfc24e-721a-44b9-9bb0-d368189397f4,adidas Running Alphabounce+ Sustainable Bounce Shoes Men Black HP6144,6,04-08-2023
https://shopee.sg/MBT-Colorado-X-Men-Running-Shoes-in-Luscious-Red-i.114877948.18275729186?sp_atk=4c2a2e50-029b-4019-b5d4-5cae3682271b&xptdk=4c2a2e50-029b-4019-b5d4-5cae3682271b,MBT Colorado X Men Running Shoes in Luscious Red,6,04-08-2023
https://shopee.sg/HOKA-Men-Gaviota-4-Wide-Running-Shoes-Black-White-i.258374675.21078906100?sp_atk=0ed6939e-6cd4-420e-9a27-ae88da8d1b91&xptdk=0ed6939e-6cd4-420e-9a27-ae88da8d1b91,HOKA Men Gaviota 4 Wide Running Shoes - Black / White,6,04-08-2023
https://shopee.sg/ASICS-Men-GEL-NIMBUS-24-PLATINUM-Running-Shoes-in-Black-Black-i.455553838.13897166503?sp_atk=8e063e9f-4827-4879-a994-f6bd019ad17e&xptdk=8e063e9f-4827-4879-a994-f6bd019ad17e,ASICS Men GEL-NIMBUS 24 PLATINUM Running Shoes in Black/Black,6,04-08-2023
https://shopee.sg/adidas-Running-Pureboost-22-HEAT.RDY-Shoes-Men-White-HQ3981-i.265436651.22841216172?sp_atk=96cf7137-8672-482b-9d8a-4c5ed7ed3f30&xptdk=96cf7137-8672-482b-9d8a-4c5ed7ed3f30,adidas Running Pureboost 22 HEAT.RDY Shoes Men White HQ3981,6,04-08-2023
https://shopee.sg/adidas-Running-Duramo-SL-Shoes-Men-White-IE7262-i.265436651.20582246503?sp_atk=eee239cc-7cdf-499a-9e19-830b0745fc3e&xptdk=eee239cc-7cdf-499a-9e19-830b0745fc3e,adidas Running Duramo SL Shoes Men White IE7262,6,04-08-2023
https://shopee.sg/ASICS-Men-GT-2000-10-Running-Shoes-in-Metropolis-Electric-Red-i.455553838.21404601230?sp_atk=75f9bc91-a1cc-4e64-a25d-00e2d486d2b6&xptdk=75f9bc91-a1cc-4e64-a25d-00e2d486d2b6,ASICS Men GT-2000 10 Running Shoes in Metropolis/Electric Red,6,04-08-2023
https://shopee.sg/PUMA-Unisex-Flyer-Running-Shoes-i.341363989.5865232785?sp_atk=7fbed121-ac5f-43d7-8886-f06b8a4bf326&xptdk=7fbed121-ac5f-43d7-8886-f06b8a4bf326,PUMA Unisex Flyer Running Shoes,6,04-08-2023
https://shopee.sg/PUMA-Voyage-NITRO-2-Running-Shoes-Men-(Orange)-i.341363989.22840983303?sp_atk=4244ae3a-c6b2-4f97-b97e-0596e5237945&xptdk=4244ae3a-c6b2-4f97-b97e-0596e5237945,PUMA Voyage NITRO 2 Running Shoes Men (Orange),6,04-08-2023
https://shopee.sg/adidas-Running-ADIZERO-SL-Men-Grey-HQ1347-i.265436651.23466173622?sp_atk=faa3a564-9f09-4aee-a0c9-2ae11dc871d4&xptdk=faa3a564-9f09-4aee-a0c9-2ae11dc871d4,adidas Running ADIZERO SL Men Grey HQ1347,6,04-08-2023
https://shopee.sg/HOKA-Men-Arahi-6-Running-Shoes-Summer-Song-Mountain-Spring-i.258374675.20878892336?sp_atk=94fb9b63-c460-4123-a64e-1836de3d9556&xptdk=94fb9b63-c460-4123-a64e-1836de3d9556,HOKA Men Arahi 6 Running Shoes - Summer Song / Mountain Spring,6,04-08-2023
https://shopee.sg/Saucony-Men-Guide-15-Wide-Running-Shoes-Sapphire-Black-i.972850661.22639961416?sp_atk=164189ce-9479-4431-ad81-1086c7f57ee9&xptdk=164189ce-9479-4431-ad81-1086c7f57ee9,Saucony Men Guide 15 Wide Running Shoes - Sapphire / Black,6,04-08-2023
https://shopee.sg/Skechers-Men-GOrun-Lite-Sublimation-Running-Shoes-220896-BKOR-Air-Cooled-Goga-Mat-Hyper-Burst-i.84710867.23970909552?sp_atk=fb3bd007-e010-47da-b3ec-ea582f9e0d81&xptdk=fb3bd007-e010-47da-b3ec-ea582f9e0d81,Skechers Men GOrun Lite Sublimation Running Shoes - 220896-BKOR Air-Cooled Goga Mat Hyper Burst,6,04-08-2023
https://shopee.sg/Salomon-Men-Hypulse-Trail-Running-Shoes-Dazzling-Blue-Black-Vibrant-Orange-i.382766669.16130995443?sp_atk=7c74d094-0389-41da-ab71-d91bb518ba81&xptdk=7c74d094-0389-41da-ab71-d91bb518ba81,Salomon Men Hypulse Trail Running Shoes - Dazzling Blue/Black/Vibrant Orange,6,04-08-2023
https://shopee.sg/adidas-Running-Response-Super-3.0-Shoes-Men-White-GW1379-i.265436651.19572579306?sp_atk=99c6f9f8-6d41-47c8-b0d9-7bbed9ffc23e&xptdk=99c6f9f8-6d41-47c8-b0d9-7bbed9ffc23e,adidas Running Response Super 3.0 Shoes Men White GW1379,6,04-08-2023
https://shopee.sg/adidas-Running-Duramo-SL-Shoes-Men-White-GV7125-i.265436651.23940683674?sp_atk=7358ef08-f61b-4f01-9fe3-0a44610332b2&xptdk=7358ef08-f61b-4f01-9fe3-0a44610332b2,adidas Running Duramo SL Shoes Men White GV7125,6,04-08-2023
https://shopee.sg/New-Balance-850-Men's-Lifestyle-Shoes-i.331320512.4473702585?sp_atk=29d3e13e-8ca3-4826-ab71-5a269bbc6b93&xptdk=29d3e13e-8ca3-4826-ab71-5a269bbc6b93,New Balance 850 Men's Lifestyle Shoes,6,04-08-2023
https://shopee.sg/New-Balance-997-Men's-Lifestyle-Shoes-i.331320512.8807899860?sp_atk=01dcbd61-f349-46d7-a78c-d94e6b1ad4d6&xptdk=01dcbd61-f349-46d7-a78c-d94e6b1ad4d6,New Balance 997 Men's Lifestyle Shoes,6,04-08-2023
https://shopee.sg/ASICS-Men-VERSABLAST-2-Running-Shoes-in-Midnight-Cilantro-i.455553838.20579140946?sp_atk=1ec7d25e-e117-4eed-91ec-b9477fa14a38&xptdk=1ec7d25e-e117-4eed-91ec-b9477fa14a38,ASICS Men VERSABLAST 2 Running Shoes in Midnight/Cilantro,6,04-08-2023
https://shopee.sg/adidas-Running-Galaxar-Run-Shoes-Men-Black-FW1187-i.265436651.8993518207?sp_atk=0d736d19-dfd2-4b1b-8a33-bb1fdb72de98&xptdk=0d736d19-dfd2-4b1b-8a33-bb1fdb72de98,adidas Running Galaxar Run Shoes Men Black FW1187,6,04-08-2023
https://shopee.sg/Under-Armour-UA-Men's-Flow-Velociti-Wind-2-Run-Squad-Running-Shoes-i.252648730.22027530010?sp_atk=425bec44-6088-46c0-978a-4478d52bfc32&xptdk=425bec44-6088-46c0-978a-4478d52bfc32,Under Armour UA Men's Flow Velociti Wind 2 Run Squad Running Shoes,6,04-08-2023
https://shopee.sg/ASICS-Men-MAGIC-SPEED-2-(2E)-Running-Shoes-in-Island-Blue-Orange-Pop-i.455553838.23472630667?sp_atk=6886b43a-a2e1-4051-87be-4e9272d73341&xptdk=6886b43a-a2e1-4051-87be-4e9272d73341,ASICS Men MAGIC SPEED 2 (2E) Running Shoes in Island Blue/Orange Pop,6,04-08-2023
https://shopee.sg/Hoka-Men-Mafate-Speed-3-Running-Shoes-Coastal-Shade-Radiant-Yellow-i.258374675.14797281837?sp_atk=f3782672-1702-4178-ad62-5452e10921ec&xptdk=f3782672-1702-4178-ad62-5452e10921ec,Hoka Men Mafate Speed 3 Running Shoes - Coastal Shade / Radiant Yellow,6,04-08-2023
https://shopee.sg/Brooks-Ghost-14-Men's-Running-Shoes-Wide-2E-(Black-Blackened-Pearl-Blue)-i.54763243.15650201190?sp_atk=a3e0728c-2eb0-492d-8cde-4cc33b3970b2&xptdk=a3e0728c-2eb0-492d-8cde-4cc33b3970b2,Brooks Ghost 14 Men's Running Shoes Wide 2E (Black/Blackened Pearl/Blue),6,04-08-2023
https://shopee.sg/adidas-Running-Response-Super-3.0-Shoes-Men-Black-GW1371-i.265436651.22822231956?sp_atk=685ed80a-eac3-43f4-859d-1cabeeca0c3d&xptdk=685ed80a-eac3-43f4-859d-1cabeeca0c3d,adidas Running Response Super 3.0 Shoes Men Black GW1371,6,04-08-2023
https://shopee.sg/ASICS-Men-GEL-NIMBUS-25-Running-Shoes-in-Spice-Latte-Black-i.455553838.22840574170?sp_atk=ebf99efb-e94c-4698-b3f1-9db1ad394ffb&xptdk=ebf99efb-e94c-4698-b3f1-9db1ad394ffb,ASICS Men GEL-NIMBUS 25 Running Shoes in Spice Latte/Black,6,04-08-2023
https://shopee.sg/ASICS-Men-GEL-NIMBUS-24-Running-Shoes-in-Electric-Blue-Piedmont-Grey-i.455553838.20772581659?sp_atk=b1686fa4-d310-4bfc-8b1c-110e7a1c8c39&xptdk=b1686fa4-d310-4bfc-8b1c-110e7a1c8c39,ASICS Men GEL-NIMBUS 24 Running Shoes in Electric Blue/Piedmont Grey,6,04-08-2023
https://shopee.sg/Skechers-Men-GOrun-Consistent-Capability-Running-Shoes-220369-NVRD-Air-Cooled-Goga-Mat-Ortholite-i.84710867.17295000982?sp_atk=81ab7875-6147-4593-8582-1bd2cc0e0884&xptdk=81ab7875-6147-4593-8582-1bd2cc0e0884,Skechers Men GOrun Consistent Capability Running Shoes - 220369-NVRD Air-Cooled Goga Mat Ortholite,6,04-08-2023
https://shopee.sg/ASICS-Men-GEL-KAYANO-28-(2E)-Running-Shoes-in-Black-Hazard-Green-i.455553838.16270154616?sp_atk=84a3c82b-be8d-4d28-b449-8afb61753611&xptdk=84a3c82b-be8d-4d28-b449-8afb61753611,ASICS Men GEL-KAYANO 28 (2E) Running Shoes in Black/Hazard Green,6,04-08-2023
https://shopee.sg/HOKA-Men-Zinal-Running-Shoes-Scuba-Blue-Black-i.258374675.22266442162?sp_atk=220ad333-155f-4ab2-88e1-29209d166fdc&xptdk=220ad333-155f-4ab2-88e1-29209d166fdc,HOKA Men Zinal Running Shoes - Scuba Blue / Black,6,04-08-2023
https://shopee.sg/ASICS-Men-GEL-KAYANO-29-Running-Shoes-in-White-Velvet-Pine-i.455553838.19488096526?sp_atk=c1253805-3666-47c4-88bc-c89b3f879784&xptdk=c1253805-3666-47c4-88bc-c89b3f879784,ASICS Men GEL-KAYANO 29 Running Shoes in White/Velvet Pine,6,04-08-2023
https://shopee.sg/Nike-Roshe-One-Men-Shoes-(511881-405)-i.228636149.5634436450?sp_atk=ec86eb1b-a5f3-417b-ae54-07230085ae97&xptdk=ec86eb1b-a5f3-417b-ae54-07230085ae97,Nike Roshe One Men Shoes (511881-405),6,04-08-2023
https://shopee.sg/ASICS-Men-MAGIC-SPEED-2-Running-Shoes-in-Carrier-Grey-White-i.455553838.16394447566?sp_atk=e5bdebd0-437f-4039-9cc1-e8caebf5ca31&xptdk=e5bdebd0-437f-4039-9cc1-e8caebf5ca31,ASICS Men MAGIC SPEED 2 Running Shoes in Carrier Grey/White,6,04-08-2023
https://shopee.sg/Saucony-Men-Tokyo-Marathon-Endorphin-Speed-3-Running-Shoes-Red-Gray-i.972850661.22537879782?sp_atk=8200c898-6e4a-4bf6-a4d5-e77afd32fcd8&xptdk=8200c898-6e4a-4bf6-a4d5-e77afd32fcd8,Saucony Men Tokyo Marathon Endorphin Speed 3 Running Shoes - Red / Gray,6,04-08-2023
https://shopee.sg/adidas-Running-Ultrabounce-Shoes-Men-Black-HQ1476-i.265436651.22440678235?sp_atk=33df0d28-8257-477c-a9a3-3202a4b06e51&xptdk=33df0d28-8257-477c-a9a3-3202a4b06e51,adidas Running Ultrabounce Shoes Men Black HQ1476,6,04-08-2023
https://shopee.sg/adidas-Running-Duramo-SL-Shoes-Men-Black-GV7124-i.265436651.8884305661?sp_atk=48f917c6-7da7-4a11-9338-6101a287e14c&xptdk=48f917c6-7da7-4a11-9338-6101a287e14c,adidas Running Duramo SL Shoes Men Black GV7124,6,04-08-2023
https://shopee.sg/adidas-Running-Supernova-3-Running-Shoes-Men-Blue-IE4359-i.265436651.22349367490?sp_atk=2407826d-bdd4-4878-af7d-98ad0c943299&xptdk=2407826d-bdd4-4878-af7d-98ad0c943299,adidas Running Supernova 3 Running Shoes Men Blue IE4359,6,04-08-2023
https://shopee.sg/adidas-Running-Supernova-3-Running-Shoes-Men-White-HQ1806-i.265436651.21882235282?sp_atk=196e1284-084f-4e7b-bc46-d42167f2adb0&xptdk=196e1284-084f-4e7b-bc46-d42167f2adb0,adidas Running Supernova 3 Running Shoes Men White HQ1806,6,04-08-2023
https://shopee.sg/ASICS-Men-GEL-CUMULUS-24-TR-Running-Shoes-in-Nature-Bathing-Golden-Yellow-i.455553838.21190412995?sp_atk=38dbee40-62d0-4a4a-9196-f989e50f0b26&xptdk=38dbee40-62d0-4a4a-9196-f989e50f0b26,ASICS Men GEL-CUMULUS 24 TR Running Shoes in Nature Bathing/Golden Yellow,6,04-08-2023
https://shopee.sg/adidas-Running-SOLARGLIDE-6-Shoes-Men-Grey-HP7609-i.265436651.21572577684?sp_atk=e8531f69-80a2-4ece-ae5a-9bc7b8c6a549&xptdk=e8531f69-80a2-4ece-ae5a-9bc7b8c6a549,adidas Running SOLARGLIDE 6 Shoes Men Grey HP7609,6,04-08-2023
https://shopee.sg/ASICS-Men-GEL-CONTEND-8-Running-Shoes-in-Black-Olive-Oil-i.455553838.21181468034?sp_atk=af025e23-19ed-4939-992a-ba410074a403&xptdk=af025e23-19ed-4939-992a-ba410074a403,ASICS Men GEL-CONTEND 8 Running Shoes in Black/Olive Oil,6,04-08-2023
https://shopee.sg/MBT-Huracan-3000-II-Camouflage-Men-Running-Shoes-in-Army-Green-i.114877948.17493436144?sp_atk=76ca4023-12a7-4279-b121-7875add30b98&xptdk=76ca4023-12a7-4279-b121-7875add30b98,MBT Huracan-3000 II-Camouflage Men Running Shoes in Army Green,6,04-08-2023
https://shopee.sg/Saucony-Men-Endorphin-Pro-3-Running-Shoes-Fog-Vizi-Orange-i.972850661.21978136227?sp_atk=a1eb7f91-403b-4e06-946e-27c886cbf65b&xptdk=a1eb7f91-403b-4e06-946e-27c886cbf65b,Saucony Men Endorphin Pro 3 Running Shoes - Fog / Vizi Orange,6,04-08-2023
https://shopee.sg/Puma-Scorch-Runner-Men's-Shoes-i.331320512.11062381496?sp_atk=36430517-2fbb-4ae4-8e06-360fabb4fa46&xptdk=36430517-2fbb-4ae4-8e06-360fabb4fa46,Puma Scorch Runner Men's Shoes,6,04-08-2023
https://shopee.sg/ASICS-Men-GEL-NIMBUS-24-Running-Shoes-in-Blue-Harmony-Blue-Bliss-i.455553838.21504643072?sp_atk=074e3b49-fa3c-4705-bc4e-05d542c19d1a&xptdk=074e3b49-fa3c-4705-bc4e-05d542c19d1a,ASICS Men GEL-NIMBUS 24 Running Shoes in Blue Harmony/Blue Bliss,6,04-08-2023
https://shopee.sg/adidas-Running-Adizero-Adios-7-Shoes-Men-White-GY2588-i.265436651.20179169467?sp_atk=84766001-2a1c-4a0a-9d64-a6bdf4c1ac32&xptdk=84766001-2a1c-4a0a-9d64-a6bdf4c1ac32,adidas Running Adizero Adios 7 Shoes Men White GY2588,6,04-08-2023
https://shopee.sg/Salomon-Men-Outrise-Mid-Gtx-Running-Shoes-Black-Black-Phantom-i.382766669.22317576325?sp_atk=51f69d44-5522-4802-8429-aa2ed17af199&xptdk=51f69d44-5522-4802-8429-aa2ed17af199,Salomon Men Outrise Mid Gtx Running Shoes - Black/Black/Phantom,6,04-08-2023
https://shopee.sg/ASICS-Men-GEL-KAYANO-29-(2E)-Running-Shoes-in-Deep-Ocean-Cherry-Tomato-i.455553838.21671128449?sp_atk=152b685e-a96e-4f16-b56f-6c36f960e6c0&xptdk=152b685e-a96e-4f16-b56f-6c36f960e6c0,ASICS Men GEL-KAYANO 29 (2E) Running Shoes in Deep Ocean/Cherry Tomato,6,04-08-2023
https://shopee.sg/Saucony-Men-Endorphin-Pro-3-White-Gold-i.972850661.22546748797?sp_atk=97c641e2-2be8-45aa-ad08-67c3883ff6d8&xptdk=97c641e2-2be8-45aa-ad08-67c3883ff6d8,Saucony Men Endorphin Pro 3 - White / Gold,6,04-08-2023
https://shopee.sg/ASICS-Men-NOVABLAST-2-Running-Shoes-in-Hazard-Green-Carrier-Grey-i.455553838.19819361089?sp_atk=395a7584-29e6-46ca-a2da-684009b1379f&xptdk=395a7584-29e6-46ca-a2da-684009b1379f,ASICS Men NOVABLAST 2 Running Shoes in Hazard Green/Carrier Grey,6,04-08-2023
https://shopee.sg/HOKA-Men-Clifton-8-Wide-Running-Shoes-Nimbus-Cloud-Blanc-De-Blanc-i.258374675.19159539296?sp_atk=5896e1d9-5598-440b-83ae-b4f3299fbcfc&xptdk=5896e1d9-5598-440b-83ae-b4f3299fbcfc,HOKA Men Clifton 8 Wide Running Shoes - Nimbus Cloud / Blanc De Blanc,6,04-08-2023
https://shopee.sg/adidas-Running-Adizero-Boston-11-Refuel-Shoes-Men-Pink-HQ3702-i.265436651.18388141873?sp_atk=f98c03a7-55fe-4a97-bc1b-edbbdefe1e4a&xptdk=f98c03a7-55fe-4a97-bc1b-edbbdefe1e4a,adidas Running Adizero Boston 11 Refuel Shoes Men Pink HQ3702,6,04-08-2023
https://shopee.sg/ASICS-Men-GEL-KAYANO-28-Running-Shoes-in-Blue-Harmony-Black-i.455553838.15889209541?sp_atk=4dcc29c8-78b3-4ff3-a889-c0c4f65305dd&xptdk=4dcc29c8-78b3-4ff3-a889-c0c4f65305dd,ASICS Men GEL-KAYANO 28 Running Shoes in Blue Harmony/Black,6,04-08-2023
