https://shopee.sg/BATA-Women-Northstar-Sneakers-589X835-i.324728427.20735220856?sp_atk=28851a8d-b17a-4bf1-8ada-fb32460daa0d&xptdk=28851a8d-b17a-4bf1-8ada-fb32460daa0d,BATA Women Northstar Sneakers 589X835,1,04-08-2023
https://shopee.sg/Moda-Paolo-Unisex-School-Shoes-in-White-(1459T)-i.82022023.13055870519?sp_atk=5a8aa880-2fe2-401a-8a21-90b8c865e764&xptdk=5a8aa880-2fe2-401a-8a21-90b8c865e764,Moda Paolo Unisex School Shoes in White (1459T),1,04-08-2023
https://shopee.sg/MUJI-Men-Walk-Support-Water-Repellent-Sneakers-i.257608708.6544716440?sp_atk=99152fcd-bb3b-4e66-8cf1-a75acfbf0fb2&xptdk=99152fcd-bb3b-4e66-8cf1-a75acfbf0fb2,MUJI Men Walk Support Water Repellent Sneakers,1,04-08-2023
https://shopee.sg/Rigorer-Casual-Sneakers-CA424--i.106407924.22801200477?sp_atk=4087512f-87d8-4d63-a71d-147de959d356&xptdk=4087512f-87d8-4d63-a71d-147de959d356,Rigorer Casual Sneakers [CA424],1,04-08-2023
https://shopee.sg/BATA-Junior-Northstar-Lace-Up-Sneakers-551X961-i.324728427.16988841886?sp_atk=6ff994eb-32c7-40d2-8272-23effb5a46b3&xptdk=6ff994eb-32c7-40d2-8272-23effb5a46b3,BATA Junior Northstar Lace Up Sneakers 551X961,1,04-08-2023
https://shopee.sg/MUJI-Ladies-Walk-Support-Water-Repellent-Sneakers-i.257608708.4244723004?sp_atk=71e1666e-1e58-44b8-8ebd-47557c0128ac&xptdk=71e1666e-1e58-44b8-8ebd-47557c0128ac,MUJI Ladies Walk Support Water Repellent Sneakers,1,04-08-2023
https://shopee.sg/BATA-Youth-North-Star-School-Shoes-881X046-i.324728427.9499044729?sp_atk=2d7362ca-a3fe-468e-b851-8d8b204e4258&xptdk=2d7362ca-a3fe-468e-b851-8d8b204e4258,BATA Youth North Star School Shoes 881X046,1,04-08-2023
https://shopee.sg/Superga-2750-White-i.172406425.5730384515?sp_atk=f3c56e8a-fc9b-4417-b635-fb9e8dbefb26&xptdk=f3c56e8a-fc9b-4417-b635-fb9e8dbefb26,Superga 2750 White,1,04-08-2023
https://shopee.sg/BATA-Women-Comfit-Sneakers-551X805-i.324728427.20535240723?sp_atk=7270856b-17df-4e88-910e-8e4ef94a0c9b&xptdk=7270856b-17df-4e88-910e-8e4ef94a0c9b,BATA Women Comfit Sneakers 551X805,1,04-08-2023
https://shopee.sg/BATA-Women-Northstar-Sneakers-589X698-i.324728427.18211596487?sp_atk=b1f954f8-7de6-439a-8a46-f2321dac73c2&xptdk=b1f954f8-7de6-439a-8a46-f2321dac73c2,BATA Women Northstar Sneakers 589X698,1,04-08-2023
https://shopee.sg/-NEW-PUMA-Skye-Distressed-Women's-Sneakers-(White)-i.341363989.19190668431?sp_atk=a9787ba1-3f3d-41c4-b588-ec8ee4b9aa02&xptdk=a9787ba1-3f3d-41c4-b588-ec8ee4b9aa02,[NEW] PUMA Skye Distressed Women's Sneakers (White),1,04-08-2023
https://shopee.sg/ASICS-Men-JAPAN-S-Sportstyle-Shoes-in-White-White-i.455553838.19250012460?sp_atk=04ec00a2-43be-40d4-a6cd-21362b2a3731&xptdk=04ec00a2-43be-40d4-a6cd-21362b2a3731,ASICS Men JAPAN S Sportstyle Shoes in White/White,1,04-08-2023
https://shopee.sg/ASICS-Women-JAPAN-S-Sportstyle-Shoes-in-White-Menthol-i.455553838.10399204845?sp_atk=b02f0e9d-1032-4cf6-89d4-da0604ba705d&xptdk=b02f0e9d-1032-4cf6-89d4-da0604ba705d,ASICS Women JAPAN S Sportstyle Shoes in White/Menthol,1,04-08-2023
https://shopee.sg/PUMA-Skye-Women's-Shoes-Basics-i.341363989.14536948789?sp_atk=599a6227-3194-4a4f-bbae-dd578bcccf41&xptdk=599a6227-3194-4a4f-bbae-dd578bcccf41,PUMA Skye Women's Shoes Basics,1,04-08-2023
https://shopee.sg/Sperry-Women's-Crest-Vibe-Linen-Sneakers-Linen-White-(STS99250)-i.911396071.23608975621?sp_atk=9eb2f3d3-af6c-4cb1-8c05-5db9a04b64fa&xptdk=9eb2f3d3-af6c-4cb1-8c05-5db9a04b64fa,Sperry Women's Crest Vibe Linen Sneakers - Linen White (STS99250),1,04-08-2023
https://shopee.sg/Everlast-Unisex-Canvas-Lace-Up-Sneakers-Clay-Brown-Black-White-Gum-Colorway-(EL19-M635)-Casual-Streetwear-Athleisure-i.75762037.20048366604?sp_atk=b82e3769-5389-4ac8-9eea-b73af9fad48f&xptdk=b82e3769-5389-4ac8-9eea-b73af9fad48f,Everlast Unisex Canvas Lace Up Sneakers - Clay Brown/Black/White Gum Colorway (EL19-M635) Casual Streetwear | Athleisure,1,04-08-2023
https://shopee.sg/Superga-2750-Total-White-i.172406425.5810864353?sp_atk=46d41594-9fdc-48db-b59c-347192e74ee3&xptdk=46d41594-9fdc-48db-b59c-347192e74ee3,Superga 2750 Total White,1,04-08-2023
https://shopee.sg/-NEW-PUMA-Tori-Women's-Shoes-(White)-i.341363989.22372951071?sp_atk=470a18cb-c105-4070-8bdd-9f6486b33484&xptdk=470a18cb-c105-4070-8bdd-9f6486b33484,[NEW] PUMA Tori Women's Shoes (White),1,04-08-2023
https://shopee.sg/Vans-Old-Skool-Unisex-Sneakers-Men-(Unisex-US-Size)-White-VN000D3HW001-i.884975004.20065606078?sp_atk=8741328b-e197-4e95-b3ec-4e62bd55a263&xptdk=8741328b-e197-4e95-b3ec-4e62bd55a263,Vans Old Skool Unisex Sneakers Men (Unisex US Size) White VN000D3HW001,1,04-08-2023
https://shopee.sg/Northstar-Women-Sneakers-Spot-550X237-i.324728427.18675780514?sp_atk=3f0d7586-e094-4df3-96e3-97b87acb17b4&xptdk=3f0d7586-e094-4df3-96e3-97b87acb17b4,Northstar Women Sneakers Spot 550X237,1,04-08-2023
https://shopee.sg/ASICS-Men-JOG-100T-(4E)-Sportstyle-Shoes-in-White-White-i.455553838.23466050983?sp_atk=be1f97a0-5467-46f6-ba0b-08566376ced0&xptdk=be1f97a0-5467-46f6-ba0b-08566376ced0,ASICS Men JOG 100T (4E) Sportstyle Shoes in White/White,1,04-08-2023
https://shopee.sg/Everlast-Unisex-Single-Stripe-Canvas-Sneakers-Black-White-Colorway-(EL19-M634)-Casual-Streetwear-Athleisure-Sports-i.75762037.20748368115?sp_atk=38366052-c883-45a0-b5cf-f00801c7f222&xptdk=38366052-c883-45a0-b5cf-f00801c7f222,Everlast Unisex Single Stripe Canvas Sneakers - Black/White Colorway (EL19-M634) Casual Streetwear | Athleisure Sports,1,04-08-2023
https://shopee.sg/Vans-Clouds-Old-Skool-Sneakers-Women-(Unisex-US-Size)-WHITE-VN0A7Q2JRV21-i.884975004.23408008779?sp_atk=bd249da2-5e35-49ad-b71c-318eef36564f&xptdk=bd249da2-5e35-49ad-b71c-318eef36564f,Vans Clouds Old Skool Sneakers Women (Unisex US Size) WHITE VN0A7Q2JRV21,1,04-08-2023
https://shopee.sg/prettyFIT-CLARISSA-Women's-Leather-Sneakers-Ladies-Mesh-Low-top-Basic-Casual-Shoes-i.243520792.22627888147?sp_atk=e1974101-08cb-45d9-88f4-424f8cc1a7a9&xptdk=e1974101-08cb-45d9-88f4-424f8cc1a7a9,prettyFIT CLARISSA Women's Leather Sneakers Ladies Mesh Low-top Basic Casual Shoes,1,04-08-2023
https://shopee.sg/Everlast-Unisex-EVL-LITE-Mesh-Sneakers-Monochrome-White-(1EAH0031-MWE)-Casual-Athleisure-Urban-Streetwear-Trainers-i.75762037.20459988318?sp_atk=8d8f95d1-4143-4fd2-8287-b3090dc4c221&xptdk=8d8f95d1-4143-4fd2-8287-b3090dc4c221,Everlast Unisex EVL-LITE Mesh Sneakers - Monochrome White (1EAH0031 MWE) Casual Athleisure | Urban Streetwear | Trainers,1,04-08-2023
https://shopee.sg/Vans-Unidentified-U-Paint-Authentic-Sneakers-Women-(Unisex-US-Size)-WHITE-VN0A5JMPWWW1-i.884975004.19065491601?sp_atk=c9df6d51-9865-432f-b8ea-08e27a1cac75&xptdk=c9df6d51-9865-432f-b8ea-08e27a1cac75,Vans Unidentified U-Paint Authentic Sneakers Women (Unisex US Size) WHITE VN0A5JMPWWW1,1,04-08-2023
https://shopee.sg/-NEW-PUMA-Skye-Clean-Women's-Sneakers-(White)-i.341363989.18990668391?sp_atk=76821dca-01f3-4c3a-b64d-1b84a2c2ee06&xptdk=76821dca-01f3-4c3a-b64d-1b84a2c2ee06,[NEW] PUMA Skye Clean Women's Sneakers (White),1,04-08-2023
https://shopee.sg/PUMA-Women-Smash-Vulcanised-V3-Low-Shoes-i.341363989.21556453909?sp_atk=3820d42b-94e7-4d2c-89a2-406df116ed73&xptdk=3820d42b-94e7-4d2c-89a2-406df116ed73,PUMA Women Smash Vulcanised V3 Low Shoes,1,04-08-2023
https://shopee.sg/DR.KONG-MEN'S-EZWALK-SNEAKERS-DK-CE000940-WHT-i.276299695.6340039293?sp_atk=bef43c87-af2d-4d96-a766-07246648f71d&xptdk=bef43c87-af2d-4d96-a766-07246648f71d,DR.KONG MEN'S EZWALK SNEAKERS DK-CE000940-WHT,1,04-08-2023
https://shopee.sg/Moda-Paolo-Unisex-School-Shoes-in-White-(1443T)-i.82022023.14405554972?sp_atk=8ca4f400-acf2-4e27-8dce-a7c3744e6457&xptdk=8ca4f400-acf2-4e27-8dce-a7c3744e6457,Moda Paolo Unisex School Shoes in White (1443T),1,04-08-2023
https://shopee.sg/prettyFIT-DREA-Women's-Studded-Leather-Sneakers-Ladies-Casual-Lightweight-Shoes-i.243520792.22342103332?sp_atk=affd536c-ba90-4ad2-b3ce-5a25dda839a2&xptdk=affd536c-ba90-4ad2-b3ce-5a25dda839a2,prettyFIT DREA Women's Studded Leather Sneakers Ladies Casual Lightweight Shoes,1,04-08-2023
https://shopee.sg/ASICS-Unisex-CLASSIC-CT-SLIP-ON-Sportstyle-Shoes-in-White-White-i.455553838.17093948862?sp_atk=cc834b83-4a6b-4233-80ea-d955f36a42b4&xptdk=cc834b83-4a6b-4233-80ea-d955f36a42b4,ASICS Unisex CLASSIC CT SLIP-ON Sportstyle Shoes in White/White,1,04-08-2023
https://shopee.sg/adidas-Lifestyle-Advantage-Shoes-Women-White-GW4847-i.265436651.14200049072?sp_atk=d75a2aea-c682-4123-aee7-9d01b5051a2b&xptdk=d75a2aea-c682-4123-aee7-9d01b5051a2b,adidas Lifestyle Advantage Shoes Women White GW4847,1,04-08-2023
https://shopee.sg/-NEW-PUMA-Unisex-Shuffle-Sneakers-(White)-i.341363989.22547458255?sp_atk=e518c286-b224-4b60-b382-207b24c0e90e&xptdk=e518c286-b224-4b60-b382-207b24c0e90e,[NEW] PUMA Unisex Shuffle Sneakers (White),1,04-08-2023
https://shopee.sg/BATA-Youth-North-Star-School-Shoes-889X192-i.324728427.11192591688?sp_atk=9586fdc0-b9ca-4d92-a46e-68414854c702&xptdk=9586fdc0-b9ca-4d92-a46e-68414854c702,BATA Youth North Star School Shoes 889X192,1,04-08-2023
https://shopee.sg/Moda-Paolo-Unisex-Sneakers-in-2-Colours-(1207)-i.82022023.19562654488?sp_atk=1f0cd2fe-c7be-41a7-8cd7-983abc521faf&xptdk=1f0cd2fe-c7be-41a7-8cd7-983abc521faf,Moda Paolo Unisex Sneakers in 2 Colours (1207),1,04-08-2023
https://shopee.sg/Skechers-Women-Sport-Active-Microburst-2.0-Wish-List-Shoes-104264-WPK-Air-Cooled-Memory-Foam-Sneakers-Casual-i.84710867.22124557592?sp_atk=b3970a48-9268-497a-b2db-c7c2b9102a92&xptdk=b3970a48-9268-497a-b2db-c7c2b9102a92,"Skechers Women Sport Active Microburst 2.0 Wish List Shoes - 104264-WPK - Air-Cooled Memory Foam, Sneakers, Casual",1,04-08-2023
https://shopee.sg/BATA-Youth-Power-School-Shoes-808X199-i.324728427.14473201730?sp_atk=c82ac83b-0a9b-4185-813d-711868514315&xptdk=c82ac83b-0a9b-4185-813d-711868514315,BATA Youth Power School Shoes 808X199,1,04-08-2023
https://shopee.sg/Northstar-Men-Sneakers-820X043-i.324728427.23223431304?sp_atk=51fa00d9-24a8-4885-b292-4fb36b6d141e&xptdk=51fa00d9-24a8-4885-b292-4fb36b6d141e,Northstar Men Sneakers 820X043,1,04-08-2023
https://shopee.sg/Everlast-Unisex-Canvas-Lace-Up-Sneakers-Leather-Brown-Grey-White-Gum-Colorway-(EL20-M645)-Casual-Streetwear-Mid-Top-i.75762037.17285941279?sp_atk=8bd8aeb7-e662-40ea-b6d2-73efcf35568d&xptdk=8bd8aeb7-e662-40ea-b6d2-73efcf35568d,Everlast Unisex Canvas Lace Up Sneakers - Leather Brown/Grey/White Gum Colorway (EL20-M645) Casual Streetwear | Mid Top,1,04-08-2023
https://shopee.sg/Moda-Paolo-Nanyang-Unisex-School-Shoes-in-White-(205)-i.82022023.2236182619?sp_atk=7d2ff914-2ea9-4bf9-89f5-a648fa32fcf2&xptdk=7d2ff914-2ea9-4bf9-89f5-a648fa32fcf2,Moda Paolo Nanyang Unisex School Shoes in White (205),1,04-08-2023
https://shopee.sg/Sperry-Women's-SEACYCLED-Crest-Vibe-Resort-Striped-Sneakers-Off-White-Multi-(STS88257)-Pastel-Watercolors-i.911396071.17790881821?sp_atk=29567a0d-cfdb-4e33-b61c-66e31ad99fc2&xptdk=29567a0d-cfdb-4e33-b61c-66e31ad99fc2,Sperry Women's SEACYCLED Crest Vibe Resort Striped Sneakers - Off White Multi (STS88257) Pastel Watercolors,1,04-08-2023
https://shopee.sg/ASICS-Men-JAPAN-S-Sportstyle-Shoes-in-White-Midnight-i.455553838.23832381862?sp_atk=a05f3844-e26c-436e-8813-52c888b47bc0&xptdk=a05f3844-e26c-436e-8813-52c888b47bc0,ASICS Men JAPAN S Sportstyle Shoes in White/Midnight,1,04-08-2023
https://shopee.sg/PUMA-Rebound-Lay-Up-Men's-Shoes-(White)-i.341363989.18278980839?sp_atk=90d1d18b-63d7-409e-a8a5-4fff022771d8&xptdk=90d1d18b-63d7-409e-a8a5-4fff022771d8,PUMA Rebound Lay Up Men's Shoes (White),1,04-08-2023
https://shopee.sg/Tretorn-Womens-Nylite-38-Plus-Night-White-Vintage-White-i.298151663.4050916986?sp_atk=8b7e2b19-a333-4151-b4a7-17c0f36967b6&xptdk=8b7e2b19-a333-4151-b4a7-17c0f36967b6,Tretorn Womens Nylite 38 Plus - Night-White/Vintage White,1,04-08-2023
https://shopee.sg/ASICS-Women-JAPAN-S-Sportstyle-Shoes-in-White-Hot-Pink-i.455553838.19781464510?sp_atk=15d44880-ed1a-4769-91c2-522b9ea4e8f1&xptdk=15d44880-ed1a-4769-91c2-522b9ea4e8f1,ASICS Women JAPAN S Sportstyle Shoes in White/Hot Pink,1,04-08-2023
https://shopee.sg/Moda-Paolo-Unisex-School-Shoe-(38)-i.82022023.18365897101?sp_atk=1e126685-e5ab-4409-95ac-792b821e6a8c&xptdk=1e126685-e5ab-4409-95ac-792b821e6a8c,Moda Paolo Unisex School Shoe (38),1,04-08-2023
https://shopee.sg/Sunnystep-Elevate-Sneaker-White-Most-Comfortable-Walking-Shoes-i.235218859.23924254445?sp_atk=45e5f16d-980e-4a9b-b3df-690ae6af4f96&xptdk=45e5f16d-980e-4a9b-b3df-690ae6af4f96,Sunnystep - Elevate Sneaker - White - Most Comfortable Walking Shoes,1,04-08-2023
https://shopee.sg/adidas-Lifestyle-Stan-Smith-Shoes-Unisex-White-FX5501-i.265436651.6568676721?sp_atk=2d805290-d074-4805-bce4-d9608cf0e295&xptdk=2d805290-d074-4805-bce4-d9608cf0e295,adidas Lifestyle Stan Smith Shoes Unisex White FX5501,1,04-08-2023
https://shopee.sg/Everbest-Men's-Shoes-SD7001-Men's-White-Lace-Sneakers-i.273529824.12514813343?sp_atk=ffa4e41b-55ed-4076-b02b-0a718ba7729d&xptdk=ffa4e41b-55ed-4076-b02b-0a718ba7729d,Everbest Men's Shoes - SD7001  Men's White Lace Sneakers,1,04-08-2023
https://shopee.sg/PUMA-Unisex-Smash-Cat-Leather-Shoes-(White)-i.341363989.18474837001?sp_atk=c13eb401-d40d-47db-a76b-b3dc37385769&xptdk=c13eb401-d40d-47db-a76b-b3dc37385769,PUMA Unisex Smash Cat Leather Shoes (White),1,04-08-2023
https://shopee.sg/PUMA-Wired-Run-Slip-On-Women's-Shoes-(White)-i.341363989.20374620290?sp_atk=a2e3f69a-fee5-4890-8447-467fc4a9b7c0&xptdk=a2e3f69a-fee5-4890-8447-467fc4a9b7c0,PUMA Wired Run Slip-On Women's Shoes (White),1,04-08-2023
https://shopee.sg/Melissa-Ulitsa-Next-Gen-Ladies-Sneakers-i.127473736.16992205418?sp_atk=6d99a130-b3eb-4688-87a7-8ec84ad1b7f9&xptdk=6d99a130-b3eb-4688-87a7-8ec84ad1b7f9,Melissa Ulitsa Next Gen Ladies Sneakers,1,04-08-2023
https://shopee.sg/ECCO-SOFT-CLASSIC-POC-WOMEN'S-SHOES-i.456133957.18030385151?sp_atk=8797da89-7b71-49be-adac-b7c18c9754be&xptdk=8797da89-7b71-49be-adac-b7c18c9754be,ECCO SOFT CLASSIC POC WOMEN'S SHOES,1,04-08-2023
https://shopee.sg/Northstar-Men-Sneakers-Edoardo-i.324728427.22539848825?sp_atk=b12f78c0-a769-4a14-9fe1-5b05d90ebd32&xptdk=b12f78c0-a769-4a14-9fe1-5b05d90ebd32,Northstar Men Sneakers Edoardo,1,04-08-2023
https://shopee.sg/Converse-CTAS-Floral-Embroidery-Unisex-Sneakers-Egret-Cheeky-Coral-Black-i.252818873.23267374815?sp_atk=21094122-cd70-4f85-b423-69be8970decb&xptdk=21094122-cd70-4f85-b423-69be8970decb,Converse CTAS Floral Embroidery Unisex Sneakers - Egret/Cheeky Coral/Black,1,04-08-2023
https://shopee.sg/Superga-2950-White-i.172406425.6230433823?sp_atk=6b1f9e02-da00-46df-9565-e4affc464e54&xptdk=6b1f9e02-da00-46df-9565-e4affc464e54,Superga 2950 White,1,04-08-2023
https://shopee.sg/BATA-Youth-North-Star-School-Shoes-889X092-i.324728427.4090680625?sp_atk=8a10f96f-d323-4e2c-a26e-c4a5df3fb5d1&xptdk=8a10f96f-d323-4e2c-a26e-c4a5df3fb5d1,BATA Youth North Star School Shoes 889X092,1,04-08-2023
https://shopee.sg/Northstar-Women-Chuncky-Sneakers-Macao-550X235-i.324728427.22631094871?sp_atk=2f2925fc-bfec-4fbc-b1ad-0e1faafe75f7&xptdk=2f2925fc-bfec-4fbc-b1ad-0e1faafe75f7,Northstar Women Chuncky Sneakers Macao 550X235,1,04-08-2023
https://shopee.sg/Sperry-Women's-Crest-Boat-Platform-Sneakers-White-(STS88713)-i.911396071.20279157635?sp_atk=8226c448-becc-415f-aba6-c77472085a5b&xptdk=8226c448-becc-415f-aba6-c77472085a5b,Sperry Women's Crest Boat Platform Sneakers - White (STS88713),1,04-08-2023
https://shopee.sg/BATA-Youth-Power-School-Shoes-808X199-i.324728427.14473201730?sp_atk=cf8b7aa1-5f80-4ff3-b844-9694d3fd2e15&xptdk=cf8b7aa1-5f80-4ff3-b844-9694d3fd2e15,BATA Youth Power School Shoes 808X199,2,04-08-2023
https://shopee.sg/Converse-CTAS-Logo-Tag-Unisex-Sneakers-Vintage-White-Blue-i.252818873.23267374776?sp_atk=2b7ddff8-6159-4348-ac47-75c9fe2207a4&xptdk=2b7ddff8-6159-4348-ac47-75c9fe2207a4,Converse CTAS Logo Tag Unisex Sneakers - Vintage White/Blue,2,04-08-2023
https://shopee.sg/adidas-Lifestyle-Stan-Smith-Shoes-Men-White-HQ6816-i.265436651.19388284109?sp_atk=e403f2ef-3b4c-4e76-88f5-f627310e3b44&xptdk=e403f2ef-3b4c-4e76-88f5-f627310e3b44,adidas Lifestyle Stan Smith Shoes Men White HQ6816,2,04-08-2023
https://shopee.sg/BATA-Youth-North-Star-School-Shoes-889X192-i.324728427.11192591688?sp_atk=4f5e6ff9-44b5-4460-8bda-ab3274d85ac9&xptdk=4f5e6ff9-44b5-4460-8bda-ab3274d85ac9,BATA Youth North Star School Shoes 889X192,2,04-08-2023
https://shopee.sg/Moda-Paolo-Unisex-School-Shoe-(38)-i.82022023.18365897101?sp_atk=0448c0a1-4916-4a48-8dd3-e7c6ba91ee55&xptdk=0448c0a1-4916-4a48-8dd3-e7c6ba91ee55,Moda Paolo Unisex School Shoe (38),2,04-08-2023
https://shopee.sg/Geox-Men-Shoes-Sneaker-U-Colbyn-Black-White-i.267920682.3341599833?sp_atk=c6007b26-04b7-45c0-9832-44ace20bc523&xptdk=c6007b26-04b7-45c0-9832-44ace20bc523,Geox Men Shoes Sneaker U Colbyn Black/White,2,04-08-2023
https://shopee.sg/NATIVE-Jefferson-Unisex-Shoe-Regatte-Blue-Shell-White-i.48785701.22114981751?sp_atk=d07e02ce-815e-4dd1-b63d-8e2ec1184503&xptdk=d07e02ce-815e-4dd1-b63d-8e2ec1184503,NATIVE Jefferson Unisex Shoe - Regatte Blue / Shell White,2,04-08-2023
https://shopee.sg/Sperry-Women's-SEACYCLED-Crest-Vibe-Resort-Striped-Sneakers-Off-White-Multi-(STS88257)-Pastel-Watercolors-i.911396071.17790881821?sp_atk=78baf16a-61de-492a-a30e-e4bb45f6614f&xptdk=78baf16a-61de-492a-a30e-e4bb45f6614f,Sperry Women's SEACYCLED Crest Vibe Resort Striped Sneakers - Off White Multi (STS88257) Pastel Watercolors,2,04-08-2023
https://shopee.sg/Vans-Checkerboard-Old-Skool-Overt-Cc-Sneakers-Men-(Unisex-US-Size)-WHITE-VN0A7Q5ETDC1-i.884975004.22018028578?sp_atk=83a48dde-27ac-4afb-be07-faccafad2116&xptdk=83a48dde-27ac-4afb-be07-faccafad2116,Vans Checkerboard Old Skool Overt Cc Sneakers Men (Unisex US Size) WHITE VN0A7Q5ETDC1,2,04-08-2023
https://shopee.sg/Converse-Star-Player-76-Premium-Canvas-Men's-Sneakers-White-i.252818873.18271757783?sp_atk=6d62ebaf-fa17-4c39-acf1-4dd92783496b&xptdk=6d62ebaf-fa17-4c39-acf1-4dd92783496b,Converse Star Player 76 Premium Canvas Men's Sneakers - White,2,04-08-2023
https://shopee.sg/ASICS-Unisex-GEL-TORRANCE-SLIP-ON-Sportstyle-Shoes-in-Mako-Blue-White-i.455553838.23169173559?sp_atk=924c51bc-51d6-45f5-b51e-0be2f83f0b9d&xptdk=924c51bc-51d6-45f5-b51e-0be2f83f0b9d,ASICS Unisex GEL-TORRANCE SLIP-ON Sportstyle Shoes in Mako Blue/White,2,04-08-2023
https://shopee.sg/Tretorn-Womens-Nylite-38-Plus-Night-White-Vintage-White-i.298151663.4050916986?sp_atk=b9a57c88-27bb-44ae-8a80-1deeef87f6a2&xptdk=b9a57c88-27bb-44ae-8a80-1deeef87f6a2,Tretorn Womens Nylite 38 Plus - Night-White/Vintage White,2,04-08-2023
https://shopee.sg/-NEW-PUMA-Caracal-Men's-Shoes-(White)-i.341363989.23447455717?sp_atk=10c4b4fc-5df4-4a42-8459-7f2db27413d4&xptdk=10c4b4fc-5df4-4a42-8459-7f2db27413d4,[NEW] PUMA Caracal Men's Shoes (White),2,04-08-2023
https://shopee.sg/ASICS-Women-JAPAN-S-Sportstyle-Shoes-in-White-Hot-Pink-i.455553838.19781464510?sp_atk=febce625-7ba4-44ec-89a3-05221fbe4281&xptdk=febce625-7ba4-44ec-89a3-05221fbe4281,ASICS Women JAPAN S Sportstyle Shoes in White/Hot Pink,2,04-08-2023
https://shopee.sg/Walking-Tall-Premium-Casual-Shoes-Height-Increase-Shoes-(6-cm)-with-Rubber-OutSole-Mens-Blue-White-Shoes-YLK67621-i.228978173.14112974534?sp_atk=8e311b61-2283-4dff-abc3-9cb9a6606aa6&xptdk=8e311b61-2283-4dff-abc3-9cb9a6606aa6,Walking Tall Premium Casual Shoes | Height Increase Shoes (6 cm) with Rubber OutSole - Mens Blue White Shoes-YLK67621,2,04-08-2023
https://shopee.sg/Walking-Tall-Premium-Casual-Shoes-Height-Increase-Shoes-(7-cm)-with-Rubber-OutSole-Mens-White-Shoes-C131A121D-i.228978173.10114595870?sp_atk=8780d18f-6a5e-45ac-aca9-f2ef489569a7&xptdk=8780d18f-6a5e-45ac-aca9-f2ef489569a7,Walking Tall Premium Casual Shoes  Height Increase Shoes (7 cm) with Rubber OutSole - Mens White Shoes C131A121D,2,04-08-2023
https://shopee.sg/Converse-All-Star-BB-Prototype-CX-White-Out-Men's-Sneakers-White-Aqua-Mist-White-i.252818873.20589980217?sp_atk=e57b234d-d407-4046-a975-f573acc05ed9&xptdk=e57b234d-d407-4046-a975-f573acc05ed9,Converse All Star BB Prototype CX White Out Men's Sneakers - White/Aqua Mist/White,2,04-08-2023
https://shopee.sg/BATA-Northstar-Kids-White-Lace-Up-School-Shoes-589X031-i.324728427.20368586137?sp_atk=2386082e-1a16-4f6e-86d4-306cc4f55b72&xptdk=2386082e-1a16-4f6e-86d4-306cc4f55b72,BATA Northstar Kids White Lace Up School Shoes 589X031,2,04-08-2023
https://shopee.sg/Sunnystep-Elevate-Sneaker-White-Most-Comfortable-Walking-Shoes-i.235218859.23924254445?sp_atk=f50765ee-f8c3-47ec-abcf-52f820938718&xptdk=f50765ee-f8c3-47ec-abcf-52f820938718,Sunnystep - Elevate Sneaker - White - Most Comfortable Walking Shoes,2,04-08-2023
https://shopee.sg/BATA-Youth-North-Star-School-Shoes-889X092-i.324728427.4090680625?sp_atk=1f9e9dc6-06b1-4296-9a38-08498b84ad3f&xptdk=1f9e9dc6-06b1-4296-9a38-08498b84ad3f,BATA Youth North Star School Shoes 889X092,2,04-08-2023
https://shopee.sg/ECCO-Soft-Classic-POC-Men's-Sneakers-i.456133957.16681072346?sp_atk=fac6345b-d541-4ce5-8a90-5aa6a870fc74&xptdk=fac6345b-d541-4ce5-8a90-5aa6a870fc74,ECCO Soft Classic POC Men's Sneakers,2,04-08-2023
https://shopee.sg/PUMA-Wired-Run-Slip-On-Women's-Shoes-(White)-i.341363989.20374620290?sp_atk=23563c81-da33-4d45-a374-9713f8639949&xptdk=23563c81-da33-4d45-a374-9713f8639949,PUMA Wired Run Slip-On Women's Shoes (White),2,04-08-2023
https://shopee.sg/Melissa-Ulitsa-Next-Gen-Ladies-Sneakers-i.127473736.16992205418?sp_atk=b98ee733-30a8-46ed-9820-cacb4647abe1&xptdk=b98ee733-30a8-46ed-9820-cacb4647abe1,Melissa Ulitsa Next Gen Ladies Sneakers,2,04-08-2023
https://shopee.sg/ECCO-SOFT-CLASSIC-POC-WOMEN'S-SHOES-i.456133957.18030385151?sp_atk=c6cd2b6f-f956-4b43-b275-4d41f0b3bbe0&xptdk=c6cd2b6f-f956-4b43-b275-4d41f0b3bbe0,ECCO SOFT CLASSIC POC WOMEN'S SHOES,2,04-08-2023
https://shopee.sg/NATIVE-Jefferson-Unisex-Shoe-Regatte-Blue-Shell-White-i.330344897.4997845604?sp_atk=a8687ffc-8e5e-4455-87cb-7e81ef50c3bc&xptdk=a8687ffc-8e5e-4455-87cb-7e81ef50c3bc,NATIVE Jefferson Unisex Shoe - Regatte Blue / Shell White,2,04-08-2023
https://shopee.sg/Converse-Chuck-Taylor-Alt-Star-Men's-Sneakers-White-White-White-i.252818873.22367366127?sp_atk=2f728929-6258-4f08-bbbd-071770ae654e&xptdk=2f728929-6258-4f08-bbbd-071770ae654e,Converse Chuck Taylor Alt Star Men's Sneakers - White/White/White,2,04-08-2023
https://shopee.sg/adidas-DIMENSION-LOW-BD7648-Black-White-Blue-i.280432311.16613157261?sp_atk=68dc82eb-1881-4f86-b35e-5a94247d949e&xptdk=68dc82eb-1881-4f86-b35e-5a94247d949e,adidas DIMENSION LOW BD7648 Black White Blue,2,04-08-2023
https://shopee.sg/Superga-2950-White-i.172406425.6230433823?sp_atk=c928543e-5b6e-4e1f-bc51-01b77ce8126e&xptdk=c928543e-5b6e-4e1f-bc51-01b77ce8126e,Superga 2950 White,2,04-08-2023
https://shopee.sg/Geox-Men-Shoes-Sneaker-U-Nebula-X-White-i.267920682.7845485519?sp_atk=4a7bc669-7969-4f60-8015-0d8e3f15d30d&xptdk=4a7bc669-7969-4f60-8015-0d8e3f15d30d,Geox Men Shoes Sneaker U Nebula X White,2,04-08-2023
https://shopee.sg/Northstar-Women-Chuncky-Sneakers-Macao-550X235-i.324728427.22631094871?sp_atk=9b9e6f00-0060-46df-a1d8-3cf422cc038b&xptdk=9b9e6f00-0060-46df-a1d8-3cf422cc038b,Northstar Women Chuncky Sneakers Macao 550X235,2,04-08-2023
https://shopee.sg/Sperry-Women's-Crest-Boat-Platform-Sneakers-White-(STS88713)-i.911396071.20279157635?sp_atk=d0929695-8da1-40ef-b02e-ac326d205ea8&xptdk=d0929695-8da1-40ef-b02e-ac326d205ea8,Sperry Women's Crest Boat Platform Sneakers - White (STS88713),2,04-08-2023
https://shopee.sg/ASICS-Women-JAPAN-S-Sportstyle-Shoes-in-White-Sage-i.455553838.23072636316?sp_atk=a9d59772-b779-4607-9470-188dd9d57acd&xptdk=a9d59772-b779-4607-9470-188dd9d57acd,ASICS Women JAPAN S Sportstyle Shoes in White/Sage,2,04-08-2023
https://shopee.sg/Moda-Paolo-Unisex-School-Shoes-in-White-(1457T)-i.82022023.15708862952?sp_atk=4233a629-fcd4-482a-9566-5151058ff11a&xptdk=4233a629-fcd4-482a-9566-5151058ff11a,Moda Paolo Unisex School Shoes in White (1457T),2,04-08-2023
https://shopee.sg/adidas-Lifestyle-NMD_R1-Shoes-Men-White-IF8028-i.265436651.22941972884?sp_atk=83b23c18-d7ea-4b1c-bd1f-2ba8041e54aa&xptdk=83b23c18-d7ea-4b1c-bd1f-2ba8041e54aa,adidas Lifestyle NMD_R1 Shoes Men White IF8028,2,04-08-2023
https://shopee.sg/Moda-Paolo-Women-Canvas-Shoes-in-3-Colours-(103)-i.82022023.14736707634?sp_atk=809fca23-f1b8-42d7-bbb5-acd7eb63fa92&xptdk=809fca23-f1b8-42d7-bbb5-acd7eb63fa92,Moda Paolo Women Canvas Shoes in 3 Colours (103),2,04-08-2023
https://shopee.sg/PUMA-Unisex-Courtflex-V2-Babies'-Shoes-i.341363989.4966004958?sp_atk=a53b1225-8a13-4718-92e1-e9218016ec57&xptdk=a53b1225-8a13-4718-92e1-e9218016ec57,PUMA Unisex Courtflex V2 Babies' Shoes,2,04-08-2023
https://shopee.sg/ALDO-Caecien-Men's-Sneakers-Other-White-i.959254401.20680511043?sp_atk=c098549f-edb3-4216-aa52-aa27f5f40135&xptdk=c098549f-edb3-4216-aa52-aa27f5f40135,ALDO Caecien Men's Sneakers- Other White,2,04-08-2023
https://shopee.sg/adidas-Forum-Low-FY7755-White-Unisex-(LF)-i.280432311.16284574877?sp_atk=401a5c06-fefe-4487-84a6-1b5d60750e9d&xptdk=401a5c06-fefe-4487-84a6-1b5d60750e9d,adidas Forum Low FY7755 White Unisex (LF),2,04-08-2023
https://shopee.sg/Geox-Men-Shoes-Sneaker-U-Kaven-A-Papyrus-White-i.267920682.5253133543?sp_atk=5e9b0a8f-f16c-4ad5-8f95-4dab848b0c5d&xptdk=5e9b0a8f-f16c-4ad5-8f95-4dab848b0c5d,Geox Men Shoes Sneaker U Kaven A Papyrus/White,2,04-08-2023
https://shopee.sg/Walking-Tall-Premium-Casual-Shoes-Height-Increase-Shoes-(7-cm)-with-Rubber-OutSole-Mens-white-Shoes-T55H202D-W-i.228978173.14312974610?sp_atk=a9772c29-f823-476d-8285-6f277a9d6719&xptdk=a9772c29-f823-476d-8285-6f277a9d6719,Walking Tall Premium Casual Shoes | Height Increase Shoes (7 cm) with Rubber OutSole - Mens white Shoes-T55H202D-W,2,04-08-2023
https://shopee.sg/prettyFIT-CORINE-Women's-Leather-Low-top-Sneakers-Ladies-Embellished-Casual-Shoes-i.243520792.22926825605?sp_atk=529cde37-8eaa-40a0-9e57-3e7e28f19d20&xptdk=529cde37-8eaa-40a0-9e57-3e7e28f19d20,prettyFIT CORINE Women's Leather Low-top Sneakers Ladies Embellished Casual Shoes,2,04-08-2023
https://shopee.sg/Converse-CT-ALL-STAR-Unisex-Sneakers-Optic-White-i.252818873.20668505016?sp_atk=82314273-a9ff-43f6-a0d0-d3dbfd2ec934&xptdk=82314273-a9ff-43f6-a0d0-d3dbfd2ec934,Converse CT ALL STAR Unisex Sneakers - Optic White,2,04-08-2023
https://shopee.sg/Hush-Puppies-SEVENTY8-Men-Sneakers-In-White-i.37447465.5490072100?sp_atk=2697510b-10b8-4248-b696-8c1050e9e79f&xptdk=2697510b-10b8-4248-b696-8c1050e9e79f,Hush Puppies SEVENTY8 Men Sneakers In White,2,04-08-2023
https://shopee.sg/Vans-Style-36-Sneakers-Men-(Unisex-US-Size)-White-VN0A3DZ3OXS1-i.884975004.23408208566?sp_atk=5cc35395-368c-4a5d-b83c-32ebe1a04214&xptdk=5cc35395-368c-4a5d-b83c-32ebe1a04214,Vans Style 36 Sneakers Men (Unisex US Size) White VN0A3DZ3OXS1,2,04-08-2023
https://shopee.sg/adidas-Lifestyle-Nizza-RF-Slip-Shoes-Unisex-White-S23725-i.265436651.19757343474?sp_atk=1d7e988e-060c-4f79-bb07-a7c1f6256863&xptdk=1d7e988e-060c-4f79-bb07-a7c1f6256863,adidas Lifestyle Nizza RF Slip Shoes Unisex White S23725,2,04-08-2023
https://shopee.sg/PUMA-Cilia-Lux-Women's-Training-Shoes-Basics-Low-Boot-i.341363989.13749655362?sp_atk=880279f1-595e-490c-84cd-f47e36f63adc&xptdk=880279f1-595e-490c-84cd-f47e36f63adc,PUMA Cilia Lux Women's Training Shoes Basics Low Boot,2,04-08-2023
https://shopee.sg/ALDO-Saredon-Men-Low-Top-Sneaker-Other-White-i.959254401.23670001979?sp_atk=8d510fa6-daf3-424c-a6fe-af98bfb860dd&xptdk=8d510fa6-daf3-424c-a6fe-af98bfb860dd,ALDO Saredon Men Low Top Sneaker - Other White,2,04-08-2023
https://shopee.sg/Geox-Men-Shoes-Sneakers-U-Deiven-A-White-i.267920682.22814623814?sp_atk=dde6b2a2-fe31-4e29-a5c4-fb1bd1272787&xptdk=dde6b2a2-fe31-4e29-a5c4-fb1bd1272787,Geox Men Shoes Sneakers U Deiven A White,2,04-08-2023
https://shopee.sg/HOKA-Women-Ora-Recovery-Shoe-2-White-White-i.258374675.23814519205?sp_atk=9c464041-86ee-4bf9-90c7-67175e13c911&xptdk=9c464041-86ee-4bf9-90c7-67175e13c911,HOKA Women Ora Recovery Shoe 2 - White / White,2,04-08-2023
https://shopee.sg/NATIVE-Jefferson-Unisex-Shoe-Shell-White-Shell-White-i.48785701.18970029123?sp_atk=acb23363-371d-4959-850e-32605ae65de1&xptdk=acb23363-371d-4959-850e-32605ae65de1,NATIVE Jefferson Unisex Shoe - Shell White / Shell White,2,04-08-2023
https://shopee.sg/Geox-Men-Shoes-Sneaker-U-Spherica-EC4-B-White-i.267920682.23625736473?sp_atk=eb378cee-9110-4dd9-86a1-cd4daf528d20&xptdk=eb378cee-9110-4dd9-86a1-cd4daf528d20,Geox Men Shoes Sneaker U Spherica EC4 B White,2,04-08-2023
https://shopee.sg/Geox-Men-Shoes-Sneaker-U-Grecale-B-White-Lt-Grey-i.267920682.4553135550?sp_atk=8fac95bc-85aa-47d2-bdfb-3cccd4e24c58&xptdk=8fac95bc-85aa-47d2-bdfb-3cccd4e24c58,Geox Men Shoes Sneaker U Grecale B White/Lt Grey,2,04-08-2023
https://shopee.sg/Geox-Men-Shoes-Sneaker-U-Colbyn-White-Black-i.267920682.6541484148?sp_atk=be5d2f83-e4dd-42b9-8d22-7c3f6edc7d61&xptdk=be5d2f83-e4dd-42b9-8d22-7c3f6edc7d61,Geox Men Shoes Sneaker U Colbyn White/Black,2,04-08-2023
https://shopee.sg/PUMA-Unisex-Smash-Cat-Perf-Sneaker-(White)-i.341363989.23027892928?sp_atk=444e9860-666a-4802-a664-5e934e5eb909&xptdk=444e9860-666a-4802-a664-5e934e5eb909,PUMA Unisex Smash Cat Perf Sneaker (White),2,04-08-2023
https://shopee.sg/adidas-Lifestyle-Advantage-Shoes-Men-White-ID9644-i.265436651.23545588483?sp_atk=a6c2fd90-c75b-4506-bb3f-0a68241e0792&xptdk=a6c2fd90-c75b-4506-bb3f-0a68241e0792,adidas Lifestyle Advantage Shoes Men White ID9644,2,04-08-2023
https://shopee.sg/Vans-Ultrarange-Exo-Unisex-Sneakers-Women-(Unisex-US-Size)-White-VN0A4U1KWHT1-i.884975004.23108158439?sp_atk=93a89208-77da-4f11-ae39-f8bbb7cb57fc&xptdk=93a89208-77da-4f11-ae39-f8bbb7cb57fc,Vans Ultrarange Exo Unisex Sneakers Women (Unisex US Size) White VN0A4U1KWHT1,2,04-08-2023
https://shopee.sg/Vans-Checkerboard-Old-Skool-Overt-Cc-Sneakers-Women-(Unisex-US-Size)-WHITE-VN0A7Q5ETDC1-i.884975004.23118028009?sp_atk=914c9ac5-fc71-405e-9a29-e4d22b139094&xptdk=914c9ac5-fc71-405e-9a29-e4d22b139094,Vans Checkerboard Old Skool Overt Cc Sneakers Women (Unisex US Size) WHITE VN0A7Q5ETDC1,2,04-08-2023
https://shopee.sg/NATIVE-Jefferson-Unisex-Shoe-Jiffy-Black-Shell-White-i.48785701.23814981598?sp_atk=1124c7f6-eebb-481a-a276-810e6c93a8f8&xptdk=1124c7f6-eebb-481a-a276-810e6c93a8f8,NATIVE Jefferson Unisex Shoe - Jiffy Black / Shell White,2,04-08-2023
https://shopee.sg/Sunnystep-Elevate-lace-up-mules-Coco-White-Most-Comfortable-Walking-Shoes-i.235218859.20273610975?sp_atk=08c0f7be-38e7-45c8-9368-baceab38ad1d&xptdk=08c0f7be-38e7-45c8-9368-baceab38ad1d,Sunnystep - Elevate lace-up mules - Coco White - Most Comfortable Walking Shoes,2,04-08-2023
https://shopee.sg/Converse-CTAS-Lift-Platform-Outline-Women's-Sneakers-Oat-Milk-Egret-White-i.252818873.13698872834?sp_atk=3efc5331-7d5f-4a15-96f3-db9f83b8361a&xptdk=3efc5331-7d5f-4a15-96f3-db9f83b8361a,Converse CTAS Lift Platform Outline Women's Sneakers - Oat Milk/Egret/White,2,04-08-2023
https://shopee.sg/-NEW-PUMA-Carina-Leather-Women's-Sneakers-(White)-i.341363989.21382086376?sp_atk=a7d442ba-61a6-4c77-b8c1-b64efa4e804a&xptdk=a7d442ba-61a6-4c77-b8c1-b64efa4e804a,[NEW] PUMA Carina Leather Women's Sneakers (White),3,04-08-2023
https://shopee.sg/Geox-Women-Shoes-Pump-D-Annytah-White-i.267920682.6045457085?sp_atk=c2bb67d8-ef99-436a-8934-990079406da8&xptdk=c2bb67d8-ef99-436a-8934-990079406da8,Geox Women Shoes Pump D Annytah White,3,04-08-2023
https://shopee.sg/Geox-Men-Shoes-Sneakers-U-Deiven-A-White-i.267920682.22814623814?sp_atk=4bcda49b-ec04-43ad-9c82-777bb78dd600&xptdk=4bcda49b-ec04-43ad-9c82-777bb78dd600,Geox Men Shoes Sneakers U Deiven A White,3,04-08-2023
https://shopee.sg/NATIVE-Jefferson-Unisex-Shoe-Shell-White-Shell-White-i.48785701.18970029123?sp_atk=d67e5b18-6435-440d-9ff1-9a6689048ca6&xptdk=d67e5b18-6435-440d-9ff1-9a6689048ca6,NATIVE Jefferson Unisex Shoe - Shell White / Shell White,3,04-08-2023
https://shopee.sg/Geox-Men-Shoes-Sneaker-U-Grecale-B-White-Lt-Grey-i.267920682.4553135550?sp_atk=6d770cf9-792e-4fcc-a193-11c1c09bd71b&xptdk=6d770cf9-792e-4fcc-a193-11c1c09bd71b,Geox Men Shoes Sneaker U Grecale B White/Lt Grey,3,04-08-2023
https://shopee.sg/Geox-Men-Shoes-Sneaker-U-Colbyn-White-Black-i.267920682.6541484148?sp_atk=8d7ff9e2-a46b-4d9e-80b1-f76bc98020c4&xptdk=8d7ff9e2-a46b-4d9e-80b1-f76bc98020c4,Geox Men Shoes Sneaker U Colbyn White/Black,3,04-08-2023
https://shopee.sg/Vans-Ultrarange-Exo-Unisex-Sneakers-Women-(Unisex-US-Size)-White-VN0A4U1KWHT1-i.884975004.23108158439?sp_atk=d02b6f87-4a00-4024-9d2d-fc248a017f31&xptdk=d02b6f87-4a00-4024-9d2d-fc248a017f31,Vans Ultrarange Exo Unisex Sneakers Women (Unisex US Size) White VN0A4U1KWHT1,3,04-08-2023
https://shopee.sg/prettyFIT-DAVIKAH-Women's-Leather-Lightweight-Platform-Sneakers-Ladies-Classic-Low-top-Casual-Elastic-Shoelace-Shoes-i.243520792.6785146593?sp_atk=1b900dd5-718e-4f2a-aef8-e7a2a54d6a13&xptdk=1b900dd5-718e-4f2a-aef8-e7a2a54d6a13,prettyFIT DAVIKAH Women's Leather Lightweight Platform Sneakers Ladies Classic Low-top Casual Elastic Shoelace Shoes,3,04-08-2023
https://shopee.sg/Superga-2306-Slip-on-White-i.172406425.18817428326?sp_atk=69893352-1202-4048-9106-8d596df1817c&xptdk=69893352-1202-4048-9106-8d596df1817c,Superga 2306 Slip-on White,3,04-08-2023
https://shopee.sg/PUMA-Unisex-Smash-Cat-Perf-Sneaker-(White)-i.341363989.23027892928?sp_atk=8583b75d-d95a-4409-a06e-e1f3e6fb0c0f&xptdk=8583b75d-d95a-4409-a06e-e1f3e6fb0c0f,PUMA Unisex Smash Cat Perf Sneaker (White),3,04-08-2023
https://shopee.sg/PUMA-Carina-PFS-Women's-Shoes-Basics-i.341363989.2974605079?sp_atk=f5363bd0-2c1d-4b1e-a0d2-636721dcf44e&xptdk=f5363bd0-2c1d-4b1e-a0d2-636721dcf44e,PUMA Carina PFS Women's Shoes Basics,3,04-08-2023
https://shopee.sg/BATA-Kids-B.First-Unisex-School-Shoes-381X056-i.324728427.10792590526?sp_atk=0093dcbe-5aaa-49e9-b90d-d5ee8989b1e7&xptdk=0093dcbe-5aaa-49e9-b90d-d5ee8989b1e7,BATA Kids B.First Unisex School Shoes 381X056,3,04-08-2023
https://shopee.sg/adidas-Lifestyle-Advantage-Shoes-Men-White-ID9644-i.265436651.23545588483?sp_atk=9ad02d30-adfe-4dcc-b680-b6f88b902410&xptdk=9ad02d30-adfe-4dcc-b680-b6f88b902410,adidas Lifestyle Advantage Shoes Men White ID9644,3,04-08-2023
https://shopee.sg/Sunnystep-Elevate-walker-2.0-White-Most-Comfortable-Walking-Shoes-i.235218859.22145438352?sp_atk=b4f4639d-908e-44c0-89db-9a1616106145&xptdk=b4f4639d-908e-44c0-89db-9a1616106145,Sunnystep - Elevate walker 2.0 - White - Most Comfortable Walking Shoes,3,04-08-2023
https://shopee.sg/prettyFIT-CORINA-Women's-Leather-Slip-on-Sneakers-Ladies-Minimalistic-Platform-Shoes-i.243520792.21288623771?sp_atk=a0296a8a-52d4-4f8e-ae1f-f8088b4f1d48&xptdk=a0296a8a-52d4-4f8e-ae1f-f8088b4f1d48,prettyFIT CORINA Women's Leather Slip-on Sneakers Ladies Minimalistic Platform Shoes,3,04-08-2023
https://shopee.sg/WHITE-SCHOOL-SHOES-DK-C10108E3-WHT-i.276299695.6840040110?sp_atk=ae245b42-4a29-4c9b-bb20-ba36476bb93a&xptdk=ae245b42-4a29-4c9b-bb20-ba36476bb93a,WHITE SCHOOL SHOES DK-C10108E3-WHT,3,04-08-2023
https://shopee.sg/NATIVE-Jefferson-Unisex-Shoe-Jiffy-Black-Shell-White-i.48785701.23814981598?sp_atk=5f7ff825-00f9-43eb-b8ca-545ad6eb9d06&xptdk=5f7ff825-00f9-43eb-b8ca-545ad6eb9d06,NATIVE Jefferson Unisex Shoe - Jiffy Black / Shell White,3,04-08-2023
https://shopee.sg/Geox-Junior-Shoes-Boy-Sneaker-J-Waviness-Boy-Red-White-i.267920682.4345987556?sp_atk=9384c958-c5bb-40ee-a272-3fc6dcffa047&xptdk=9384c958-c5bb-40ee-a272-3fc6dcffa047,Geox Junior Shoes Boy Sneaker J Waviness Boy Red/White,3,04-08-2023
https://shopee.sg/Geox-Woman-Shoe-Sneakers-D-Bulmya-White-Lt-Grey-i.267920682.23442369555?sp_atk=91f737c9-c36d-49fc-9299-f72d8af2446e&xptdk=91f737c9-c36d-49fc-9299-f72d8af2446e,Geox Woman Shoe Sneakers D Bulmya White/Lt Grey,3,04-08-2023
https://shopee.sg/prettyFIT-CALLIE-Women's-Leather-Sneakers-Elastic-Shoelace-Lightweight-Ladies-Casual-Shoes-i.243520792.22133319287?sp_atk=0ee7f9ef-34ad-4139-b660-a77631bb28f1&xptdk=0ee7f9ef-34ad-4139-b660-a77631bb28f1,prettyFIT CALLIE Women's Leather Sneakers Elastic Shoelace Lightweight Ladies Casual Shoes,3,04-08-2023
https://shopee.sg/Converse-CTAS-Lift-Platform-Outline-Women's-Sneakers-Oat-Milk-Egret-White-i.252818873.13698872834?sp_atk=3a85e319-2cc8-45d5-842d-28f6ac6a9d0c&xptdk=3a85e319-2cc8-45d5-842d-28f6ac6a9d0c,Converse CTAS Lift Platform Outline Women's Sneakers - Oat Milk/Egret/White,3,04-08-2023
https://shopee.sg/ALDO-Jaya-Women-Jogger-Sole-Sneaker-Open-White-i.959254401.20589470273?sp_atk=b1bb6d26-3b80-4303-ae5c-80dc6acfa6bc&xptdk=b1bb6d26-3b80-4303-ae5c-80dc6acfa6bc,ALDO Jaya Women Jogger Sole Sneaker - Open White,3,04-08-2023
https://shopee.sg/Sunnystep-Elevate-Walker-Coco-White-Most-Comfortable-Walking-Shoes-i.235218859.23925166937?sp_atk=bce2ba7d-5fb7-4975-b36d-aad80c1dd0ad&xptdk=bce2ba7d-5fb7-4975-b36d-aad80c1dd0ad,Sunnystep - Elevate Walker - Coco White - Most Comfortable Walking Shoes,3,04-08-2023
https://shopee.sg/MBT-1997-Classic-Women's-in-White-i.114877948.17645305418?sp_atk=16b93576-bbc7-436b-8ce6-4ef901314118&xptdk=16b93576-bbc7-436b-8ce6-4ef901314118,MBT 1997 Classic Women's in White,3,04-08-2023
https://shopee.sg/adidas-Lifestyle-Continental-80-Stripes-Shoes-Men-White-GW1706-i.265436651.21872576873?sp_atk=c9a7bb22-ac9c-4d9a-b456-6239e3cc8d60&xptdk=c9a7bb22-ac9c-4d9a-b456-6239e3cc8d60,adidas Lifestyle Continental 80 Stripes Shoes Men White GW1706,3,04-08-2023
https://shopee.sg/NATIVE-Jefferson-Unisex-Shoe-Victoria-Blue-Shell-White-i.48785701.19170029190?sp_atk=2b73c7de-b1db-4f31-9936-f9243f2915f1&xptdk=2b73c7de-b1db-4f31-9936-f9243f2915f1,NATIVE Jefferson Unisex Shoe - Victoria Blue / Shell White,3,04-08-2023
https://shopee.sg/Converse-CTAS-Lift-Platform-Seasonal-Color-Women's-Sneakers-Summit-Sage-White-Black-i.252818873.22469473266?sp_atk=28ca8b18-fad5-438e-a4de-101cafb096aa&xptdk=28ca8b18-fad5-438e-a4de-101cafb096aa,Converse CTAS Lift Platform Seasonal Color Women's Sneakers - Summit Sage/White/Black,3,04-08-2023
https://shopee.sg/Tip-Toey-Joey-Originals-Toddler-Sneakers-Easy-Black-Knit-White-(Size-20-25)-i.64363516.19189739151?sp_atk=43458400-5e8b-48fe-bf42-555d74fc1f6a&xptdk=43458400-5e8b-48fe-bf42-555d74fc1f6a,Tip Toey Joey Originals Toddler Sneakers Easy-Black Knit/White (Size 20-25),3,04-08-2023
https://shopee.sg/FitFlop-RALLY-Women's-Leather-Suede-Panel-Sneakers-Urban-White-Rich-Red-(FQ1-A59)-i.524040819.22009445939?sp_atk=d5e835c6-f7ef-413c-b311-fdc37f86eced&xptdk=d5e835c6-f7ef-413c-b311-fdc37f86eced,FitFlop RALLY Women's Leather/Suede Panel Sneakers - Urban White/Rich Red (FQ1-A59),3,04-08-2023
https://shopee.sg/Everbest-Men's-Shoes-SD7005-White-Sneaker-for-Men-i.273529824.20343670870?sp_atk=781cbc5f-851b-46e0-a0ef-e3da5dae7c30&xptdk=781cbc5f-851b-46e0-a0ef-e3da5dae7c30,Everbest Men's Shoes - SD7005  White Sneaker for Men,3,04-08-2023
https://shopee.sg/Tip-Toey-Joey-Originals-Toddler-Sneakers-Bossy-Laguna-White-(Size-20-25)-Kids-Shoes-i.64363516.23469600961?sp_atk=452bd5bf-7e0a-4b93-be0c-159823283f2e&xptdk=452bd5bf-7e0a-4b93-be0c-159823283f2e,Tip Toey Joey Originals Toddler Sneakers Bossy-Laguna/White (Size 20-25)-Kids Shoes,3,04-08-2023
https://shopee.sg/Converse-Jack-Purcell-Ox-Men's-Sneakers-Shoes-White-i.252818873.19768469649?sp_atk=b9de3323-819f-404c-9f9a-061c5165867f&xptdk=b9de3323-819f-404c-9f9a-061c5165867f,Converse Jack Purcell Ox Men's Sneakers Shoes - White,3,04-08-2023
https://shopee.sg/Vans-Old-Skool-Unisex-Sneakers-Women-(Unisex-US-Size)-White-VN000D3HW001-i.884975004.18265905623?sp_atk=6e13eee2-904a-409a-8cbf-30fa6a30c03b&xptdk=6e13eee2-904a-409a-8cbf-30fa6a30c03b,Vans Old Skool Unisex Sneakers Women (Unisex US Size) White VN000D3HW001,3,04-08-2023
https://shopee.sg/Adidas-Vs-Advantage-Clean-Kids-White-Velcro-Shoes-i.228656552.5623158490?sp_atk=7cad9900-18d4-42c5-9750-9f3db747761a&xptdk=7cad9900-18d4-42c5-9750-9f3db747761a,Adidas Vs Advantage Clean Kids White Velcro Shoes,3,04-08-2023
https://shopee.sg/adidas-Lifestyle-Stan-Smith-Recon-Shoes-Men-White-H06187-i.265436651.23642162944?sp_atk=fa1c5be1-84ae-48a9-8a7e-f4d253aecae8&xptdk=fa1c5be1-84ae-48a9-8a7e-f4d253aecae8,adidas Lifestyle Stan Smith Recon Shoes Men White H06187,3,04-08-2023
https://shopee.sg/BATA-Kids-B.First-Lace-Up-School-Shoes-581X322-i.324728427.20735314214?sp_atk=ee80e242-8bcf-478c-8eea-28fc576d1d1c&xptdk=ee80e242-8bcf-478c-8eea-28fc576d1d1c,BATA Kids B.First Lace Up School Shoes 581X322,3,04-08-2023
https://shopee.sg/ALDO-Reia-Women's-Sneakers-Other-White-i.959254401.20680511037?sp_atk=5d858a6f-95db-4f8f-b2dc-741ab356b3b1&xptdk=5d858a6f-95db-4f8f-b2dc-741ab356b3b1,ALDO Reia Women's Sneakers- Other White,3,04-08-2023
https://shopee.sg/prettyFIT-DARCY-Women's-Leather-Low-top-Sneakers-Ladies-Elastic-Shoelace-Casual-Shoes-i.243520792.18574166705?sp_atk=6ef26978-c270-4ba5-9831-6863fe303b1d&xptdk=6ef26978-c270-4ba5-9831-6863fe303b1d,prettyFIT DARCY Women's Leather Low-top Sneakers Ladies Elastic Shoelace Casual Shoes,3,04-08-2023
https://shopee.sg/-NEW-PUMA-Suede-Classic-XXI-Men's-Sneakers-(Green)-i.341363989.18781738191?sp_atk=1d85be62-7ef9-48b5-8a22-a0a30c154fb0&xptdk=1d85be62-7ef9-48b5-8a22-a0a30c154fb0,[NEW] PUMA Suede Classic XXI Men's Sneakers (Green),3,04-08-2023
https://shopee.sg/Geox-Women-Shoes-Sneaker-D-Jaysen-White-i.267920682.20327139734?sp_atk=ae47b544-772d-40a9-bfaa-39635345629e&xptdk=ae47b544-772d-40a9-bfaa-39635345629e,Geox Women Shoes Sneaker D Jaysen White,3,04-08-2023
https://shopee.sg/Vans-Granny-Check-Authentic-44-DX-Sneakers-Women-(Unisex-US-Size)-WHITE-VN0A7Q5CWHT1-i.884975004.18765485635?sp_atk=1e248061-48de-4e62-bac8-a808c9e1cb7a&xptdk=1e248061-48de-4e62-bac8-a808c9e1cb7a,Vans Granny Check Authentic 44 DX Sneakers Women (Unisex US Size) WHITE VN0A7Q5CWHT1,3,04-08-2023
https://shopee.sg/Geox-Man-Shoe-Sneaker-U-Levico-A-White-i.267920682.23936425009?sp_atk=d75f896c-a3ed-4973-88ce-4e560cfebac5&xptdk=d75f896c-a3ed-4973-88ce-4e560cfebac5,Geox Man Shoe Sneaker U Levico A White,3,04-08-2023
https://shopee.sg/Vans-x-Michael-February-UltraRange-Neo-VR3-Sneakers-Women-(Unisex-US-Size)-WHITE-VN000BCEWTM1-i.884975004.22670390559?sp_atk=43ce4576-3dcc-46b0-b1b0-7882953a0ee8&xptdk=43ce4576-3dcc-46b0-b1b0-7882953a0ee8,Vans x Michael February UltraRange Neo VR3 Sneakers Women (Unisex US Size) WHITE VN000BCEWTM1,3,04-08-2023
https://shopee.sg/Geox-Women-Shoes-Sneaker-D-Aerantis-A-White-i.267920682.5653065836?sp_atk=ff72e45b-de98-47f3-bd8f-409ea0cc7ab4&xptdk=ff72e45b-de98-47f3-bd8f-409ea0cc7ab4,Geox Women Shoes Sneaker D Aerantis A White,3,04-08-2023
https://shopee.sg/Geox-Woman-Shoe-Sneakers-D-Runntix-White-i.267920682.20279766418?sp_atk=07be8e7b-2f19-4212-82c8-5d459447b08d&xptdk=07be8e7b-2f19-4212-82c8-5d459447b08d,Geox Woman Shoe Sneakers D Runntix White,3,04-08-2023
https://shopee.sg/adidas-Stan-Smith-White-Collegiate-Navy-FX5501-Unisex-(LF)-i.280432311.20354936534?sp_atk=783ef62a-26f0-4e4b-a952-18b3fe7ada43&xptdk=783ef62a-26f0-4e4b-a952-18b3fe7ada43,adidas Stan Smith White Collegiate Navy FX5501 Unisex (LF),3,04-08-2023
https://shopee.sg/Geox-Women-Shoes-Pump-D-Annytah-D-White-i.267920682.5853065377?sp_atk=5e3210e5-7af8-4505-8323-9f50bd9f821c&xptdk=5e3210e5-7af8-4505-8323-9f50bd9f821c,Geox Women Shoes Pump D Annytah D White,3,04-08-2023
https://shopee.sg/-COCORO-Japanese-Shoes-Store-COCORO-3102-Lace-up-Sneakers-i.690571420.20238736584?sp_atk=dac2036c-169e-433a-97d3-e4ecf6f19c0c&xptdk=dac2036c-169e-433a-97d3-e4ecf6f19c0c,[COCORO Japanese Shoes Store] COCORO 3102 Lace-up Sneakers,3,04-08-2023
https://shopee.sg/Converse-Run-Star-Hike-Unisex-Sneakers-Black-White-Gum-i.252818873.19668469172?sp_atk=16055f19-6a56-4019-9859-4e5f54b813e4&xptdk=16055f19-6a56-4019-9859-4e5f54b813e4,Converse Run Star Hike Unisex Sneakers - Black/White/Gum,3,04-08-2023
https://shopee.sg/Avenue-Kids-Amara-Sneaker-White-Size-M-(F)-i.183987125.4104321418?sp_atk=b942c67e-d932-48ce-becf-0ca0b5577b73&xptdk=b942c67e-d932-48ce-becf-0ca0b5577b73,Avenue Kids Amara Sneaker White Size M (F),3,04-08-2023
https://shopee.sg/Geox-Men-Shoes-Sneaker-U-Deiven-A-White-i.267920682.5946032884?sp_atk=d753a264-cd0d-422b-857f-b7493ada3926&xptdk=d753a264-cd0d-422b-857f-b7493ada3926,Geox Men Shoes Sneaker U Deiven A White,3,04-08-2023
https://shopee.sg/Melissa-Squad-Sneaker-Ladies-Sneakers-i.127473736.5071063105?sp_atk=71a40b10-00a5-46e8-86e9-7bfba0a77e96&xptdk=71a40b10-00a5-46e8-86e9-7bfba0a77e96,Melissa Squad Sneaker Ladies Sneakers,3,04-08-2023
https://shopee.sg/Sperry-Women's-Crest-Vibe-Mule-Sneaker-White-(STS84169)-i.911396071.17590881250?sp_atk=73a9c251-8c49-4baf-818d-ef33d9980ea5&xptdk=73a9c251-8c49-4baf-818d-ef33d9980ea5,Sperry Women's Crest Vibe Mule Sneaker - White (STS84169),3,04-08-2023
https://shopee.sg/adidas-Lifestyle-adidas-CT86-Shoes-Men-White-GW5721-i.265436651.23622230724?sp_atk=05cd8f99-26b1-4129-817d-c9ae7454f3e2&xptdk=05cd8f99-26b1-4129-817d-c9ae7454f3e2,adidas Lifestyle adidas CT86 Shoes Men White GW5721,3,04-08-2023
https://shopee.sg/Tip-Toey-Joey-Originals-Toddler-Sneakers-Bossy-Whisky-White-(Size-20-25)-Kids-Shoe-i.64363516.20089324908?sp_atk=441fa95c-de0c-4881-894c-b3626ea77f6f&xptdk=441fa95c-de0c-4881-894c-b3626ea77f6f,Tip Toey Joey Originals Toddler Sneakers Bossy-Whisky/White-(Size 20-25)-Kids Shoe,3,04-08-2023
https://shopee.sg/adidas-Lifestyle-adidas-CT86-Shoes-Men-White-GW5722-i.265436651.23622230513?sp_atk=75f6cbac-00a7-4996-8be3-1edfb77fbb8f&xptdk=75f6cbac-00a7-4996-8be3-1edfb77fbb8f,adidas Lifestyle adidas CT86 Shoes Men White GW5722,3,04-08-2023
https://shopee.sg/PUMA-Unisex-RS-Z-Outline-Shoes-i.341363989.21737842966?sp_atk=6f532226-658f-4138-be13-7545e3da0811&xptdk=6f532226-658f-4138-be13-7545e3da0811,PUMA Unisex RS-Z Outline Shoes,3,04-08-2023
https://shopee.sg/Vans-Vintage-Floral-Classic-Slip-On-Sneakers-Women-(Unisex-US-Size)-WHITE-VN0009Q7FS81-i.884975004.23635521762?sp_atk=8666e76c-d839-4a98-90a1-9a09a18723f5&xptdk=8666e76c-d839-4a98-90a1-9a09a18723f5,Vans Vintage Floral Classic Slip-On Sneakers Women (Unisex US Size) WHITE VN0009Q7FS81,3,04-08-2023
https://shopee.sg/Geox-Women-Shoes-Sneaker-D-Nydame-White-i.267920682.4045492030?sp_atk=479f661a-584b-4144-93d1-aeefb934111d&xptdk=479f661a-584b-4144-93d1-aeefb934111d,Geox Women Shoes Sneaker D Nydame White,3,04-08-2023
https://shopee.sg/ALDO-Woollya-Women's-Sneakers-Other-White-i.959254401.20388752916?sp_atk=a291b01e-e124-4d66-951e-4b923d29fff7&xptdk=a291b01e-e124-4d66-951e-4b923d29fff7,ALDO Woollya Women's Sneakers-  Other White,3,04-08-2023
https://shopee.sg/adidas-Stan-Smith-White-Collegiate-Navy-FX5501-Unisex-(LF)-i.280432311.20354936534?sp_atk=f415aedc-2a84-4fc6-8af2-649d7ba1ef73&xptdk=f415aedc-2a84-4fc6-8af2-649d7ba1ef73,adidas Stan Smith White Collegiate Navy FX5501 Unisex (LF),4,04-08-2023
https://shopee.sg/Hush-Puppies-SEVENTY8-Men-Sneakers-In-White-i.37447465.5490072100?sp_atk=1be40773-90af-4874-94aa-f7e8edc3ccf4&xptdk=1be40773-90af-4874-94aa-f7e8edc3ccf4,Hush Puppies SEVENTY8 Men Sneakers In White,4,04-08-2023
https://shopee.sg/Tip-Toey-Joey-Originals-Toddler-Sneakers-Bossy-Laguna-White-(Size-20-25)-Kids-Shoes-i.64363516.23469600961?sp_atk=6938bdb1-9804-4738-aab0-9cbe0d24c0e7&xptdk=6938bdb1-9804-4738-aab0-9cbe0d24c0e7,Tip Toey Joey Originals Toddler Sneakers Bossy-Laguna/White (Size 20-25)-Kids Shoes,4,04-08-2023
https://shopee.sg/ALDO-Woollya-Women's-Sneakers-Other-White-i.959254401.20388752916?sp_atk=a0c3a0ce-9255-4dd7-a928-50ede170f4c0&xptdk=a0c3a0ce-9255-4dd7-a928-50ede170f4c0,ALDO Woollya Women's Sneakers-  Other White,4,04-08-2023
https://shopee.sg/NATIVE-Jefferson-Unisex-Shoe-Jiffy-Black-Shell-White-i.48785701.23814981598?sp_atk=a629a824-674e-4d28-8b9d-6c956e843529&xptdk=a629a824-674e-4d28-8b9d-6c956e843529,NATIVE Jefferson Unisex Shoe - Jiffy Black / Shell White,4,04-08-2023
https://shopee.sg/Sunnystep-Elevate-Walker-in-Vegan-Leather-White-Most-Comfortable-Walking-Shoes-i.235218859.14296417754?sp_atk=7ce1b3d7-58bc-4c0b-9308-aeb7184765da&xptdk=7ce1b3d7-58bc-4c0b-9308-aeb7184765da,Sunnystep - Elevate Walker in Vegan Leather - White - Most Comfortable Walking Shoes,4,04-08-2023
https://shopee.sg/Geox-Junior-Shoes-Boy-Sneaker-J-Waviness-Boy-Red-White-i.267920682.4345987556?sp_atk=e5019c9c-ab4c-4491-a597-ac990d3be44d&xptdk=e5019c9c-ab4c-4491-a597-ac990d3be44d,Geox Junior Shoes Boy Sneaker J Waviness Boy Red/White,4,04-08-2023
https://shopee.sg/adidas-Lifestyle-Grand-Court-Cloudfoam-Comfort-Shoes-Men-White-GW9195-i.265436651.23466168966?sp_atk=52cdacfc-e8aa-4155-b810-f90cd0aefc21&xptdk=52cdacfc-e8aa-4155-b810-f90cd0aefc21,adidas Lifestyle Grand Court Cloudfoam Comfort Shoes Men White GW9195,4,04-08-2023
https://shopee.sg/REEF-Women-Cushion-Sunrise-Slip-On-Sneaker-White-i.48785701.21171811219?sp_atk=e43b625e-f0c6-437f-aba2-ac9f6c378cb4&xptdk=e43b625e-f0c6-437f-aba2-ac9f6c378cb4,REEF Women Cushion Sunrise Slip On Sneaker - White,4,04-08-2023
https://shopee.sg/adidas-Stan-Smith-Womens-G58184-White-Metallic-Gold-(LF)-i.280432311.21868900992?sp_atk=67029cfa-71a8-42fd-b54f-a2254914bcb1&xptdk=67029cfa-71a8-42fd-b54f-a2254914bcb1,adidas Stan Smith Womens G58184 White Metallic Gold (LF),4,04-08-2023
https://shopee.sg/prettyFIT-COLIN-Women's-Leather-Sneakers-Elastic-Shoelace-Lightweight-Ladies-Casual-Shoes-i.243520792.23726679525?sp_atk=8a8bd39e-3d5c-40dd-b2d2-e2ce204a1031&xptdk=8a8bd39e-3d5c-40dd-b2d2-e2ce204a1031,prettyFIT COLIN Women's Leather Sneakers Elastic Shoelace Lightweight Ladies Casual Shoes,4,04-08-2023
https://shopee.sg/Converse-Pro-Blaze-Cup-Removable-Strap-Men's-Sneakers-White-i.252818873.23310650469?sp_atk=06ec6e49-ef7c-4dae-8075-70250292ca1f&xptdk=06ec6e49-ef7c-4dae-8075-70250292ca1f,Converse Pro Blaze Cup Removable Strap Men's Sneakers - White,4,04-08-2023
https://shopee.sg/adidas-Lifestyle-Court-Silk-Shoes-Women-White-IF5388-i.265436651.12998845305?sp_atk=19dd19ae-96ae-4db2-bb0a-a715c52fd585&xptdk=19dd19ae-96ae-4db2-bb0a-a715c52fd585,adidas Lifestyle Court Silk Shoes Women White IF5388,4,04-08-2023
https://shopee.sg/PUMA-Unisex-RS-Z-Outline-Shoes-i.341363989.21737842966?sp_atk=2f05760d-47a8-4e19-b2a9-0f6782813e8d&xptdk=2f05760d-47a8-4e19-b2a9-0f6782813e8d,PUMA Unisex RS-Z Outline Shoes,4,04-08-2023
https://shopee.sg/Converse-CTAS-Floral-Embroidery-Unisex-Sneakers-Black-Cheeky-Coral-White-i.252818873.22367366072?sp_atk=ead6d9e6-7296-4246-9a3a-5689583542da&xptdk=ead6d9e6-7296-4246-9a3a-5689583542da,Converse CTAS Floral Embroidery Unisex Sneakers - Black/Cheeky Coral/White,4,04-08-2023
https://shopee.sg/Vans-Comfycush-Old-Skool-Overt-CC-Women-Sneaker-(Unisex-US-Size)-BLACK-WHITE-VN0A7Q5EBA21-i.884975004.18265483125?sp_atk=13f98e15-02cc-4cd0-bb20-f77c87eae05d&xptdk=13f98e15-02cc-4cd0-bb20-f77c87eae05d,Vans Comfycush Old Skool Overt CC Women Sneaker (Unisex US Size) BLACK/WHITE VN0A7Q5EBA21,4,04-08-2023
https://shopee.sg/Superga-2790-Flatform-White-i.172406425.6230424776?sp_atk=4893cee0-2cd0-4c26-885f-a6e9c16b2b72&xptdk=4893cee0-2cd0-4c26-885f-a6e9c16b2b72,Superga 2790 Flatform White,4,04-08-2023
https://shopee.sg/Geox-Women-Shoes-Sneaker-D-Carum-White-i.267920682.7045488217?sp_atk=e567679c-e3a3-4cb6-9f18-f1c1360446bf&xptdk=e567679c-e3a3-4cb6-9f18-f1c1360446bf,Geox Women Shoes Sneaker D Carum White,4,04-08-2023
https://shopee.sg/Melissa-Wild-flexible-Ladies-Sneakers-i.127473736.22432594316?sp_atk=8f73474d-4eb0-4da5-a7ec-8d63c72534bf&xptdk=8f73474d-4eb0-4da5-a7ec-8d63c72534bf,Melissa Wild flexible Ladies Sneakers,4,04-08-2023
https://shopee.sg/Clarks-Kayleigh-Aster-White-Leather-Womens-Casual-i.119320434.23725810845?sp_atk=2ded4a12-0215-4b46-9fc2-62780efafb55&xptdk=2ded4a12-0215-4b46-9fc2-62780efafb55,Clarks Kayleigh Aster White Leather Womens Casual,4,04-08-2023
https://shopee.sg/adidas-Lifestyle-Advantage-Shoes-Women-White-IF5406-i.265436651.20388579628?sp_atk=d8d416ba-a909-4dba-adfe-18ea9f197f3f&xptdk=d8d416ba-a909-4dba-adfe-18ea9f197f3f,adidas Lifestyle Advantage Shoes Women White IF5406,4,04-08-2023
https://shopee.sg/FILA-FUSION-Women's-50-50-FUSION-Sneakers-i.122238789.23474363818?sp_atk=15504ef3-f2b9-4b32-95d4-2c04f4d19c90&xptdk=15504ef3-f2b9-4b32-95d4-2c04f4d19c90,FILA FUSION Women's 50-50 FUSION Sneakers,4,04-08-2023
https://shopee.sg/ALDO-Saredon-Men-Low-Top-Sneaker-Other-White-i.959254401.23670001979?sp_atk=d8f511cd-32dc-43ce-9147-801dabd97e12&xptdk=d8f511cd-32dc-43ce-9147-801dabd97e12,ALDO Saredon Men Low Top Sneaker - Other White,4,04-08-2023
https://shopee.sg/BATA-Kids-B.First-Lace-Up-School-Shoes-581X322-i.324728427.20735314214?sp_atk=ccdee916-c08d-42d0-a0f4-e78e7021f0f8&xptdk=ccdee916-c08d-42d0-a0f4-e78e7021f0f8,BATA Kids B.First Lace Up School Shoes 581X322,4,04-08-2023
https://shopee.sg/adidas-Lifestyle-adidas-CT86-Shoes-Men-White-GW5721-i.265436651.23622230724?sp_atk=f17ac15f-f501-4823-94bd-fe211d08bcad&xptdk=f17ac15f-f501-4823-94bd-fe211d08bcad,adidas Lifestyle adidas CT86 Shoes Men White GW5721,4,04-08-2023
https://shopee.sg/-NEW-PUMA-Suede-Classic-XXI-Men's-Sneakers-(Green)-i.341363989.18781738191?sp_atk=4dff21b7-e505-43f1-813e-13e661936b21&xptdk=4dff21b7-e505-43f1-813e-13e661936b21,[NEW] PUMA Suede Classic XXI Men's Sneakers (Green),4,04-08-2023
https://shopee.sg/adidas-Lifestyle-Advantage-Shoes-Men-White-ID9644-i.265436651.23545588483?sp_atk=06f4a9a2-1393-4c3e-84c7-abcd2f4ca10e&xptdk=06f4a9a2-1393-4c3e-84c7-abcd2f4ca10e,adidas Lifestyle Advantage Shoes Men White ID9644,4,04-08-2023
https://shopee.sg/Sperry-Women's-Crest-Vibe-Linen-Sneakers-Oat-Beige-(STS98644)-Cream-Off-White-Casual-Athleisure-i.911396071.20166636883?sp_atk=499ac80b-ecfe-4d4d-9980-9ca1e75fd566&xptdk=499ac80b-ecfe-4d4d-9980-9ca1e75fd566,Sperry Women's Crest Vibe Linen Sneakers - Oat Beige (STS98644) Cream Off-White | Casual Athleisure,4,04-08-2023
https://shopee.sg/PUMA-x-AMI-Suede-Mayu-Deconstruct-Women's-Sneakers-(White)-i.341363989.18688428577?sp_atk=c07eddc2-15ac-44af-ad1c-0ebb5494de3a&xptdk=c07eddc2-15ac-44af-ad1c-0ebb5494de3a,PUMA x AMI Suede Mayu Deconstruct Women's Sneakers (White),4,04-08-2023
https://shopee.sg/-NEW-PUMA-TRC-Mira-Inland-Women's-Sneakers-(White)-i.341363989.17898088809?sp_atk=e0698a5a-c8a7-4795-a958-ed62ec712c81&xptdk=e0698a5a-c8a7-4795-a958-ed62ec712c81,[NEW] PUMA TRC Mira Inland Women's Sneakers (White),4,04-08-2023
https://shopee.sg/adidas-Lifestyle-Treziod-2.0-Shoes-Men-White-GY0052-i.265436651.19173137518?sp_atk=9bad9958-63fa-4292-acff-ac6d57866445&xptdk=9bad9958-63fa-4292-acff-ac6d57866445,adidas Lifestyle Treziod 2.0 Shoes Men White GY0052,4,04-08-2023
https://shopee.sg/PUMA-Mayze-UT-Metallic-Sneakers-Women-(White)-i.341363989.22134753306?sp_atk=6b15f383-df73-4753-a051-536688da8b7d&xptdk=6b15f383-df73-4753-a051-536688da8b7d,PUMA Mayze UT Metallic Sneakers Women (White),4,04-08-2023
https://shopee.sg/Vans-Ultrarange-VR3-Sneakers-Women-(Unisex-US-Size)-WHITE-VN0A4BXBW001-i.884975004.21565905237?sp_atk=e5af6c7f-b8e6-43b3-a511-523dc825ed8f&xptdk=e5af6c7f-b8e6-43b3-a511-523dc825ed8f,Vans Ultrarange VR3 Sneakers Women (Unisex US Size) WHITE VN0A4BXBW001,4,04-08-2023
https://shopee.sg/adidas-Lifestyle-adidas-CT86-Shoes-Men-White-GW5722-i.265436651.23622230513?sp_atk=9cadfe9a-7b01-43f7-90d5-1a8d9309156b&xptdk=9cadfe9a-7b01-43f7-90d5-1a8d9309156b,adidas Lifestyle adidas CT86 Shoes Men White GW5722,4,04-08-2023
https://shopee.sg/Tip-Toey-Joey-Originals-Toddler-Sneakers-Easy-Black-Knit-White-(Size-20-25)-i.64363516.19189739151?sp_atk=58e85311-af2d-4c52-b8e7-ec2b12948b86&xptdk=58e85311-af2d-4c52-b8e7-ec2b12948b86,Tip Toey Joey Originals Toddler Sneakers Easy-Black Knit/White (Size 20-25),4,04-08-2023
https://shopee.sg/FitFlop-VITAMIN-FFX-Women's-Knit-Sports-Sneakers-White-Mix-(GB7-646)-i.524040819.19970546092?sp_atk=8da001ef-3cee-4595-b934-35926c0ca307&xptdk=8da001ef-3cee-4595-b934-35926c0ca307,FitFlop VITAMIN FFX Women's Knit Sports Sneakers - White Mix (GB7-646),4,04-08-2023
https://shopee.sg/adidas-Lifestyle-NMD_R1-Shoes-Men-White-HQ4463-i.265436651.15798738654?sp_atk=b75c4dfe-38ba-45bf-86a0-5bb63fa952ba&xptdk=b75c4dfe-38ba-45bf-86a0-5bb63fa952ba,adidas Lifestyle NMD_R1 Shoes Men White HQ4463,4,04-08-2023
https://shopee.sg/Converse-Run-Star-Hike-Unisex-Adult'S-Sneaker-White-i.252818873.19568469058?sp_atk=eb65a7f9-4970-47ba-8e25-1eb20fd4d0b7&xptdk=eb65a7f9-4970-47ba-8e25-1eb20fd4d0b7,Converse Run Star Hike Unisex Adult'S Sneaker - White,4,04-08-2023
https://shopee.sg/Tip-Toey-Joey-Originals-Toddler-Sneakers-Bossy-Whisky-White-(Size-20-25)-Kids-Shoe-i.64363516.20089324908?sp_atk=b269b9f3-ebe1-477b-90ea-cafe10f5a5dc&xptdk=b269b9f3-ebe1-477b-90ea-cafe10f5a5dc,Tip Toey Joey Originals Toddler Sneakers Bossy-Whisky/White-(Size 20-25)-Kids Shoe,4,04-08-2023
https://shopee.sg/Converse-Ctas-Lift-Women's-Sneakers-Black-White-i.252818873.22638172581?sp_atk=339de127-cfe8-4f3f-b6fe-54c110cea339&xptdk=339de127-cfe8-4f3f-b6fe-54c110cea339,Converse Ctas Lift Women's Sneakers - Black/White,4,04-08-2023
https://shopee.sg/Vans-Vintage-Floral-Old-Skool-Sneakers-Women-(Unisex-US-Size)-WHITE-VN0007NTFS81-i.884975004.22035488217?sp_atk=afdae568-ae6c-4349-9bfb-b61477726408&xptdk=afdae568-ae6c-4349-9bfb-b61477726408,Vans Vintage Floral Old Skool Sneakers Women (Unisex US Size) WHITE VN0007NTFS81,4,04-08-2023
https://shopee.sg/adidas-Lifestyle-Courtic-Shoes-Men-White-GX6318-i.265436651.18348035543?sp_atk=b7529daa-636a-41c4-9651-e0a39f6384f9&xptdk=b7529daa-636a-41c4-9651-e0a39f6384f9,adidas Lifestyle Courtic Shoes Men White GX6318,4,04-08-2023
https://shopee.sg/PUMA-Slipstream-UT-Soft-Sneakers-Women-(White)-i.341363989.20777039424?sp_atk=c18180f5-493b-4f6d-aebc-c28a5126958f&xptdk=c18180f5-493b-4f6d-aebc-c28a5126958f,PUMA Slipstream UT Soft Sneakers Women (White),4,04-08-2023
https://shopee.sg/adidas-Lifestyle-Stan-Smith-Shoes-Unisex-White-FX5500-i.265436651.3664922079?sp_atk=3922352e-6353-483a-955c-cbc38439ccf6&xptdk=3922352e-6353-483a-955c-cbc38439ccf6,adidas Lifestyle Stan Smith Shoes Unisex White FX5500,4,04-08-2023
https://shopee.sg/Avenue-Kids-All-Star-Sneaker-White-i.183987125.3738311509?sp_atk=6245b2c5-2378-4632-a77d-40e21bb45a66&xptdk=6245b2c5-2378-4632-a77d-40e21bb45a66,Avenue Kids All Star Sneaker White,4,04-08-2023
https://shopee.sg/Vans-Style-36-Sneakers-Women-(Unisex-US-Size)-White-VN0A3DZ3OXS1-i.884975004.14395391776?sp_atk=8759d435-6ead-49f6-9e08-4d0860914cef&xptdk=8759d435-6ead-49f6-9e08-4d0860914cef,Vans Style 36 Sneakers Women (Unisex US Size) White VN0A3DZ3OXS1,4,04-08-2023
https://shopee.sg/PUMA-Unisex-Smash-Cat-Perf-Sneakers-(White)-i.341363989.22427898901?sp_atk=b75c06f8-e280-46a3-8038-fcfb1b2197be&xptdk=b75c06f8-e280-46a3-8038-fcfb1b2197be,PUMA Unisex Smash Cat Perf Sneakers (White),4,04-08-2023
https://shopee.sg/adidas-Lifestyle-Advantage-Shoes-Men-White-GZ5299-i.265436651.11815246966?sp_atk=1911a2e1-9d48-4590-85bf-ed14126ace1b&xptdk=1911a2e1-9d48-4590-85bf-ed14126ace1b,adidas Lifestyle Advantage Shoes Men White GZ5299,4,04-08-2023
https://shopee.sg/PUMA-Unisex-Slipstream-Hi-Heritage-Sneakers-(White)-i.341363989.21371786850?sp_atk=c5096b45-bf72-4daa-8c7f-4b02a12d63f1&xptdk=c5096b45-bf72-4daa-8c7f-4b02a12d63f1,PUMA Unisex Slipstream Hi Heritage Sneakers (White),4,04-08-2023
https://shopee.sg/Moda-Paolo-Unisex-School-Shoes-in-2-Colours-(33)-i.82022023.1759268614?sp_atk=535ab386-ec07-494d-b747-577990117553&xptdk=535ab386-ec07-494d-b747-577990117553,Moda Paolo Unisex School Shoes in 2 Colours (33),4,04-08-2023
https://shopee.sg/Everbest-Men's-Shoes-SD7005-White-Sneaker-for-Men-i.273529824.20343670870?sp_atk=d479df55-bcd1-4918-9886-543a7c18245a&xptdk=d479df55-bcd1-4918-9886-543a7c18245a,Everbest Men's Shoes - SD7005  White Sneaker for Men,4,04-08-2023
https://shopee.sg/Superga-2630-Stripe-White-i.172406425.12773069944?sp_atk=56049231-738d-41fa-b376-89026dedca2f&xptdk=56049231-738d-41fa-b376-89026dedca2f,Superga 2630 Stripe White,4,04-08-2023
https://shopee.sg/BATA-Kids-B.First-School-Shoes-381X188-i.324728427.14180113008?sp_atk=eb2caf51-b705-4398-b3d7-dc898f776daf&xptdk=eb2caf51-b705-4398-b3d7-dc898f776daf,BATA Kids B.First School Shoes 381X188,4,04-08-2023
https://shopee.sg/adidas-Lifestyle-Stan-Smith-Parley-Shoes-Men-White-HP2205-i.265436651.22541212046?sp_atk=e391c1bb-5218-4f13-bbf0-5786d70ba122&xptdk=e391c1bb-5218-4f13-bbf0-5786d70ba122,adidas Lifestyle Stan Smith Parley Shoes Men White HP2205,4,04-08-2023
https://shopee.sg/adidas-Stan-Smith-W-FZ6370-Womens-White-Scarlet-Gold-(LF)-i.280432311.19368444593?sp_atk=6b31eb33-e444-410d-b5fb-2df503268e3d&xptdk=6b31eb33-e444-410d-b5fb-2df503268e3d,adidas Stan Smith W FZ6370 Womens White Scarlet Gold (LF),4,04-08-2023
https://shopee.sg/ECCO-ATH-1FW-WOMEN'S-SHOES-i.456133957.17183648371?sp_atk=c9a1e3da-17f2-48f4-9323-95e695dcf9be&xptdk=c9a1e3da-17f2-48f4-9323-95e695dcf9be,ECCO ATH-1FW WOMEN'S SHOES,4,04-08-2023
https://shopee.sg/Sperry-Women's-SeaCycled™-Crest-Vibe-Beaded-Sneaker-White-(STS88472)-i.911396071.17394226829?sp_atk=3848653a-26de-46d6-8529-c4a68a606a51&xptdk=3848653a-26de-46d6-8529-c4a68a606a51,Sperry Women's SeaCycled™ Crest Vibe Beaded Sneaker - White (STS88472),4,04-08-2023
https://shopee.sg/PUMA-RS-X-Efekt-Reflective-Men's-Sneakers-(White)-i.341363989.10399226528?sp_atk=6fb506c1-8a83-4975-a8d1-a423deaade30&xptdk=6fb506c1-8a83-4975-a8d1-a423deaade30,PUMA RS-X Efekt Reflective Men's Sneakers (White),4,04-08-2023
https://shopee.sg/PUMA-Slipstream-Always-On-Men-Sneakers-(White)-i.341363989.18577180100?sp_atk=49c50258-969d-474b-beed-79187480ad02&xptdk=49c50258-969d-474b-beed-79187480ad02,PUMA Slipstream Always On Men Sneakers (White),4,04-08-2023
https://shopee.sg/NATIVE-Jefferson-Unisex-Shoe-Jiffy-Black-Shell-White-i.330344897.10739394559?sp_atk=1b616f26-ab6c-42a4-baa5-cfe00778b58d&xptdk=1b616f26-ab6c-42a4-baa5-cfe00778b58d,NATIVE Jefferson Unisex Shoe - Jiffy Black / Shell White,4,04-08-2023
https://shopee.sg/Vans-Style-36-Sneakers-Women-(Unisex-US-Size)-White-VN0A3DZ3OXS1-i.884975004.14395391776?sp_atk=e5f8004c-354f-4fe0-ab52-b2db4d822f21&xptdk=e5f8004c-354f-4fe0-ab52-b2db4d822f21,Vans Style 36 Sneakers Women (Unisex US Size) White VN0A3DZ3OXS1,5,04-08-2023
https://shopee.sg/FitFlop-VITAMIN-FFX-Women's-Knit-Sports-Sneakers-White-Mix-(GB7-646)-i.524040819.19970546092?sp_atk=8cc1a947-04df-479a-8592-7c00440971cf&xptdk=8cc1a947-04df-479a-8592-7c00440971cf,FitFlop VITAMIN FFX Women's Knit Sports Sneakers - White Mix (GB7-646),5,04-08-2023
https://shopee.sg/Tip-Toey-Joey-Originals-Toddler-Sneakers-Bossy-Whisky-White-(Size-20-25)-Kids-Shoe-i.64363516.20089324908?sp_atk=04cc2915-aa09-4986-a2d1-4625976cf0ce&xptdk=04cc2915-aa09-4986-a2d1-4625976cf0ce,Tip Toey Joey Originals Toddler Sneakers Bossy-Whisky/White-(Size 20-25)-Kids Shoe,5,04-08-2023
https://shopee.sg/Vans-Vintage-Floral-Old-Skool-Sneakers-Women-(Unisex-US-Size)-WHITE-VN0007NTFS81-i.884975004.22035488217?sp_atk=3438d738-86ac-4b60-bf64-a4340dcfcc23&xptdk=3438d738-86ac-4b60-bf64-a4340dcfcc23,Vans Vintage Floral Old Skool Sneakers Women (Unisex US Size) WHITE VN0007NTFS81,5,04-08-2023
https://shopee.sg/Moda-Paolo-Unisex-School-Shoes-in-2-Colours-(33)-i.82022023.1759268614?sp_atk=38989a73-cb83-4945-ad91-add9e178a835&xptdk=38989a73-cb83-4945-ad91-add9e178a835,Moda Paolo Unisex School Shoes in 2 Colours (33),5,04-08-2023
https://shopee.sg/PUMA-Slipstream-Premium-Men's-Sneakers-(White)-i.341363989.20687897507?sp_atk=97f3df4e-b7c1-4ceb-a788-91000e75e49a&xptdk=97f3df4e-b7c1-4ceb-a788-91000e75e49a,PUMA Slipstream Premium Men's Sneakers (White),5,04-08-2023
https://shopee.sg/Superga-2630-Stripe-White-i.172406425.12773069944?sp_atk=e3fe723c-50e0-4a5d-a9e9-df346cd93bb4&xptdk=e3fe723c-50e0-4a5d-a9e9-df346cd93bb4,Superga 2630 Stripe White,5,04-08-2023
https://shopee.sg/PUMA-Slipstream-UT-Soft-Sneakers-Women-(White)-i.341363989.20777039424?sp_atk=cd8a04ad-29b5-4909-a203-c056dedbfef6&xptdk=cd8a04ad-29b5-4909-a203-c056dedbfef6,PUMA Slipstream UT Soft Sneakers Women (White),5,04-08-2023
https://shopee.sg/Avenue-Kids-Amara-Sneaker-White-Size-M-(F)-i.183987125.4104321418?sp_atk=ae25fe60-e45b-482f-b9da-04a401e73857&xptdk=ae25fe60-e45b-482f-b9da-04a401e73857,Avenue Kids Amara Sneaker White Size M (F),5,04-08-2023
https://shopee.sg/PUMA-Unisex-Slipstream-Leather-Sneakers-i.341363989.20168758926?sp_atk=a0d19258-f569-4ec6-8255-59f76a4cf300&xptdk=a0d19258-f569-4ec6-8255-59f76a4cf300,PUMA Unisex Slipstream Leather Sneakers,5,04-08-2023
https://shopee.sg/adidas-Stan-Smith-W-FZ6370-Womens-White-Scarlet-Gold-(LF)-i.280432311.19368444593?sp_atk=ae2905bf-8bee-43ea-bd1b-07efd668385d&xptdk=ae2905bf-8bee-43ea-bd1b-07efd668385d,adidas Stan Smith W FZ6370 Womens White Scarlet Gold (LF),5,04-08-2023
https://shopee.sg/Sperry-Women's-SeaCycled™-Crest-Vibe-Beaded-Sneaker-White-(STS88472)-i.911396071.17394226829?sp_atk=0dfb95a3-ca0b-4198-843e-1d6a7a8d9757&xptdk=0dfb95a3-ca0b-4198-843e-1d6a7a8d9757,Sperry Women's SeaCycled™ Crest Vibe Beaded Sneaker - White (STS88472),5,04-08-2023
https://shopee.sg/ECCO-ATH-1FW-WOMEN'S-SHOES-i.456133957.17183648371?sp_atk=8c6306c3-c7c8-4c97-92b0-ae1e462d27b3&xptdk=8c6306c3-c7c8-4c97-92b0-ae1e462d27b3,ECCO ATH-1FW WOMEN'S SHOES,5,04-08-2023
https://shopee.sg/Converse-Run-Star-Legacy-CX-Platform-Tortoise-Unisex-Sneakers-Black-White-Gum-i.252818873.19691280046?sp_atk=8e59ad85-59c9-47aa-8e09-134edffa0917&xptdk=8e59ad85-59c9-47aa-8e09-134edffa0917,Converse Run Star Legacy CX Platform Tortoise Unisex Sneakers - Black/White/Gum,5,04-08-2023
https://shopee.sg/Superga-Junior-2750-White-i.172406425.11374494422?sp_atk=7faaddc4-bc3d-4261-bb91-9feec17a08b5&xptdk=7faaddc4-bc3d-4261-bb91-9feec17a08b5,Superga Junior 2750 White,5,04-08-2023
https://shopee.sg/Avenue-Kids-All-Star-Sneaker-White-i.183987125.3738311509?sp_atk=82088863-8ad1-4e27-9379-606f98c94e0c&xptdk=82088863-8ad1-4e27-9379-606f98c94e0c,Avenue Kids All Star Sneaker White,5,04-08-2023
https://shopee.sg/Skechers-Online-Exclusive-Women-Foamies-GOwalk-5-Astonished-Walking-Shoes-111103-BKW-Sneakers-Sport-i.84710867.23923931411?sp_atk=98afeb63-2f0c-4d73-97fa-f8807260a2dd&xptdk=98afeb63-2f0c-4d73-97fa-f8807260a2dd,"Skechers Online Exclusive Women Foamies GOwalk 5 Astonished Walking Shoes - 111103-BKW - Sneakers, Sport",5,04-08-2023
https://shopee.sg/Clarks-Un-Perri-Vibe-White-Leather-Womens-Shoes-i.119320434.9155078026?sp_atk=0f4106aa-3134-4dc8-98e9-715fc8a53cb6&xptdk=0f4106aa-3134-4dc8-98e9-715fc8a53cb6,Clarks Un Perri Vibe White Leather Womens Shoes,5,04-08-2023
https://shopee.sg/Sperry-Women's-Breaker-Plushstep-LTT-Leather-Sneakers-White-Cream-(STS87270)-i.911396071.18379729362?sp_atk=99e9f38c-e0e1-4543-a32d-0265dc62aaa3&xptdk=99e9f38c-e0e1-4543-a32d-0265dc62aaa3,Sperry Women's Breaker Plushstep LTT Leather Sneakers - White Cream (STS87270),5,04-08-2023
https://shopee.sg/Geox-Women-Shoes-Sneaker-D-Jaysen-Coral-White-i.267920682.7245477281?sp_atk=c28d28c5-b39e-454b-81ed-bd339fa01bba&xptdk=c28d28c5-b39e-454b-81ed-bd339fa01bba,Geox Women Shoes Sneaker D Jaysen Coral/White,5,04-08-2023
https://shopee.sg/Converse-CTAS-Lift-Platform-Gem-Shine-Women's-Sneakers-Egret-Light-Gold-Vapor-Violet-i.252818873.20589980215?sp_atk=f23799d1-aa74-4878-b5ba-4c4d5728caf0&xptdk=f23799d1-aa74-4878-b5ba-4c4d5728caf0,Converse CTAS Lift Platform Gem Shine Women's Sneakers - Egret/Light Gold/Vapor Violet,5,04-08-2023
https://shopee.sg/Converse-Run-Star-Legacy-Cx-Women's-Sneakers-Black-Egret-White-i.252818873.23310646499?sp_atk=a96011ea-7c9b-4d1f-b5b9-4263d750931a&xptdk=a96011ea-7c9b-4d1f-b5b9-4263d750931a,Converse Run Star Legacy Cx Women's Sneakers - Black/Egret/White,5,04-08-2023
https://shopee.sg/Moda-Paolo-Unisex-Canvas-Shoes-in-2-Colours-(98)-i.82022023.2871790180?sp_atk=3b6b2cd0-5585-498c-9c8b-eeb2c8f8da29&xptdk=3b6b2cd0-5585-498c-9c8b-eeb2c8f8da29,Moda Paolo Unisex Canvas Shoes in 2 Colours (98),5,04-08-2023
https://shopee.sg/Moda-Paolo-Unisex-School-Shoes-in-2-Colours-(174)-i.82022023.1759268494?sp_atk=789482b4-55e2-4cba-b95a-247773d94150&xptdk=789482b4-55e2-4cba-b95a-247773d94150,Moda Paolo Unisex School Shoes in 2 Colours (174),5,04-08-2023
https://shopee.sg/prettyFIT-DENISE-Women's-Leather-Sneakers-Ladies-Basic-Casual-Elastic-Shoelace-Shoes-i.243520792.8339390080?sp_atk=e953a60b-32a5-447d-9e2e-13e328a4caf4&xptdk=e953a60b-32a5-447d-9e2e-13e328a4caf4,prettyFIT DENISE Women's Leather Sneakers Ladies Basic Casual Elastic Shoelace Shoes,5,04-08-2023
https://shopee.sg/Sperry-Women's-Crest-Vibe-Canvas-Sneaker-White-(STS81903)-i.911396071.23608975622?sp_atk=d8c6a9a4-5147-4fcd-bdb5-799cfc677a1c&xptdk=d8c6a9a4-5147-4fcd-bdb5-799cfc677a1c,Sperry Women's Crest Vibe Canvas Sneaker - White (STS81903),5,04-08-2023
https://shopee.sg/Vans-Ultrarange-VR3-Sneakers-Men-(Unisex-US-Size)-WHITE-VN0A4BXBW001-i.884975004.19665764434?sp_atk=1d1b1ebe-1c44-4887-bf31-88fc1065b671&xptdk=1d1b1ebe-1c44-4887-bf31-88fc1065b671,Vans Ultrarange VR3 Sneakers Men (Unisex US Size) WHITE VN0A4BXBW001,5,04-08-2023
https://shopee.sg/adidas-Lifestyle-Nizza-Shoes-Unisex-White-CQ2333-i.265436651.4643514150?sp_atk=5a7567ce-66e8-480d-af55-8e9d72ac646e&xptdk=5a7567ce-66e8-480d-af55-8e9d72ac646e,adidas Lifestyle Nizza Shoes Unisex White CQ2333,5,04-08-2023
https://shopee.sg/Aetrex-Carly-Lace-Up-Women-sneakers-White-i.292384578.6068444302?sp_atk=d3c4e676-3546-47ba-bae9-494701c8e07c&xptdk=d3c4e676-3546-47ba-bae9-494701c8e07c,Aetrex Carly Lace Up Women sneakers- White,5,04-08-2023
https://shopee.sg/Moda-Paolo-Unisex-School-Shoes-in-White-(1474T)-i.82022023.14808854108?sp_atk=fd50027b-2bc1-4337-8934-d8410e140bf5&xptdk=fd50027b-2bc1-4337-8934-d8410e140bf5,Moda Paolo Unisex School Shoes in White (1474T),5,04-08-2023
https://shopee.sg/Northstar-Men-Sneakers-820X023-i.324728427.22823843175?sp_atk=76abf8ab-d4c9-461c-a423-c6bd216dfb9e&xptdk=76abf8ab-d4c9-461c-a423-c6bd216dfb9e,Northstar Men Sneakers 820X023,5,04-08-2023
https://shopee.sg/ALDO-Hopstep-Women-Low-Top-Sneaker-Other-White-i.959254401.20680511033?sp_atk=283afdc9-9357-415b-a46a-8855f71a09aa&xptdk=283afdc9-9357-415b-a46a-8855f71a09aa,ALDO Hopstep Women Low Top Sneaker - Other White,5,04-08-2023
https://shopee.sg/Superga-x-Emily-Ratajkowski-2750-White-Off-White-i.172406425.18174138251?sp_atk=b29c3a93-c77e-4074-8fd8-a275ac895c8c&xptdk=b29c3a93-c77e-4074-8fd8-a275ac895c8c,Superga x Emily Ratajkowski 2750 White Off White,5,04-08-2023
https://shopee.sg/adidas-FORUM-LUXE-LOW-WOMEN-GY5711-i.280432311.13175967585?sp_atk=6f55c1f9-2d46-4f89-8ce1-c1db5acabb88&xptdk=6f55c1f9-2d46-4f89-8ce1-c1db5acabb88,adidas FORUM LUXE LOW WOMEN GY5711,5,04-08-2023
https://shopee.sg/Geox-Women-Shoes-Sneaker-D-Hiver-White-Off-White-i.267920682.7741575996?sp_atk=3306a3a3-80fa-42c7-9478-d25fdc65afdb&xptdk=3306a3a3-80fa-42c7-9478-d25fdc65afdb,Geox Women Shoes Sneaker D Hiver White/Off White,5,04-08-2023
https://shopee.sg/Geox-Women-Shoes-Sneaker-D-Noovae-A-White-i.267920682.6453069375?sp_atk=064a8885-2099-4f81-984a-81d05e4a1af1&xptdk=064a8885-2099-4f81-984a-81d05e4a1af1,Geox Women Shoes Sneaker D Noovae A White,5,04-08-2023
https://shopee.sg/Superga-2696-Stripe-White-i.172406425.20117477518?sp_atk=530c72f9-cb58-46c5-9151-dbe0e3fb8279&xptdk=530c72f9-cb58-46c5-9151-dbe0e3fb8279,Superga 2696 Stripe White,5,04-08-2023
https://shopee.sg/Geox-Men-Shoes-Sneaker-U-Levita-A-White-i.267920682.5653132024?sp_atk=e690bf3e-fad7-4689-98c4-9c51a0953ff0&xptdk=e690bf3e-fad7-4689-98c4-9c51a0953ff0,Geox Men Shoes Sneaker U Levita A White,5,04-08-2023
https://shopee.sg/adidas-HYPERSLEEK-W-EE7037-Black-White-i.280432311.17557306721?sp_atk=b29a60c7-bb33-4286-981a-4611118fa5be&xptdk=b29a60c7-bb33-4286-981a-4611118fa5be,adidas HYPERSLEEK W EE7037 Black / White,5,04-08-2023
https://shopee.sg/NATIVE-Jefferson-Unisex-Shoe-Victoria-Blue-Shell-White-i.330344897.11339395546?sp_atk=fe7b6501-dcbf-49ba-9408-7df92ae6459b&xptdk=fe7b6501-dcbf-49ba-9408-7df92ae6459b,NATIVE Jefferson Unisex Shoe - Victoria Blue / Shell White,5,04-08-2023
https://shopee.sg/DR.KONG-HEALTH-SCHOOL-SHOES-(WHITE)-DK-C1000422E3-WHT-i.276299695.6840044475?sp_atk=efdfe578-a459-4572-937e-be4a3574f206&xptdk=efdfe578-a459-4572-937e-be4a3574f206,DR.KONG HEALTH SCHOOL SHOES (WHITE) DK-C1000422E3-WHT,5,04-08-2023
https://shopee.sg/Moda-Paolo-Unisex-School-Shoes-in-White-(615)-i.82022023.14605531351?sp_atk=ed936b91-7987-4c0a-b584-476a0f22cd83&xptdk=ed936b91-7987-4c0a-b584-476a0f22cd83,Moda Paolo Unisex School Shoes in White (615),5,04-08-2023
https://shopee.sg/WOMEN-COMFORT-CASUAL-SHOES-DK-W5001329-WHT-i.276299695.4940249367?sp_atk=8d1fb196-5121-42f9-b933-0915e63478f8&xptdk=8d1fb196-5121-42f9-b933-0915e63478f8,WOMEN COMFORT CASUAL SHOES DK-W5001329-WHT,5,04-08-2023
https://shopee.sg/Moda-Paolo-Unisex-School-Shoes-in-White-(1455T)-i.82022023.12854283779?sp_atk=6e4d82da-eed5-4535-9bb9-e70dc9abd6a6&xptdk=6e4d82da-eed5-4535-9bb9-e70dc9abd6a6,Moda Paolo Unisex School Shoes in White (1455T),5,04-08-2023
https://shopee.sg/Walking-Tall-Premium-Casual-Shoes-Height-Increase-Shoes-(7-cm)-with-Rubber-OutSole-Mens-White-Shoes-B127B011D-i.228978173.2972958358?sp_atk=9aa07907-04ae-4910-acdb-c8fc77eac2c1&xptdk=9aa07907-04ae-4910-acdb-c8fc77eac2c1,Walking Tall Premium Casual Shoes  Height Increase Shoes (7 cm) with Rubber OutSole - Mens White Shoes B127B011D,5,04-08-2023
https://shopee.sg/MBT-1997-Classic-Women's-Active-Shoes-in-Black-White-i.114877948.11192606536?sp_atk=edc7bd7b-2db5-4476-aeaa-1df7a83aa685&xptdk=edc7bd7b-2db5-4476-aeaa-1df7a83aa685,MBT 1997 Classic Women's Active Shoes in Black/White,5,04-08-2023
https://shopee.sg/Moda-Paolo-Unisex-School-Shoes-in-2-Colours-(2618)-i.82022023.20642811373?sp_atk=59c1fd12-f693-43b1-9db5-6ff76b148392&xptdk=59c1fd12-f693-43b1-9db5-6ff76b148392,Moda Paolo Unisex School Shoes in 2 Colours (2618),5,04-08-2023
https://shopee.sg/Geox-Women-Shoes-Sneaker-D-Giyo-White-i.267920682.6245495497?sp_atk=006febf4-5ccc-4ced-8126-ed4d62c4c2c6&xptdk=006febf4-5ccc-4ced-8126-ed4d62c4c2c6,Geox Women Shoes Sneaker D Giyo White,5,04-08-2023
https://shopee.sg/prettyFIT-DOREEN-Women's-Leather-Lightweight-Platform-Sneakers-Ladies-Low-top-Casual-Shoes-i.243520792.21476537589?sp_atk=3053190b-8fa0-44a7-80e5-65a683cf7cbd&xptdk=3053190b-8fa0-44a7-80e5-65a683cf7cbd,prettyFIT DOREEN Women's Leather Lightweight Platform Sneakers Ladies Low-top Casual Shoes,5,04-08-2023
https://shopee.sg/Vans-Kids-Garden-Party-Classic-Slip-On-Sneakers-kids-(US-Size)-WHITE-VN0A5KXMW001-i.884975004.22017959633?sp_atk=d9acda16-9eeb-44ec-8880-02819515bd65&xptdk=d9acda16-9eeb-44ec-8880-02819515bd65,Vans Kids Garden Party Classic Slip-On Sneakers kids (US Size) WHITE VN0A5KXMW001,5,04-08-2023
https://shopee.sg/prettyFIT-CYRA-Lightweight-Leather-Sneakers-Elastic-Shoelace-Casual-Shoes-i.243520792.16793681296?sp_atk=828909f0-27e1-4831-9fe4-2d354a80d60d&xptdk=828909f0-27e1-4831-9fe4-2d354a80d60d,prettyFIT CYRA Lightweight Leather Sneakers Elastic Shoelace Casual Shoes,5,04-08-2023
https://shopee.sg/PUMA-Unisex-Smash-Cat-Perf-Sneaker's-(White)-i.341363989.23028201252?sp_atk=2589b6aa-e9fc-4520-bf11-a79a92d37cea&xptdk=2589b6aa-e9fc-4520-bf11-a79a92d37cea,PUMA Unisex Smash Cat Perf Sneaker's (White),5,04-08-2023
https://shopee.sg/NATIVE-Jefferson-Unisex-Shoe-Shell-White-Shell-White-i.330344897.11239394727?sp_atk=93dd849c-e7b9-40cd-aa18-f83982a99a14&xptdk=93dd849c-e7b9-40cd-aa18-f83982a99a14,NATIVE Jefferson Unisex Shoe - Shell White / Shell White,5,04-08-2023
https://shopee.sg/adidas-Lifestyle-Stan-Smith-Shoes-Men-White-GY5695-i.265436651.16011015868?sp_atk=1e300c13-c8bb-47c3-a22f-d3965b5851d4&xptdk=1e300c13-c8bb-47c3-a22f-d3965b5851d4,adidas Lifestyle Stan Smith Shoes Men White GY5695,5,04-08-2023
https://shopee.sg/Walking-Tall-Premium-Casual-Shoes-Height-Increase-Shoes-(8-cm)-with-Rubber-OutSole-Mens-White-Shoes-C127B0091D-X-i.228978173.19470256476?sp_atk=5d62b4b0-2550-44db-8699-754f1d90afc5&xptdk=5d62b4b0-2550-44db-8699-754f1d90afc5,Walking Tall Premium Casual Shoes | Height Increase Shoes (8 cm) with Rubber OutSole - Mens White Shoes | C127B0091D-X,5,04-08-2023
https://shopee.sg/Moda-Paolo-Unisex-School-Shoes-in-2-Colours-(488)-i.82022023.21252579953?sp_atk=0201f2b1-70e0-44f9-b048-618b0af5730e&xptdk=0201f2b1-70e0-44f9-b048-618b0af5730e,Moda Paolo Unisex School Shoes in 2 Colours (488),5,04-08-2023
https://shopee.sg/prettyFIT-CASSARRA-Women's-Stylish-Streetwear-Sneakers-Ladies-Cowhide-Leather-Casual-Shoes-i.243520792.19081499102?sp_atk=d6b20d40-d4b0-40ac-a7b1-37287d7f887f&xptdk=d6b20d40-d4b0-40ac-a7b1-37287d7f887f,prettyFIT CASSARRA Women's Stylish Streetwear Sneakers Ladies Cowhide Leather Casual Shoes,5,04-08-2023
https://shopee.sg/FILA-CORE-Men's-ATHLETICS-Fitness-Sneakers-in-White-i.122238789.22548792493?sp_atk=f1d54806-201b-4543-b5d0-f4922afb89f4&xptdk=f1d54806-201b-4543-b5d0-f4922afb89f4,FILA CORE Men's ATHLETICS Fitness Sneakers in White,5,04-08-2023
https://shopee.sg/FitFlop-VITAMIN-FF-E01-Women's-Knit-Elastic-Sports-Sneakers-Urban-White-Mix-(GA6-646)-i.524040819.22239716989?sp_atk=536d79bf-a4f9-49cf-9935-7d2995a935fa&xptdk=536d79bf-a4f9-49cf-9935-7d2995a935fa,FitFlop VITAMIN FF E01 Women's Knit Elastic Sports Sneakers - Urban White Mix (GA6-646),5,04-08-2023
https://shopee.sg/-NEW-PUMA-Unisex-Caracal-Sneakers-(White)-i.341363989.22072954903?sp_atk=c21a2d48-5028-47d6-97f8-7a3b646ad959&xptdk=c21a2d48-5028-47d6-97f8-7a3b646ad959,[NEW] PUMA Unisex Caracal Sneakers (White),5,04-08-2023
https://shopee.sg/ALDO-Theta-Men's-Sneakers-White-i.959254401.21588726462?sp_atk=026fc819-51cf-4750-90f3-d8a332922211&xptdk=026fc819-51cf-4750-90f3-d8a332922211,ALDO Theta Men's Sneakers- White,6,04-08-2023
https://shopee.sg/Vans-UltraRange-Neo-VR3-Sneaker-Men-(Unisex-US-Size)-WHITE-VN000BCEBJW1-i.884975004.20580467729?sp_atk=5f7ef4b7-3263-4859-b048-641bc17556cf&xptdk=5f7ef4b7-3263-4859-b048-641bc17556cf,Vans UltraRange Neo VR3 Sneaker Men (Unisex US Size) WHITE VN000BCEBJW1,6,04-08-2023
https://shopee.sg/-NEW-PUMA-Unisex-Scuderia-Ferrari-Slipstream-Sneakers-(White)-i.341363989.16995278260?sp_atk=7a403276-631e-4aa3-b3d5-82f170b5f0f1&xptdk=7a403276-631e-4aa3-b3d5-82f170b5f0f1,[NEW] PUMA Unisex Scuderia Ferrari Slipstream Sneakers (White),6,04-08-2023
https://shopee.sg/prettyFIT-CASSARRA-Women's-Stylish-Streetwear-Sneakers-Ladies-Cowhide-Leather-Casual-Shoes-i.243520792.19081499102?sp_atk=f50c9e70-7640-4fce-869a-80f0e7e53be5&xptdk=f50c9e70-7640-4fce-869a-80f0e7e53be5,prettyFIT CASSARRA Women's Stylish Streetwear Sneakers Ladies Cowhide Leather Casual Shoes,6,04-08-2023
https://shopee.sg/FILA-FUSION-Men's-50-50-FUSION-Sneakers-i.122238789.18691036104?sp_atk=d5fa0f92-fde5-4eb9-9e03-598f771bebaf&xptdk=d5fa0f92-fde5-4eb9-9e03-598f771bebaf,FILA FUSION Men's 50-50 FUSION Sneakers,6,04-08-2023
https://shopee.sg/adidas-Lifestyle-Stan-Smith-Shoes-Men-White-ID2006-i.265436651.22541978336?sp_atk=89cafede-55f0-4a46-8b56-f6d7bb9be0ed&xptdk=89cafede-55f0-4a46-8b56-f6d7bb9be0ed,adidas Lifestyle Stan Smith Shoes Men White ID2006,6,04-08-2023
https://shopee.sg/adidas-Lifestyle-OZNOVA-Shoes-Men-White-GX4505-i.265436651.20388199425?sp_atk=3911ff42-7b84-4594-af5d-696aa44aee6c&xptdk=3911ff42-7b84-4594-af5d-696aa44aee6c,adidas Lifestyle OZNOVA Shoes Men White GX4505,6,04-08-2023
https://shopee.sg/adidas-Lifestyle-Stan-Smith-Shoes-Men-White-ID2007-i.265436651.20380017909?sp_atk=90a5fb67-2443-4731-9b32-73869b32a9ae&xptdk=90a5fb67-2443-4731-9b32-73869b32a9ae,adidas Lifestyle Stan Smith Shoes Men White ID2007,6,04-08-2023
https://shopee.sg/-NEW-PUMA-CA-Pro-Classic-Men's-Shoes-(White)-i.341363989.17097881020?sp_atk=5704adc3-cc35-4169-b7b8-8824c2f1b0e5&xptdk=5704adc3-cc35-4169-b7b8-8824c2f1b0e5,[NEW] PUMA CA Pro Classic Men's Shoes (White),6,04-08-2023
https://shopee.sg/Vans-Unidentified-U-Paint-Authentic-Sneakers-Men-(Unisex-US-Size)-WHITE-VN0A5JMPWWW1-i.884975004.23708018426?sp_atk=f36ac2f8-f64f-4b8e-ab37-d7ec03ab3379&xptdk=f36ac2f8-f64f-4b8e-ab37-d7ec03ab3379,Vans Unidentified U-Paint Authentic Sneakers Men (Unisex US Size) WHITE VN0A5JMPWWW1,6,04-08-2023
https://shopee.sg/PUMA-Unisex-Smash-v2-Youth-Shoes-i.341363989.3566260874?sp_atk=ab019b1a-4f5f-4f9c-8458-53eaf0d57401&xptdk=ab019b1a-4f5f-4f9c-8458-53eaf0d57401,PUMA Unisex Smash v2 Youth Shoes,6,04-08-2023
https://shopee.sg/Northstar-Men-Sneakers-Raul-889X002-i.324728427.23219055140?sp_atk=a76e1c78-8365-4cfa-9d3c-1a01bc1dca3d&xptdk=a76e1c78-8365-4cfa-9d3c-1a01bc1dca3d,Northstar Men Sneakers Raul 889X002,6,04-08-2023
https://shopee.sg/ASICS-Unisex-EXTLA-CT-(4E)-Sportstyle-Shoes-in-Black-White-i.455553838.19550013417?sp_atk=eb88979f-afe3-45fd-b552-7d593270cd2b&xptdk=eb88979f-afe3-45fd-b552-7d593270cd2b,ASICS Unisex EXTLA CT (4E) Sportstyle Shoes in Black/White,6,04-08-2023
https://shopee.sg/CLARKS-CourtLite-Tie-White-i.119320434.23734434098?sp_atk=a0861ad6-6cbc-40c6-a20b-be6d305ebfd3&xptdk=a0861ad6-6cbc-40c6-a20b-be6d305ebfd3,CLARKS CourtLite Tie White,6,04-08-2023
https://shopee.sg/BATA-Men-NorthStar-Cupped-Sole-Sneakers-820X006-i.324728427.12814924881?sp_atk=0a7ea2be-60cd-4151-a6bc-66f626ea3f23&xptdk=0a7ea2be-60cd-4151-a6bc-66f626ea3f23,BATA Men NorthStar Cupped Sole Sneakers 820X006,6,04-08-2023
https://shopee.sg/Clarks-Un-Maui-Easy-White-Leather-Womens-i.119320434.22234462824?sp_atk=2ebc5b8d-deea-4062-bbb7-fc32e9d7f434&xptdk=2ebc5b8d-deea-4062-bbb7-fc32e9d7f434,Clarks Un Maui Easy White Leather Womens,6,04-08-2023
https://shopee.sg/New-Balance-CRT300V1-Mens-Unisex-Sneakers-D-i.82375312.20223230569?sp_atk=e3594015-a521-4176-bb3c-1b12d335c1a0&xptdk=e3594015-a521-4176-bb3c-1b12d335c1a0,New Balance CRT300V1 Mens / Unisex Sneakers D,6,04-08-2023
https://shopee.sg/PUMA-Unisex-Smash-Leather-Shoe's-i.341363989.11016467545?sp_atk=e06fc843-ff4e-4ef0-809f-bec367c769c9&xptdk=e06fc843-ff4e-4ef0-809f-bec367c769c9,PUMA Unisex Smash Leather Shoe's,6,04-08-2023
https://shopee.sg/Superga-Strap-Black-Full-White-i.172406425.3330526518?sp_atk=cf418e40-31a5-4e0a-ac72-987aaff06331&xptdk=cf418e40-31a5-4e0a-ac72-987aaff06331,Superga Strap Black Full White,6,04-08-2023
https://shopee.sg/New-Balance-CT300V3-Mens-Unisex-Sneakers-D-i.82375312.20957537445?sp_atk=75eee4e6-9007-436a-a7c6-16c2c5a38f0d&xptdk=75eee4e6-9007-436a-a7c6-16c2c5a38f0d,New Balance CT300V3 Mens / Unisex Sneakers D,6,04-08-2023
https://shopee.sg/Tretorn-Mens-Nylite-Hi-White-Navy-Red-i.298151663.4450916710?sp_atk=12ea7d1b-a5b3-4d45-8059-5502334f25d9&xptdk=12ea7d1b-a5b3-4d45-8059-5502334f25d9,Tretorn Mens Nylite Hi - White/Navy/Red,6,04-08-2023
https://shopee.sg/PUMA-Unisex-Smash-Leather-Shoes-i.341363989.5767056002?sp_atk=964049e4-fa83-43d1-b1a5-efdfd3694f84&xptdk=964049e4-fa83-43d1-b1a5-efdfd3694f84,PUMA Unisex Smash Leather Shoes,6,04-08-2023
https://shopee.sg/adidas-Skateboarding-Futurevulc-Lifestyle-Modern-Skateboarding-Shoes-Women-White-GX4193-i.265436651.21779402494?sp_atk=41b55c6f-2afc-481f-ba66-d2a03f74c887&xptdk=41b55c6f-2afc-481f-ba66-d2a03f74c887,adidas Skateboarding Futurevulc Lifestyle Modern Skateboarding Shoes Women White GX4193,6,04-08-2023
https://shopee.sg/NEW-BALANCE-1906-M1906DE-White-Unisex-(LF)-i.280432311.23750020049?sp_atk=b18e8097-d468-4c84-b0cb-646f802b32df&xptdk=b18e8097-d468-4c84-b0cb-646f802b32df,NEW BALANCE 1906 M1906DE White Unisex (LF),6,04-08-2023
https://shopee.sg/Skechers-Online-Exclusive-Women-Sport-Roseate-Look-Club-Shoes-8730064-WPK-Memory-Foam-i.84710867.22141404543?sp_atk=9fe1fa29-c7c5-4a24-b0ed-892fb2ee37e4&xptdk=9fe1fa29-c7c5-4a24-b0ed-892fb2ee37e4,Skechers Online Exclusive Women Sport Roseate Look Club Shoes - 8730064-WPK Memory Foam,6,04-08-2023
https://shopee.sg/adidas-Tensaur-Infant-S24054-Black-White-(LF)-i.280432311.21952515974?sp_atk=624863b2-a858-4af0-b093-7bd99a229e22&xptdk=624863b2-a858-4af0-b093-7bd99a229e22,adidas Tensaur Infant S24054 Black/White (LF),6,04-08-2023
https://shopee.sg/Northstar-Men-Sneakers-Mattia-851X129-i.324728427.20971462365?sp_atk=29b99ca3-e8d9-4280-aee6-79bc0879fd4c&xptdk=29b99ca3-e8d9-4280-aee6-79bc0879fd4c,Northstar Men Sneakers Mattia 851X129,6,04-08-2023
https://shopee.sg/Kappa-Unisex-Sport-Shoes-KAAFA938-i.88612805.20865953676?sp_atk=619ce086-d559-45b6-906c-312c71953906&xptdk=619ce086-d559-45b6-906c-312c71953906,Kappa Unisex Sport Shoes KAAFA938,6,04-08-2023
https://shopee.sg/Everbest-Men's-Shoes-SD7003-Versatile-Men's-Lace-Sneakers-i.273529824.12814838585?sp_atk=751bbdbd-6ad1-4aeb-8682-000e0c923262&xptdk=751bbdbd-6ad1-4aeb-8682-000e0c923262,Everbest Men's Shoes - SD7003  Versatile Men's Lace Sneakers,6,04-08-2023
https://shopee.sg/NIKE-SB-FORCE-58-DV5477-401-Obsidian-White-Royal-Obsidian-(LF)-i.280432311.19473725185?sp_atk=a1f91c4f-00eb-4dac-8685-f6a375503cdc&xptdk=a1f91c4f-00eb-4dac-8685-f6a375503cdc,NIKE SB FORCE 58 DV5477 401 Obsidian White Royal Obsidian (LF),6,04-08-2023
https://shopee.sg/Moda-Paolo-Kappa-Unisex-School-Shoe-in-White-Colour-(902)-i.82022023.17991169829?sp_atk=ef2ecb87-c7c9-4337-bf68-228650f682cc&xptdk=ef2ecb87-c7c9-4337-bf68-228650f682cc,Moda Paolo Kappa Unisex School Shoe in White Colour (902),6,04-08-2023
https://shopee.sg/ASICS-Men-JAPAN-S-Sportstyle-Shoes-in-White-Black-i.455553838.20476219102?sp_atk=908e0def-524a-43d6-81f0-11e0c2d20d69&xptdk=908e0def-524a-43d6-81f0-11e0c2d20d69,ASICS Men JAPAN S Sportstyle Shoes in White/Black,6,04-08-2023
https://shopee.sg/prettyFIT-CHARLA-Women's-Leather-Sneakers-Ladies-Embellished-Low-top-Basic-Casual-Shoes-i.243520792.22026838750?sp_atk=5142ba4d-9f57-4788-a643-92e71c7dfc94&xptdk=5142ba4d-9f57-4788-a643-92e71c7dfc94,prettyFIT CHARLA Women's Leather Sneakers Ladies Embellished Low-top Basic Casual Shoes,6,04-08-2023
https://shopee.sg/NIKE-Air-Force-1-‘07-White-CW2288-111-(LF)-i.280432311.15215807240?sp_atk=d5fb80c5-b000-4b63-9403-3d5943c0072f&xptdk=d5fb80c5-b000-4b63-9403-3d5943c0072f,NIKE Air Force 1 ‘07 White CW2288 111 (LF),6,04-08-2023
https://shopee.sg/Tretorn-Mens-Nylite-Plus-White-Navy-i.298151663.5450916207?sp_atk=c551f8bc-097b-40c3-b8c5-c5744036bbe6&xptdk=c551f8bc-097b-40c3-b8c5-c5744036bbe6,Tretorn Mens Nylite Plus - White/Navy,6,04-08-2023
https://shopee.sg/Superga-2750-Junior-Black-Full-White-i.172406425.19074368306?sp_atk=efb18258-0385-4182-833a-106b51e9dd0d&xptdk=efb18258-0385-4182-833a-106b51e9dd0d,Superga 2750 Junior Black-Full White,6,04-08-2023
https://shopee.sg/Everlast-Unisex-Canvas-Slip-On-Sneakers-Black-White-(EL20-M646)-Casual-Streetwear-Mid-Top-Athleisure-Sports-Shoes-i.75762037.19148334065?sp_atk=f5813f9f-fd9e-4cb9-8a4f-d7eaa8e08d11&xptdk=f5813f9f-fd9e-4cb9-8a4f-d7eaa8e08d11,Everlast Unisex Canvas Slip On Sneakers - Black/White (EL20-M646) Casual Streetwear | Mid Top Athleisure Sports Shoes,6,04-08-2023
https://shopee.sg/VANS-X-White-Mountaineering-Authentic-44-Dx-(LF)-i.280432311.21778267435?sp_atk=aa57dd4f-028c-40cc-9cbe-1a8b362a25d5&xptdk=aa57dd4f-028c-40cc-9cbe-1a8b362a25d5,VANS X White Mountaineering Authentic 44 Dx (LF),6,04-08-2023
https://shopee.sg/Kappa-Authentic-Unisex-Sneaker-KM2FA919-i.88612805.4795903661?sp_atk=8186e97b-8be5-4911-9b8d-25ab8c9d2ed3&xptdk=8186e97b-8be5-4911-9b8d-25ab8c9d2ed3,Kappa Authentic Unisex Sneaker KM2FA919,6,04-08-2023
https://shopee.sg/Everbest-Men's-Shoes-SD7008-Men's-Casual-Lace-up-Sneaker-i.273529824.21843679016?sp_atk=905069a0-244e-4cca-98cd-2773fe3d6529&xptdk=905069a0-244e-4cca-98cd-2773fe3d6529,Everbest Men's Shoes - SD7008  Men's Casual Lace up Sneaker,6,04-08-2023
https://shopee.sg/Tretorn-Mens-Nylite-Navy-White-i.298151663.6850921389?sp_atk=0c712efd-3aa0-4f05-92aa-55299e00c5f5&xptdk=0c712efd-3aa0-4f05-92aa-55299e00c5f5,Tretorn Mens Nylite - Navy/White,6,04-08-2023
https://shopee.sg/New-Balance-237-Mens-Sneakers-D-i.82375312.22947296129?sp_atk=ff48dda3-8fb9-45f6-b984-a358478c5ea5&xptdk=ff48dda3-8fb9-45f6-b984-a358478c5ea5,New Balance 237 Mens Sneakers D,6,04-08-2023
https://shopee.sg/Converse-Chuck-Taylor-All-Star-Ox-Unisex-Sneakers-Optical-White-i.252818873.20568505514?sp_atk=ce09dbaa-2a06-4cb2-82bc-2c6fd7a946f4&xptdk=ce09dbaa-2a06-4cb2-82bc-2c6fd7a946f4,Converse Chuck Taylor All Star Ox Unisex Sneakers - Optical White,6,04-08-2023
https://shopee.sg/PUMA-Unisex-Smash-Leather-Shoes-i.341363989.10616463901?sp_atk=39525ea9-a9dd-4f72-a444-4c6cbdf8a002&xptdk=39525ea9-a9dd-4f72-a444-4c6cbdf8a002,PUMA Unisex Smash Leather Shoes,6,04-08-2023
https://shopee.sg/Tretorn-Womens-Nylite-39-Plus-Ivory-Fushion-i.298151663.4450916977?sp_atk=ea3004a2-301f-4f47-ae7f-2e8afdf7a279&xptdk=ea3004a2-301f-4f47-ae7f-2e8afdf7a279,Tretorn Womens Nylite 39 Plus - Ivory/Fushion,6,04-08-2023
https://shopee.sg/Tretorn-Womens-Nylite-Pink-White-i.298151663.7250916432?sp_atk=8da32755-d5b6-44ea-828e-b54eae24b79d&xptdk=8da32755-d5b6-44ea-828e-b54eae24b79d,Tretorn Womens Nylite - Pink/White,6,04-08-2023
https://shopee.sg/NIKE-SB-Blazer-Court-Mid-Premium-DM8553-100-White-Black-(LF)-i.280432311.19446772194?sp_atk=dd28b620-c454-4f5c-9b74-96ddcd4f1e35&xptdk=dd28b620-c454-4f5c-9b74-96ddcd4f1e35,NIKE SB Blazer Court Mid Premium DM8553 100 White/Black (LF),6,04-08-2023
https://shopee.sg/Tretorn-Womens-Nylite-Bold-Vintage-White-i.298151663.5450916499?sp_atk=9e326b62-a964-4403-a6e4-fe112a549fdf&xptdk=9e326b62-a964-4403-a6e4-fe112a549fdf,Tretorn Womens Nylite Bold - Vintage White,6,04-08-2023
https://shopee.sg/BATA-NORTH-STAR-Women-Sneakers-With-Anti-Bacterial-Insole-589X379-i.324728427.17965538363?sp_atk=c3cdd326-adef-4082-8a30-58862f883cb8&xptdk=c3cdd326-adef-4082-8a30-58862f883cb8,BATA NORTH STAR Women Sneakers With Anti-Bacterial Insole 589X379,6,04-08-2023
https://shopee.sg/adidas-Superstar-CF-C-EF4840-Kids-black-white-(LF)-i.280432311.19268432223?sp_atk=380ef55a-4965-44f4-a9f0-397690133d00&xptdk=380ef55a-4965-44f4-a9f0-397690133d00,adidas Superstar CF C EF4840 Kids black/white (LF),6,04-08-2023
https://shopee.sg/NIKE-W-MX-720-818-Metallic-Copper-White-Black-BQ5972-800-i.280432311.16760904412?sp_atk=eec62672-a914-401c-8021-726737b721b9&xptdk=eec62672-a914-401c-8021-726737b721b9,NIKE W MX-720-818 Metallic Copper White Black BQ5972 800,6,04-08-2023
https://shopee.sg/Vans-Garden-Party-Classic-Slip-On-Sneakers-Women-(Unisex-US-Size)-WHITE-VN0A5JLXW001-i.884975004.20376747728?sp_atk=a81a5690-b25e-4c84-976a-fb49748cc4be&xptdk=a81a5690-b25e-4c84-976a-fb49748cc4be,Vans Garden Party Classic Slip-On Sneakers Women (Unisex US Size) WHITE VN0A5JLXW001,6,04-08-2023
https://shopee.sg/BATA-Junior-Power-School-Shoes-508X747-i.324728427.10892590556?sp_atk=0927c02c-52d5-410c-8dbc-86a2aed6f1f9&xptdk=0927c02c-52d5-410c-8dbc-86a2aed6f1f9,BATA Junior Power School Shoes 508X747,6,04-08-2023
https://shopee.sg/Nike-Court-Vision-Mid-Next-Nature-Men's-Shoes-DN3577-101-i.228636149.16216216687?sp_atk=41b714f5-c970-487a-be34-6c26bccaa857&xptdk=41b714f5-c970-487a-be34-6c26bccaa857,Nike Court Vision Mid Next Nature Men's Shoes DN3577-101,6,04-08-2023
https://shopee.sg/Moda-Paolo-Unisex-Warrior-Shoes-School-Shoes-in-3-Colours-(28A)-i.82022023.2251202945?sp_atk=bd268343-62bb-4ce8-90de-8eb31aa2b160&xptdk=bd268343-62bb-4ce8-90de-8eb31aa2b160,Moda Paolo Unisex Warrior Shoes | School Shoes in 3 Colours  (28A),6,04-08-2023
https://shopee.sg/Skechers-Men-Sport-D'Lux-Fitness-Box-Jump-walking-Shoes-232357-WBRD-Air-Cooled-Memory-Foam-Machine-Washable-i.84710867.22019311990?sp_atk=187dda1c-9f74-4640-90fa-50b9beb2e333&xptdk=187dda1c-9f74-4640-90fa-50b9beb2e333,Skechers Men Sport D'Lux Fitness Box Jump walking Shoes - 232357-WBRD Air-Cooled Memory Foam Machine Washable,6,04-08-2023
https://shopee.sg/-NEW-PUMA-Leadcat-Men-Sports-Sandals-(White)-i.341363989.23747463998?sp_atk=0fe398e5-73ea-4350-9bc9-9685dc0e943a&xptdk=0fe398e5-73ea-4350-9bc9-9685dc0e943a,[NEW] PUMA Leadcat Men Sports Sandals (White),6,04-08-2023
https://shopee.sg/Kappa-Authentic-Sport-Flyknit-Shoes-KAAFA928-i.88612805.19634680705?sp_atk=36789862-3fe4-426b-94dc-32803054227d&xptdk=36789862-3fe4-426b-94dc-32803054227d,Kappa Authentic Sport Flyknit Shoes KAAFA928,6,04-08-2023
https://shopee.sg/Converse-Star-Player-76-Premium-Canvas-Men's-Sneakers-Vintage-White-Midnight-Clover-i.252818873.19678835214?sp_atk=49c0eb5b-60c6-40ba-a1e9-0c8540424761&xptdk=49c0eb5b-60c6-40ba-a1e9-0c8540424761,Converse Star Player 76 Premium Canvas Men's Sneakers - Vintage White/Midnight Clover,6,04-08-2023
https://shopee.sg/NIKE-Air-Trainer-1-FB8066-100-White-Black-(LF)-i.280432311.20290356560?sp_atk=d385bebc-188d-47c3-a282-a31b8d608d4f&xptdk=d385bebc-188d-47c3-a282-a31b8d608d4f,NIKE Air Trainer 1 FB8066 100 White Black (LF),6,04-08-2023
