https://shopee.sg/MUJI-Men-Walk-Support-Water-Repellent-Sneakers-i.257608708.6544716440?sp_atk=fcd27e55-9621-4168-b708-b0ca8173b705&xptdk=fcd27e55-9621-4168-b708-b0ca8173b705,MUJI Men Walk Support Water Repellent Sneakers,1,04-08-2023
https://shopee.sg/Moda-Paolo-Men-Sports-Shoes-in-2-Colours-(3114)-i.82022023.14289991103?sp_atk=31fe0174-f42a-4008-838b-1d3f5f0b4a5f&xptdk=31fe0174-f42a-4008-838b-1d3f5f0b4a5f,Moda Paolo Men Sports Shoes in 2 Colours (3114),1,04-08-2023
https://shopee.sg/Northstar-Men-Sneakers-820X051-i.324728427.22366714586?sp_atk=a400c809-e7d0-495a-87be-5ac193842e1f&xptdk=a400c809-e7d0-495a-87be-5ac193842e1f,Northstar Men Sneakers 820X051,1,04-08-2023
https://shopee.sg/Vans-Classic-Slip-On-Unisex-Sneakers-(Men-Us-Size)-All-Black-VN000EYEBKA1-i.884975004.23508111540?sp_atk=36157556-3246-45f4-b8a7-0df7a97915e6&xptdk=36157556-3246-45f4-b8a7-0df7a97915e6,Vans Classic Slip-On Unisex Sneakers (Men Us Size) All Black VN000EYEBKA1,1,04-08-2023
https://shopee.sg/PUMA-Unisex-Serve-Pro-Lite-CNY-Sneakers-(Black)-i.341363989.23919979892?sp_atk=2ae4789a-eded-4240-ae30-d2047bea0b10&xptdk=2ae4789a-eded-4240-ae30-d2047bea0b10,PUMA Unisex Serve Pro Lite CNY Sneakers (Black),1,04-08-2023
https://shopee.sg/Northstar-Men-Sneakers-Mattia-851X129-i.324728427.20971462365?sp_atk=ca35506e-aaf6-429e-9736-80637bda130c&xptdk=ca35506e-aaf6-429e-9736-80637bda130c,Northstar Men Sneakers Mattia 851X129,1,04-08-2023
https://shopee.sg/-NEW-PUMA-Rebound-Lay-Up-Lo-Camo-Men's-Sneakers-(Black)-i.341363989.19290536056?sp_atk=2362cb8d-77c1-4dd1-9b08-6ac3784643fc&xptdk=2362cb8d-77c1-4dd1-9b08-6ac3784643fc,[NEW] PUMA Rebound Lay Up Lo Camo Men's Sneakers (Black),1,04-08-2023
https://shopee.sg/Moda-Paolo-Unisex-Sneakers-in-2-Colours-(1465)-i.82022023.20654041916?sp_atk=478f1a42-c48a-49a1-8a61-a00f6b687561&xptdk=478f1a42-c48a-49a1-8a61-a00f6b687561,Moda Paolo Unisex Sneakers in 2 Colours (1465),1,04-08-2023
https://shopee.sg/Northstar-Men-Sneakers-Edoardo-i.324728427.22539848825?sp_atk=8d7a65df-6bc1-4285-8b7d-e4c786a74196&xptdk=8d7a65df-6bc1-4285-8b7d-e4c786a74196,Northstar Men Sneakers Edoardo,1,04-08-2023
https://shopee.sg/Moda-Paolo-Unisex-Sports-Shoes-in-2-Colours-(1515)-i.82022023.20169572277?sp_atk=a8207c27-6e46-4293-8f88-78e66c87fd9f&xptdk=a8207c27-6e46-4293-8f88-78e66c87fd9f,Moda Paolo Unisex Sports Shoes in 2 Colours (1515),1,04-08-2023
https://shopee.sg/Skechers-Men-Sport-Flection-Shoes-8790087-BBK-Air-Cooled-Memory-Foam-i.84710867.23428519350?sp_atk=8154d1c7-e92b-44f0-9b52-9cc3a9e4866b&xptdk=8154d1c7-e92b-44f0-9b52-9cc3a9e4866b,Skechers Men Sport Flection Shoes - 8790087-BBK Air-Cooled Memory Foam,1,04-08-2023
https://shopee.sg/Moda-Paolo-Men-Sports-Sneakers-in-2-Colours-(803)-i.82022023.22739601306?sp_atk=b13bb76b-bee9-492b-b40f-547208ba7555&xptdk=b13bb76b-bee9-492b-b40f-547208ba7555,Moda Paolo Men Sports Sneakers in 2 Colours (803),1,04-08-2023
https://shopee.sg/BATA-Men-NorthStar-Cupped-Sole-Sneakers-820X006-i.324728427.12814924881?sp_atk=a30d3044-fbf2-4019-9dce-5a4c0d1bff73&xptdk=a30d3044-fbf2-4019-9dce-5a4c0d1bff73,BATA Men NorthStar Cupped Sole Sneakers 820X006,1,04-08-2023
https://shopee.sg/VANS-OLD-SKOOL-BLACK-BLACK-i.280432311.13436571556?sp_atk=bc33dfcf-e370-4720-9a30-9c3711da6c1f&xptdk=bc33dfcf-e370-4720-9a30-9c3711da6c1f,VANS OLD SKOOL BLACK/BLACK,1,04-08-2023
https://shopee.sg/Everlast-Unisex-EVL-LITE-Mesh-Sneakers-Monochrome-Black-(1EAH0030-MBK)-Casual-Athleisure-Urban-Streetwear-Trainers-i.75762037.14894642409?sp_atk=b71a51f1-3724-4cdb-bec6-550f022ee50e&xptdk=b71a51f1-3724-4cdb-bec6-550f022ee50e,Everlast Unisex EVL-LITE Mesh Sneakers - Monochrome Black (1EAH0030 MBK) Casual Athleisure | Urban Streetwear | Trainers,1,04-08-2023
https://shopee.sg/Northstar-Men-Sneakers-820X052-i.324728427.15098741749?sp_atk=f480ace0-6bad-43b4-83b7-106d9c7b2755&xptdk=f480ace0-6bad-43b4-83b7-106d9c7b2755,Northstar Men Sneakers 820X052,1,04-08-2023
https://shopee.sg/Skechers-Online-Exclusive-Women-Sport-Social-Muse-Walking-Shoes-8730031-BBK-i.84710867.15550101348?sp_atk=8aceaa16-a81b-47f9-bf2a-b56aefe3285e&xptdk=8aceaa16-a81b-47f9-bf2a-b56aefe3285e,Skechers Online Exclusive Women Sport Social Muse Walking Shoes - 8730031-BBK,1,04-08-2023
https://shopee.sg/Skechers-Men-Sport-Flection-Kelvis-Shoes-8790194-BBK-Memory-Foam-i.84710867.23870481264?sp_atk=82588ac5-ba3b-4288-8815-e0c8b72d17e2&xptdk=82588ac5-ba3b-4288-8815-e0c8b72d17e2,Skechers Men Sport Flection Kelvis Shoes - 8790194-BBK Memory Foam,1,04-08-2023
https://shopee.sg/Skechers-Online-Exclusive-Men-Work-Cessnock-Slip-Resistant-Lival-Work-Shoes-200063-BLK-Memory-Foam-Sneakers-Casual-i.84710867.13175793004?sp_atk=61ee6af9-02d3-4d2b-b729-d800fb147554&xptdk=61ee6af9-02d3-4d2b-b729-d800fb147554,"Skechers Online Exclusive Men Work Cessnock Slip Resistant Lival Work Shoes - 200063-BLK - Memory Foam, Sneakers, Casual",1,04-08-2023
https://shopee.sg/Clarks-Mens-Nature-X-Two-Black-Nubuck-i.119320434.16994654075?sp_atk=9fb8c2da-d2c4-46fc-b661-88aa260e60f2&xptdk=9fb8c2da-d2c4-46fc-b661-88aa260e60f2,Clarks Mens Nature X Two Black Nubuck,1,04-08-2023
https://shopee.sg/Northstar-Men-Sneakers-820X043-i.324728427.23223431304?sp_atk=f777d0ff-4a85-4ce6-969d-bc0b793b3e05&xptdk=f777d0ff-4a85-4ce6-969d-bc0b793b3e05,Northstar Men Sneakers 820X043,1,04-08-2023
https://shopee.sg/Sperry-Men's-Striper-II-CVO-Baja-Sneakers-Black-(STS25165)-i.911396071.21475480760?sp_atk=f0d2b02d-472d-4243-8780-d465814b6f5d&xptdk=f0d2b02d-472d-4243-8780-d465814b6f5d,Sperry Men's Striper II CVO Baja Sneakers - Black (STS25165),1,04-08-2023
https://shopee.sg/Vans-Old-Skool-Unisex-Sneakers-Men-(Unisex-US-Size)-Classic-Black-VN000D3HY281-i.884975004.18565615987?sp_atk=2b6c7b96-5028-4664-9729-1a927e8a6501&xptdk=2b6c7b96-5028-4664-9729-1a927e8a6501,Vans Old Skool Unisex Sneakers Men (Unisex US Size) Classic Black VN000D3HY281,1,04-08-2023
https://shopee.sg/Tretorn-Men-Tournament-Low-Ocean-Net-Sneaker-Black-i.298151663.8626865920?sp_atk=823debae-cc26-4930-97bd-4966806d5a26&xptdk=823debae-cc26-4930-97bd-4966806d5a26,Tretorn Men Tournament Low Ocean Net Sneaker - Black,1,04-08-2023
https://shopee.sg/Skechers-Women-Work-Max-Cushioning-Elite-Slip-Resistant-Shoes-108049-BBK-i.84710867.20738937225?sp_atk=f94b09a4-f574-437a-a66a-327c805971c1&xptdk=f94b09a4-f574-437a-a66a-327c805971c1,Skechers Women Work Max Cushioning Elite Slip Resistant Shoes - 108049-BBK,1,04-08-2023
https://shopee.sg/Moda-Paolo-Men-Sneakers-in-2-Colours-(806)-i.82022023.21388118028?sp_atk=8a4660b6-0ff0-46a2-a772-ed9c9e426c36&xptdk=8a4660b6-0ff0-46a2-a772-ed9c9e426c36,Moda Paolo Men Sneakers in 2 Colours (806),1,04-08-2023
https://shopee.sg/Skechers-Men-Work-Max-Cushioning-Elite-Slip-Resistant-Shoes-200078-BBK-i.84710867.20338937196?sp_atk=a7ab3b32-098a-4fd1-aba6-571cb2dd1f58&xptdk=a7ab3b32-098a-4fd1-aba6-571cb2dd1f58,Skechers Men Work Max Cushioning Elite Slip Resistant Shoes - 200078-BBK,1,04-08-2023
https://shopee.sg/adidas-Lifestyle-ZX-1K-Boost-Shoes-Men-Black-H68721-i.265436651.10165251924?sp_atk=03b7114d-2f92-4a00-812b-1f3cddfb1eea&xptdk=03b7114d-2f92-4a00-812b-1f3cddfb1eea,adidas Lifestyle ZX 1K Boost Shoes Men Black H68721,1,04-08-2023
https://shopee.sg/adidas-Lifestyle-Superstar-Supermodified-Shoes-Men-Black-H03739-i.265436651.22841216292?sp_atk=8191881b-06e8-4360-a0b0-df484bfe8175&xptdk=8191881b-06e8-4360-a0b0-df484bfe8175,adidas Lifestyle Superstar Supermodified Shoes Men Black H03739,1,04-08-2023
https://shopee.sg/MUJI-Ladies-Walk-Support-Water-Repellent-Sneakers-i.257608708.4244723004?sp_atk=44c9fe04-4dd4-4817-8d49-231d591f78cc&xptdk=44c9fe04-4dd4-4817-8d49-231d591f78cc,MUJI Ladies Walk Support Water Repellent Sneakers,1,04-08-2023
https://shopee.sg/Vans-Mooneyes-Sk8-Hi-Sneakers-Women-(Unisex-US-Size)-BLACK-VN0A5JMJY231-i.884975004.22408002085?sp_atk=b45d4994-e6da-46cb-a6ad-d1f3caa4dd6a&xptdk=b45d4994-e6da-46cb-a6ad-d1f3caa4dd6a,Vans Mooneyes Sk8-Hi Sneakers Women (Unisex US Size) BLACK VN0A5JMJY231,1,04-08-2023
https://shopee.sg/Vans-Old-Skool-Unisex-Sneakers-Men-(Unisex-US-Size)-Black-VN000D3HBKA1-i.884975004.21165612639?sp_atk=20d8ab9f-399a-438b-9993-1e16bc2d646a&xptdk=20d8ab9f-399a-438b-9993-1e16bc2d646a,Vans Old Skool Unisex Sneakers Men (Unisex US Size) Black VN000D3HBKA1,1,04-08-2023
https://shopee.sg/Walking-Tall-Premium-Casual-Sneakers-Shoes-Height-Increase-Shoes-(7-cm)-with-Rubber-OutSole-Black-with-Brown-C139B0051D-i.228978173.21366235856?sp_atk=3387c2eb-968f-483e-9064-b3459fe94ef6&xptdk=3387c2eb-968f-483e-9064-b3459fe94ef6,Walking Tall Premium Casual Sneakers Shoes Height Increase Shoes (7 cm) with Rubber OutSole Black with Brown-C139B0051D,1,04-08-2023
https://shopee.sg/Tretorn-Womens-Meg-Dot-Black-Black-i.298151663.5950918622?sp_atk=502f9987-2010-4286-91de-e1dd13398c45&xptdk=502f9987-2010-4286-91de-e1dd13398c45,Tretorn Womens Meg Dot Black - Black,1,04-08-2023
https://shopee.sg/Superga-2750-Full-Black-i.172406425.7818636245?sp_atk=4b28edf6-ce86-408c-bd77-0624691d2093&xptdk=4b28edf6-ce86-408c-bd77-0624691d2093,Superga 2750 Full Black,1,04-08-2023
https://shopee.sg/Walking-Tall-Premium-Casual-Shoes-Height-Increase-Shoes-(8.5-cm)-with-Rubber-OutSole-Mens-Black-Elevator-Shoes-YLM7881-i.228978173.6572004650?sp_atk=b7f909ff-982a-434d-9df8-2020b9181be8&xptdk=b7f909ff-982a-434d-9df8-2020b9181be8,Walking Tall Premium Casual Shoes Height Increase Shoes (8.5 cm) with Rubber OutSole - Mens Black Elevator Shoes YLM7881,1,04-08-2023
https://shopee.sg/Moda-Paolo-Everlast-Sneakers-in-Black-Colour-(0030)-i.82022023.18155287587?sp_atk=15d681b6-fe7b-4e1d-9893-5301aefbd04d&xptdk=15d681b6-fe7b-4e1d-9893-5301aefbd04d,Moda Paolo Everlast Sneakers in Black Colour (0030),1,04-08-2023
https://shopee.sg/Vans-Ultrarange-VR3-Sneakers-Men-(Unisex-US-Size)-BLACK-VN0A4BXB1KP1-i.884975004.22017959571?sp_atk=9402d6d1-dbbc-4e3a-86b1-5cdb5ff8ac04&xptdk=9402d6d1-dbbc-4e3a-86b1-5cdb5ff8ac04,Vans Ultrarange VR3 Sneakers Men (Unisex US Size) BLACK VN0A4BXB1KP1,1,04-08-2023
https://shopee.sg/Rigorer-Casual-Sneakers-CA424--i.106407924.22801200477?sp_atk=a55e800a-4ec6-46b0-9a4b-f7cac718aa96&xptdk=a55e800a-4ec6-46b0-9a4b-f7cac718aa96,Rigorer Casual Sneakers [CA424],1,04-08-2023
https://shopee.sg/Northstar-Men-Sneakers-820X040-i.324728427.19273003011?sp_atk=8d0dac0d-5bc6-44f4-b70f-08c3873139b4&xptdk=8d0dac0d-5bc6-44f4-b70f-08c3873139b4,Northstar Men Sneakers 820X040,1,04-08-2023
https://shopee.sg/Vans-Checkerboard-La-Costa-Lite-Sneakers-Men-(Unisex-US-Size)-BLACK-VN0A38CUAPK1-i.884975004.18265475846?sp_atk=d8c065e1-67ee-48c3-aaa4-91389df41e51&xptdk=d8c065e1-67ee-48c3-aaa4-91389df41e51,Vans Checkerboard La Costa Lite Sneakers Men (Unisex US Size) BLACK VN0A38CUAPK1,1,04-08-2023
https://shopee.sg/Vans-Ultrarange-Exo-Unisex-Sneakers-Men-(Unisex-US-Size)-Black-VN0A4U1KBLK1-i.884975004.18165502826?sp_atk=23a1ca79-7891-44d6-923b-3d669aeb0b1b&xptdk=23a1ca79-7891-44d6-923b-3d669aeb0b1b,Vans Ultrarange Exo Unisex Sneakers Men (Unisex US Size) Black VN0A4U1KBLK1,1,04-08-2023
https://shopee.sg/Moda-Paolo-Unisex-Sneakers-in-2-Colours-(899)-i.82022023.18077304906?sp_atk=5d36d4d1-150d-4f2b-9f2e-1699bbef19c9&xptdk=5d36d4d1-150d-4f2b-9f2e-1699bbef19c9,Moda Paolo Unisex Sneakers in 2 Colours (899),1,04-08-2023
https://shopee.sg/Moda-Paolo-Women-Sneakers-in-2-Colours-(9)-i.82022023.18369344950?sp_atk=fff88037-0e54-4d69-9655-635d92291d28&xptdk=fff88037-0e54-4d69-9655-635d92291d28,Moda Paolo Women Sneakers in 2 Colours (9),1,04-08-2023
https://shopee.sg/BATA-Red-Label-Men-Sneakers-851X785-i.324728427.21371887455?sp_atk=d27df1d4-b468-4fba-8d8c-9bfc54ab5b04&xptdk=d27df1d4-b468-4fba-8d8c-9bfc54ab5b04,BATA Red Label Men Sneakers 851X785,1,04-08-2023
https://shopee.sg/Skechers-Women-Work-Kashtin-Slip-Resistant-Work-Shoes-108116-BLK-Electrical-Hazard-Slip-Resistant-i.84710867.22100875265?sp_atk=b54a3f74-f15e-49d8-8ad8-b9d0ab91c6b1&xptdk=b54a3f74-f15e-49d8-8ad8-b9d0ab91c6b1,"Skechers Women Work Kashtin Slip Resistant Work Shoes - 108116-BLK Electrical Hazard, Slip Resistant",1,04-08-2023
https://shopee.sg/Geox-Men-Shoes-Sneaker-U-Nebula-4-X-4-B-Abx-A-Black-i.267920682.7746039819?sp_atk=f487ee94-490a-41f1-b480-933e636caddf&xptdk=f487ee94-490a-41f1-b480-933e636caddf,Geox Men Shoes Sneaker U Nebula 4 X 4 B Abx A Black,1,04-08-2023
https://shopee.sg/Superga-2750-Total-Black-i.172406425.5110864290?sp_atk=cb1658d1-ed40-4c12-a768-966b4035bfdc&xptdk=cb1658d1-ed40-4c12-a768-966b4035bfdc,Superga 2750 Total Black,1,04-08-2023
https://shopee.sg/Skechers-Men-SKECHERS-USA-Street-Wear-Arch-Fit-Orvan-Verdigo-Shoes-210433-BLK-Sneakers-Casual-i.84710867.22015945669?sp_atk=c1a77283-4c66-4505-ba35-7918453dc712&xptdk=c1a77283-4c66-4505-ba35-7918453dc712,"Skechers Men SKECHERS USA Street Wear Arch Fit Orvan Verdigo Shoes - 210433-BLK - Sneakers, Casual",1,04-08-2023
https://shopee.sg/BATA-Women-Northstar-Sneakers-589X835-i.324728427.19535222842?sp_atk=0520e6d9-6698-4861-8c1d-7ea2368e1ac3&xptdk=0520e6d9-6698-4861-8c1d-7ea2368e1ac3,BATA Women Northstar Sneakers 589X835,1,04-08-2023
https://shopee.sg/PUMA-RS-2.0-Mono-Metal-Women's-Sneakers-Evolution-Low-Boot-i.341363989.10671529273?sp_atk=9b08feeb-2d56-4633-958b-7fda4efed932&xptdk=9b08feeb-2d56-4633-958b-7fda4efed932,PUMA RS 2.0 Mono Metal Women's Sneakers Evolution Low Boot,1,04-08-2023
https://shopee.sg/Walking-Tall-Premium-Casual-Shoes-Height-Increase-Shoes-(8-cm)-with-Rubber-OutSole-Mens-Black-Elevator-Shoes-B113D051DP-i.228978173.7572004969?sp_atk=b2566d3e-5dd0-446a-bc12-6d9579616a98&xptdk=b2566d3e-5dd0-446a-bc12-6d9579616a98,Walking Tall Premium Casual Shoes Height Increase Shoes (8 cm) with Rubber OutSole- Mens Black Elevator Shoes B113D051DP,1,04-08-2023
https://shopee.sg/Geox-Man-Shoe-Sneakers-U-Nebula-Black-i.267920682.18079792322?sp_atk=b302eeb1-ea6c-4e28-8b08-cb9030486973&xptdk=b302eeb1-ea6c-4e28-8b08-cb9030486973,Geox Man Shoe Sneakers U Nebula Black,1,04-08-2023
https://shopee.sg/adidas-Lifestyle-Advantage-Shoes-Men-Black-ID9630-i.265436651.22741982948?sp_atk=1f3af170-70d0-45ca-b534-10e4f697869d&xptdk=1f3af170-70d0-45ca-b534-10e4f697869d,adidas Lifestyle Advantage Shoes Men Black ID9630,1,04-08-2023
https://shopee.sg/Geox-Man-Shoe-Sneaker-U-Molveno-Black-i.267920682.23136427099?sp_atk=5875ae74-6d29-4925-adef-96f173f1b7cf&xptdk=5875ae74-6d29-4925-adef-96f173f1b7cf,Geox Man Shoe Sneaker U Molveno Black,1,04-08-2023
https://shopee.sg/Geox-Men-Shoes-Boot-U-Jaylon-Black-i.267920682.4541500614?sp_atk=22981b5b-3b79-41a1-9b17-5e9201f5cb84&xptdk=22981b5b-3b79-41a1-9b17-5e9201f5cb84,Geox Men Shoes Boot U Jaylon Black,1,04-08-2023
https://shopee.sg/Vans-Classic-Comfycush-Old-Skool-Unisex-Sneakers-Men-(Unisex-US-Size)-Black-VN0A3WMAVNE1-i.884975004.19165615941?sp_atk=3278569d-4414-4bbb-8ebc-3b2998d75829&xptdk=3278569d-4414-4bbb-8ebc-3b2998d75829,Vans Classic Comfycush Old Skool Unisex Sneakers Men (Unisex US Size) Black VN0A3WMAVNE1,1,04-08-2023
https://shopee.sg/Sperry-Women's-Crest-Vibe-PLUSHWAVE-Nubuck-Leather-Snake-Emboss-Sneaker-Black-(STS86791)-i.911396071.20166636807?sp_atk=409b2e33-0b53-469f-95d5-3c576b9f7ad1&xptdk=409b2e33-0b53-469f-95d5-3c576b9f7ad1,Sperry Women's Crest Vibe PLUSHWAVE Nubuck Leather Snake Emboss Sneaker - Black (STS86791),1,04-08-2023
https://shopee.sg/Moda-Paolo-Men-Sports-Shoes-in-2-Colours-(601)-i.82022023.21238356597?sp_atk=9c1af370-db97-4f03-b673-6f097b57096a&xptdk=9c1af370-db97-4f03-b673-6f097b57096a,Moda Paolo Men Sports Shoes in 2 Colours (601),1,04-08-2023
https://shopee.sg/Vans-Checkerboard-Old-Skool-Overt-Cc-Sneakers-Women-(Unisex-US-Size)-BLACK-VN0A7Q5E95Y1-i.884975004.16792096929?sp_atk=35963d43-003f-48be-8f26-7e2c796eaf72&xptdk=35963d43-003f-48be-8f26-7e2c796eaf72,Vans Checkerboard Old Skool Overt Cc Sneakers Women (Unisex US Size) BLACK VN0A7Q5E95Y1,1,04-08-2023
https://shopee.sg/Geox-Men-Shoes-Sneaker-U-Nebula-F-Black-i.267920682.20500254826?sp_atk=68388912-f6e8-4f22-ad92-80dcde4ebecb&xptdk=68388912-f6e8-4f22-ad92-80dcde4ebecb,Geox Men Shoes Sneaker U Nebula F Black,2,04-08-2023
https://shopee.sg/BATA-Men-NorthStar-Lace-Up-Sneakers-820X003-i.324728427.13353730110?sp_atk=4f66b676-88b9-497d-a092-5fc5e819fd31&xptdk=4f66b676-88b9-497d-a092-5fc5e819fd31,BATA Men NorthStar Lace Up Sneakers 820X003,2,04-08-2023
https://shopee.sg/PUMA-Bari-Z-Slip-on-Men's-Shoes-(Black)-i.341363989.23642419258?sp_atk=bfe46265-ee09-45fe-b025-d8ee0129cea0&xptdk=bfe46265-ee09-45fe-b025-d8ee0129cea0,PUMA Bari Z Slip-on Men's Shoes (Black),2,04-08-2023
https://shopee.sg/PUMA-Unisex-Flyer-Running-Shoes-i.341363989.8075062112?sp_atk=773e40b6-80a4-49f2-8942-3ef54c5bfdaa&xptdk=773e40b6-80a4-49f2-8942-3ef54c5bfdaa,PUMA Unisex Flyer Running Shoes,2,04-08-2023
https://shopee.sg/Sneaker-D-Rubidia-B-Black-i.267920682.6041479573?sp_atk=334aa087-00e0-4849-aac8-37c9811f68c7&xptdk=334aa087-00e0-4849-aac8-37c9811f68c7,Sneaker D Rubidia B Black,2,04-08-2023
https://shopee.sg/Vans-Monogram-Authentic-Sneakers-Men-(Unisex-US-Size)-BLACK-VN0A5KS9BLA1-i.884975004.10898891824?sp_atk=e5705d61-620b-48ab-875b-6b62b722449a&xptdk=e5705d61-620b-48ab-875b-6b62b722449a,Vans Monogram Authentic Sneakers Men (Unisex US Size) BLACK VN0A5KS9BLA1,2,04-08-2023
https://shopee.sg/BATA-Women-Northstar-Sneakers-589X835-i.324728427.19535222842?sp_atk=2f76d70d-7748-4a92-b990-b34d21cc14f0&xptdk=2f76d70d-7748-4a92-b990-b34d21cc14f0,BATA Women Northstar Sneakers 589X835,2,04-08-2023
https://shopee.sg/Skechers-Men-Sport-Casual-D'Lux-Trail-Shoes-237336-BKGY-Air-Cooled-Memory-Foam-i.84710867.22308384167?sp_atk=4d14029c-e55a-4dd5-b23f-fafb1976060b&xptdk=4d14029c-e55a-4dd5-b23f-fafb1976060b,Skechers Men Sport Casual D'Lux Trail Shoes - 237336-BKGY Air-Cooled Memory Foam,2,04-08-2023
https://shopee.sg/Moda-Paolo-Unisex-School-Shoes-in-2-Colours-(2619)-i.82022023.21457803944?sp_atk=8c0457fc-cbd6-481a-b0da-1820bc67201d&xptdk=8c0457fc-cbd6-481a-b0da-1820bc67201d,Moda Paolo Unisex School Shoes in 2 Colours (2619),2,04-08-2023
https://shopee.sg/ASICS-Men-JOG-100S-Sportstyle-Shoes-in-Black-Black-i.455553838.18272582688?sp_atk=021cb118-8856-44b8-bfa3-e079d3e8ecb8&xptdk=021cb118-8856-44b8-bfa3-e079d3e8ecb8,ASICS Men JOG 100S Sportstyle Shoes in Black/Black,2,04-08-2023
https://shopee.sg/Vans-Checkerboard-Old-Skool-Overt-Cc-Sneakers-Women-(Unisex-US-Size)-BLACK-VN0A7Q5E95Y1-i.884975004.16792096929?sp_atk=ec46528a-91a3-4b42-8eff-8b53442c3b84&xptdk=ec46528a-91a3-4b42-8eff-8b53442c3b84,Vans Checkerboard Old Skool Overt Cc Sneakers Women (Unisex US Size) BLACK VN0A7Q5E95Y1,2,04-08-2023
https://shopee.sg/Walking-Tall-Premium-Casual-Sneakers-Shoes-Height-Increase-Shoes-(7-cm)-with-Rubber-OutSole-black-with-grey-YL788202-i.228978173.19566238202?sp_atk=32595ee1-2765-4ffe-9347-6e93c0dfc6cd&xptdk=32595ee1-2765-4ffe-9347-6e93c0dfc6cd,Walking Tall Premium Casual Sneakers Shoes | Height Increase Shoes (7 cm) with Rubber OutSole - black with grey-YL788202,2,04-08-2023
https://shopee.sg/Vans-Old-Skool-Unisex-Sneakers-Women-(Unisex-US-Size)-Basic-Black-VN000D3HY281-i.884975004.19665900851?sp_atk=88c9bcf4-8cef-436f-a2b0-a97b833d5256&xptdk=88c9bcf4-8cef-436f-a2b0-a97b833d5256,Vans Old Skool Unisex Sneakers Women (Unisex US Size) Basic Black VN000D3HY281,2,04-08-2023
https://shopee.sg/Skechers-Men-SKECHERS-USA-Respected-Lowry-Shoes-204436-BLK-Air-Cooled-Memory-Foam-Sneakers-Casual-i.84710867.21572116231?sp_atk=23ee2bc6-8bab-4e69-9986-7ae9463c0d1f&xptdk=23ee2bc6-8bab-4e69-9986-7ae9463c0d1f,"Skechers Men SKECHERS USA Respected Lowry Shoes - 204436-BLK - Air-Cooled Memory Foam, Sneakers, Casual",2,04-08-2023
https://shopee.sg/adidas-Lifestyle-Treziod-2.0-Shoes-Men-Black-GY0051-i.265436651.12298233178?sp_atk=21eb3c6f-73c5-4fa8-a76b-3944a0114925&xptdk=21eb3c6f-73c5-4fa8-a76b-3944a0114925,adidas Lifestyle Treziod 2.0 Shoes Men Black GY0051,2,04-08-2023
https://shopee.sg/Skechers-Men-SKECHERS-USA-Respected-Catel-Shoes-204321-BLK-Air-Cooled-Memory-Foam-Sneakers-Casual-i.84710867.17754859729?sp_atk=b1f722d7-def1-4282-96db-e2a7198cd375&xptdk=b1f722d7-def1-4282-96db-e2a7198cd375,"Skechers Men SKECHERS USA Respected Catel Shoes - 204321-BLK - Air-Cooled Memory Foam, Sneakers, Casual",2,04-08-2023
https://shopee.sg/PUMA-Wired-Run-Slip-On-Metallics-Women-Sneakers-(Black)-i.341363989.22319982869?sp_atk=10bab17b-c6fa-4c63-b44e-9feae8275d7b&xptdk=10bab17b-c6fa-4c63-b44e-9feae8275d7b,PUMA Wired Run Slip-On Metallics Women Sneakers (Black),2,04-08-2023
https://shopee.sg/Vans-Double-Light-Gum-Style-36-Sneakers-Women-(Unisex-US-Size)-BLACK-VN0A3DZ31KP1-i.884975004.19765662361?sp_atk=7db89e85-4f4d-4f2e-97fc-27d072476663&xptdk=7db89e85-4f4d-4f2e-97fc-27d072476663,Vans Double Light Gum Style 36 Sneakers Women (Unisex US Size) BLACK VN0A3DZ31KP1,2,04-08-2023
https://shopee.sg/Geox-Men-Shoes-Semi-Classic-Uomo-Symbol-D-Black-i.267920682.7846015550?sp_atk=2cbc2080-931a-4ba5-b722-d1e5cd021817&xptdk=2cbc2080-931a-4ba5-b722-d1e5cd021817,Geox Men Shoes Semi Classic Uomo Symbol D Black,2,04-08-2023
https://shopee.sg/Skechers-Men-Slip-Ins-GOwalk-6-Easy-On-Walking-Shoes-216278-BBK-Air-Cooled-Memory-Foam-Sneakers-Casual-i.84710867.19270968312?sp_atk=e82abc1b-564d-48f3-908f-72f43bc55e01&xptdk=e82abc1b-564d-48f3-908f-72f43bc55e01,"Skechers Men Slip-Ins GOwalk 6 Easy On Walking Shoes - 216278-BBK - Air-Cooled Memory Foam, Sneakers, Casual",2,04-08-2023
https://shopee.sg/Geox-Men-Shoes-Sneaker-U-Kaven-A-Black-i.267920682.5553132056?sp_atk=906377ea-06ed-4169-9594-9dcf4c3d968f&xptdk=906377ea-06ed-4169-9594-9dcf4c3d968f,Geox Men Shoes Sneaker U Kaven A Black,2,04-08-2023
https://shopee.sg/Geox-Men-Shoes-Sneaker-U-Kaven-Black-i.267920682.6741499278?sp_atk=b10ced9c-3b96-4064-8999-1826475a852d&xptdk=b10ced9c-3b96-4064-8999-1826475a852d,Geox Men Shoes Sneaker U Kaven Black,2,04-08-2023
https://shopee.sg/Geox-Men-Shoes-Sneaker-U-Modual-B-Abx-Black-i.267920682.5641579673?sp_atk=09735821-6297-4a10-9872-36a3a9678413&xptdk=09735821-6297-4a10-9872-36a3a9678413,Geox Men Shoes Sneaker U Modual B Abx Black,2,04-08-2023
https://shopee.sg/Geox-Men-Shoes-Sneaker-U-Box-F-Black-Anthracite-i.267920682.4446021907?sp_atk=dedba4aa-d0bf-48b8-9d31-80e43dd5ee41&xptdk=dedba4aa-d0bf-48b8-9d31-80e43dd5ee41,Geox Men Shoes Sneaker U Box F Black/Anthracite,2,04-08-2023
https://shopee.sg/Vans-x-Miro-Wujo-Year-of-the-Rabbit-Sk8-Hi-Sneakers-Women-(Unisex-US-Size)-BLACK-VN0A4BVTY8J1-i.884975004.18371061266?sp_atk=a3d106a8-5a2f-4c67-912f-3971f4eedf57&xptdk=a3d106a8-5a2f-4c67-912f-3971f4eedf57,Vans x Miro&Wujo Year of the Rabbit Sk8-Hi Sneakers Women (Unisex US Size) BLACK VN0A4BVTY8J1,2,04-08-2023
https://shopee.sg/DR.KONG-MEN'S-EZWALK-SNEAKERS-DK-CE000915-WBK-i.276299695.15513229298?sp_atk=bf293217-33c9-4c62-9ff2-6c628ddbab24&xptdk=bf293217-33c9-4c62-9ff2-6c628ddbab24,DR.KONG MEN'S EZWALK SNEAKERS DK-CE000915-WBK,2,04-08-2023
https://shopee.sg/adidas-Lifestyle-Stan-Smith-Shoes-Men-Black-FX5499-i.265436651.22266480992?sp_atk=9c91c7cb-92bf-4f9f-a97e-d32b926e1b4f&xptdk=9c91c7cb-92bf-4f9f-a97e-d32b926e1b4f,adidas Lifestyle Stan Smith Shoes Men Black FX5499,2,04-08-2023
https://shopee.sg/Skechers-Women-Sport-Active-Microburst-2.0-Wish-List-Shoes-104264-BBK-Air-Cooled-Memory-Foam-Sneakers-Casual-i.84710867.16092724298?sp_atk=6416e305-ce52-4ca8-b149-ecf0f11efc2f&xptdk=6416e305-ce52-4ca8-b149-ecf0f11efc2f,"Skechers Women Sport Active Microburst 2.0 Wish List Shoes - 104264-BBK - Air-Cooled Memory Foam, Sneakers, Casual",2,04-08-2023
https://shopee.sg/Geox-Men-Shoes-Sneaker-U-Nebula-F-Black-Royal-i.267920682.4353135598?sp_atk=d069c195-8321-4be4-986b-27155bbc1625&xptdk=d069c195-8321-4be4-986b-27155bbc1625,Geox Men Shoes Sneaker U Nebula F Black/Royal,2,04-08-2023
https://shopee.sg/Moda-Paolo-Unisex-School-Shoes-in-2-Colours-(488)-i.82022023.21252579953?sp_atk=ff933afd-e99c-4adb-8c2f-9cae6a5525de&xptdk=ff933afd-e99c-4adb-8c2f-9cae6a5525de,Moda Paolo Unisex School Shoes in 2 Colours (488),2,04-08-2023
https://shopee.sg/Geox-Men-Shoes-Sneaker-U-Nebula-4-X-4-B-Abx-A-Black-i.267920682.7346046822?sp_atk=68bd13da-49b6-481a-a2c9-a26193bad7a7&xptdk=68bd13da-49b6-481a-a2c9-a26193bad7a7,Geox Men Shoes Sneaker U Nebula 4 X 4 B Abx A Black,2,04-08-2023
https://shopee.sg/Vans-Classic-Comfycush-Era-Unisex-Sneakers-Women-(Unisex-US-Size)-Black-VN0A3WM9VNE1-i.884975004.19865626394?sp_atk=8cf796b7-2fd9-49a1-ba38-c9033646e9bf&xptdk=8cf796b7-2fd9-49a1-ba38-c9033646e9bf,Vans Classic Comfycush Era Unisex Sneakers Women (Unisex US Size) Black VN0A3WM9VNE1,2,04-08-2023
https://shopee.sg/CLARKS-Driftway-Low-Black-Leather-Mens-Shoes-i.119320434.13695566108?sp_atk=51dfb28c-d03c-4039-b795-58ad72ca0828&xptdk=51dfb28c-d03c-4039-b795-58ad72ca0828,CLARKS Driftway Low Black Leather Mens Shoes,2,04-08-2023
https://shopee.sg/ASICS-Unisex-QUANTUM-LYTE-SLIP-ON-Sportstyle-Shoes-in-Black-Black-i.455553838.20574608991?sp_atk=2497d8d7-c8a7-460b-ba7a-0c0c095c2e38&xptdk=2497d8d7-c8a7-460b-ba7a-0c0c095c2e38,ASICS Unisex QUANTUM LYTE SLIP-ON Sportstyle Shoes in Black/Black,2,04-08-2023
https://shopee.sg/Geox-Men-Shoes-Classic-Shoe-U-Calgary-Black-i.267920682.6745488230?sp_atk=c3aaf6b3-b5de-4503-a045-4f58485f046c&xptdk=c3aaf6b3-b5de-4503-a045-4f58485f046c,Geox Men Shoes Classic Shoe U Calgary Black,2,04-08-2023
https://shopee.sg/Vans-Delridge-SF-Sneakers-Men-(Unisex-US-Size)-BLACK-VN0A4BXHBA21-i.884975004.21065880865?sp_atk=49095d85-c20e-46d7-aa4f-350e452010c8&xptdk=49095d85-c20e-46d7-aa4f-350e452010c8,Vans Delridge SF Sneakers Men (Unisex US Size) BLACK VN0A4BXHBA21,2,04-08-2023
https://shopee.sg/Skechers-Men-GOwalk-6-Shoes-216275-BBK-Air-Cooled-Goga-Mat-i.84710867.20888096367?sp_atk=4d57890f-b40d-47a2-9758-2e564c6abde1&xptdk=4d57890f-b40d-47a2-9758-2e564c6abde1,Skechers Men GOwalk 6 Shoes - 216275-BBK Air-Cooled Goga Mat,2,04-08-2023
https://shopee.sg/Geox-Women-Shoes-Sneaker-D-Rubidia-B-Black-i.267920682.6946038640?sp_atk=2d575c44-7b1f-4394-ab8d-209ec23a511a&xptdk=2d575c44-7b1f-4394-ab8d-209ec23a511a,Geox Women Shoes Sneaker D Rubidia B Black,2,04-08-2023
https://shopee.sg/Skechers-Men-GOwalk-6-Esquire-Walking-Shoes-216625-BKLM-Air-Cooled-Goga-Mat-Comfort-Pillar-Technology-i.84710867.21081706292?sp_atk=f3148eb5-c283-4e8d-be6d-b0367c42e2c3&xptdk=f3148eb5-c283-4e8d-be6d-b0367c42e2c3,Skechers Men GOwalk 6 Esquire Walking Shoes - 216625-BKLM Air-Cooled Goga Mat Comfort Pillar Technology,2,04-08-2023
https://shopee.sg/Geox-Men-Shoes-Sneaker-U-Colbyn-White-Black-i.267920682.6541484148?sp_atk=35134c6a-30e2-4d24-8813-bffe31e0a2cd&xptdk=35134c6a-30e2-4d24-8813-bffe31e0a2cd,Geox Men Shoes Sneaker U Colbyn White/Black,2,04-08-2023
https://shopee.sg/Nike-Court-Vision-Mid-Next-Nature-Men's-Shoes-DN3577-101-i.228636149.16216216687?sp_atk=1883044c-7dfa-4d18-b6db-98b05a86ac5d&xptdk=1883044c-7dfa-4d18-b6db-98b05a86ac5d,Nike Court Vision Mid Next Nature Men's Shoes DN3577-101,2,04-08-2023
https://shopee.sg/Geox-Women-Shoes-Sneaker-D-Nebula-X-Black-i.267920682.5245482168?sp_atk=ed5ad9fa-e4d0-44ab-89e5-310b40f981bd&xptdk=ed5ad9fa-e4d0-44ab-89e5-310b40f981bd,Geox Women Shoes Sneaker D Nebula X Black,2,04-08-2023
https://shopee.sg/Moda-Paolo-Unisex-School-Shoes-in-2-Colours-(174)-i.82022023.1759268494?sp_atk=ff25bccf-233d-48a8-89ff-951b2c5c5399&xptdk=ff25bccf-233d-48a8-89ff-951b2c5c5399,Moda Paolo Unisex School Shoes in 2 Colours (174),2,04-08-2023
https://shopee.sg/-NEW-PUMA-Caracal-Men's-Shoes-(White)-i.341363989.23447455717?sp_atk=1cfc386c-b56e-4bfb-b44d-e9155ba511e0&xptdk=1cfc386c-b56e-4bfb-b44d-e9155ba511e0,[NEW] PUMA Caracal Men's Shoes (White),2,04-08-2023
https://shopee.sg/Vans-Garden-Party-Sk8-Hi-Tapered-Sneakers-Women-(Unisex-US-Size)-BLACK-VN0A5KRUBM81-i.884975004.23133917002?sp_atk=fbc38f27-b2af-4592-ace9-8b35e2831071&xptdk=fbc38f27-b2af-4592-ace9-8b35e2831071,Vans Garden Party Sk8-Hi Tapered Sneakers Women (Unisex US Size) BLACK VN0A5KRUBM81,2,04-08-2023
https://shopee.sg/Moda-Paolo-Women-Sneakers-in-2-Colours-(9)-i.82022023.18369344950?sp_atk=9a564f5c-e5a1-4505-9d66-21de6f7265cc&xptdk=9a564f5c-e5a1-4505-9d66-21de6f7265cc,Moda Paolo Women Sneakers in 2 Colours (9),2,04-08-2023
https://shopee.sg/Geox-Women-Shoes-Sneaker-D-Ottaya-Black-i.267920682.7841488438?sp_atk=fb89858a-5fdc-469a-a05a-0ab09754e28a&xptdk=fb89858a-5fdc-469a-a05a-0ab09754e28a,Geox Women Shoes Sneaker D Ottaya Black,2,04-08-2023
https://shopee.sg/adidas-Lifestyle-Continental-80-Shoes-Unisex-Black-G27707-i.265436651.7543507764?sp_atk=6ab8b96a-7499-4b2b-9090-ba80c60e4ed3&xptdk=6ab8b96a-7499-4b2b-9090-ba80c60e4ed3,adidas Lifestyle Continental 80 Shoes Unisex Black G27707,2,04-08-2023
https://shopee.sg/Geox-Women-Shoes-Sneaker-D-Pontoise-Tobacco-Black-i.267920682.7441577700?sp_atk=4db53ea6-df0e-4bc1-b727-f4fd7b1a93b6&xptdk=4db53ea6-df0e-4bc1-b727-f4fd7b1a93b6,Geox Women Shoes Sneaker D Pontoise Tobacco/Black,2,04-08-2023
https://shopee.sg/Skechers-Online-Exclusive-Women-Work-Riverbound-Slip-Resistant-Pasay-Work-Shoes-108067-BLK-Arch-Fit-Slip-Resistant-i.84710867.19427816768?sp_atk=fadd2077-900e-4e3c-8119-12b74f947ac4&xptdk=fadd2077-900e-4e3c-8119-12b74f947ac4,"Skechers Online Exclusive Women Work Riverbound Slip Resistant Pasay Work Shoes - 108067-BLK Arch Fit, Slip Resistant",2,04-08-2023
https://shopee.sg/adidas-Lifestyle-Stan-Smith-Crepe-Shoes-Men-Black-FZ6439-i.265436651.18279302868?sp_atk=c9a4ded3-ed5d-491c-91b5-d45f989a8799&xptdk=c9a4ded3-ed5d-491c-91b5-d45f989a8799,adidas Lifestyle Stan Smith Crepe Shoes Men Black FZ6439,2,04-08-2023
https://shopee.sg/Geox-Men-Shoes-Sneaker-U-Smoother-A-Black-Royal-i.267920682.10517574925?sp_atk=34f18c4c-7331-4fbf-b15a-061b4d27d9fd&xptdk=34f18c4c-7331-4fbf-b15a-061b4d27d9fd,Geox Men Shoes Sneaker U Smoother A Black/Royal,2,04-08-2023
https://shopee.sg/PUMA-Eternity-Nitro-Men's-Running-Shoes-(Black)-i.341363989.22266466298?sp_atk=87796bca-c53a-4b62-ad4a-bd08c99108d8&xptdk=87796bca-c53a-4b62-ad4a-bd08c99108d8,PUMA Eternity Nitro Men's Running Shoes (Black),2,04-08-2023
https://shopee.sg/Vans-Classic-Comfycush-Old-Skool-Unisex-Sneakers-Women-(Unisex-US-Size)-Black-VN0A3WMAVNE1-i.884975004.21765604102?sp_atk=1285ee8a-3cd6-4438-828b-5123c41b1736&xptdk=1285ee8a-3cd6-4438-828b-5123c41b1736,Vans Classic Comfycush Old Skool Unisex Sneakers Women (Unisex US Size) Black VN0A3WMAVNE1,2,04-08-2023
https://shopee.sg/VANS-AUTHENTIC-BLACK-BLACK-i.280432311.9295765045?sp_atk=1b1475f8-2dae-437a-800a-e0799b4e8181&xptdk=1b1475f8-2dae-437a-800a-e0799b4e8181,VANS AUTHENTIC BLACK/BLACK,2,04-08-2023
https://shopee.sg/adidas-Lifestyle-Nizza-RF-Slip-Shoes-Unisex-Black-S23722-i.265436651.10622072623?sp_atk=9430c3a9-cfd3-4eb5-87ba-2c3d301ea636&xptdk=9430c3a9-cfd3-4eb5-87ba-2c3d301ea636,adidas Lifestyle Nizza RF Slip Shoes Unisex Black S23722,2,04-08-2023
https://shopee.sg/PUMA-Bari-Mule-Men's-Shoes-(Black)-i.341363989.20677039992?sp_atk=c467519c-634f-4bc8-9b8f-d9ab4def99d0&xptdk=c467519c-634f-4bc8-9b8f-d9ab4def99d0,PUMA Bari Mule Men's Shoes (Black),2,04-08-2023
https://shopee.sg/BATA-Red-Label-Women-Sneaker-560X323-i.324728427.23629481554?sp_atk=a33240e8-e912-4d25-a61e-e055c46ef877&xptdk=a33240e8-e912-4d25-a61e-e055c46ef877,BATA Red Label Women Sneaker 560X323,2,04-08-2023
https://shopee.sg/Geox-Men-Shoes-Sneaker-U-Nebula-C-Black-i.267920682.4453135526?sp_atk=eea7009d-07b5-45a2-a601-644d0c7a3e69&xptdk=eea7009d-07b5-45a2-a601-644d0c7a3e69,Geox Men Shoes Sneaker U Nebula C Black,2,04-08-2023
https://shopee.sg/Skechers-Men-GOwalk-Flex-Rightful-Walking-Shoes-216482-CCBK-Air-Cooled-Goga-Mat-Sneakers-Casual-i.84710867.21422714228?sp_atk=79f85b81-90ca-4378-ba0d-97a1a22c545c&xptdk=79f85b81-90ca-4378-ba0d-97a1a22c545c,"Skechers Men GOwalk Flex Rightful Walking Shoes - 216482-CCBK - Air-Cooled Goga Mat, Sneakers, Casual",2,04-08-2023
https://shopee.sg/Geox-Men-Shoes-Classic-Shoe-U-Calgary-Black-i.267920682.6745488230?sp_atk=0210b9ba-0b96-4df8-bfe8-5020f010718f&xptdk=0210b9ba-0b96-4df8-bfe8-5020f010718f,Geox Men Shoes Classic Shoe U Calgary Black,3,04-08-2023
https://shopee.sg/Skechers-Men-GOwalk-6-Esquire-Walking-Shoes-216625-BKLM-Air-Cooled-Goga-Mat-Comfort-Pillar-Technology-i.84710867.21081706292?sp_atk=88353bcd-1707-487e-9ad0-fa867ad70ccf&xptdk=88353bcd-1707-487e-9ad0-fa867ad70ccf,Skechers Men GOwalk 6 Esquire Walking Shoes - 216625-BKLM Air-Cooled Goga Mat Comfort Pillar Technology,3,04-08-2023
https://shopee.sg/Geox-Women-Shoes-Sneaker-D-Nebula-4-X-4-B-Abx-Black-i.267920682.4041578092?sp_atk=e969f3b1-bf4a-4ec9-8aef-750b6473e7fe&xptdk=e969f3b1-bf4a-4ec9-8aef-750b6473e7fe,Geox Women Shoes Sneaker D Nebula 4 X 4 B Abx Black,3,04-08-2023
https://shopee.sg/Superga-Classic-2750-Black-Full-White-i.172406425.11635590299?sp_atk=96e3aca1-2d91-4724-9313-db0f4470911b&xptdk=96e3aca1-2d91-4724-9313-db0f4470911b,Superga Classic 2750  Black-Full White,3,04-08-2023
https://shopee.sg/ASICS-Unisex-QUANTUM-LYTE-SLIP-ON-Sportstyle-Shoes-in-Black-Black-i.455553838.20574608991?sp_atk=b77fe324-922f-4715-8a73-cfddb72e73b1&xptdk=b77fe324-922f-4715-8a73-cfddb72e73b1,ASICS Unisex QUANTUM LYTE SLIP-ON Sportstyle Shoes in Black/Black,3,04-08-2023
https://shopee.sg/Vans-Ultrarange-Exo-Unisex-Sneakers-Women-(Unisex-US-Size)-Black-VN0A4U1KBLK1-i.884975004.22308358815?sp_atk=b800412d-27e7-44ae-98b1-a90c69435611&xptdk=b800412d-27e7-44ae-98b1-a90c69435611,Vans Ultrarange Exo Unisex Sneakers Women (Unisex US Size) Black VN0A4U1KBLK1,3,04-08-2023
https://shopee.sg/Geox-Women-Shoes-Sneaker-D-Noovae-A-Black-i.267920682.4953070885?sp_atk=c473a68a-9f71-4392-9c2c-36ff3a224735&xptdk=c473a68a-9f71-4392-9c2c-36ff3a224735,Geox Women Shoes Sneaker D Noovae A Black,3,04-08-2023
https://shopee.sg/Geox-Women-Shoes-Sneaker-D-Suzzie-B-Black-Off-White-i.267920682.3780239220?sp_atk=3fb2b076-5c1e-46fc-a55b-0192aa31cdea&xptdk=3fb2b076-5c1e-46fc-a55b-0192aa31cdea,Geox Women Shoes Sneaker D Suzzie B Black/Off White,3,04-08-2023
https://shopee.sg/Vans-Anaheim-Factory-Old-Skool-36-DX-Sneakers-Unisex-(Unisex-US-Size)-Black-VN0A38G2PXC1-i.884975004.18665616937?sp_atk=70e5dd52-8cbd-454b-b135-f98842988505&xptdk=70e5dd52-8cbd-454b-b135-f98842988505,Vans Anaheim Factory Old Skool 36 DX Sneakers Unisex (Unisex US Size) Black VN0A38G2PXC1,3,04-08-2023
https://shopee.sg/Skechers-Men-GOwalk-Flex-Rightful-Walking-Shoes-216482-CCBK-Air-Cooled-Goga-Mat-Sneakers-Casual-i.84710867.21422714228?sp_atk=384ce4b3-0cc8-4819-8306-02a1162e0777&xptdk=384ce4b3-0cc8-4819-8306-02a1162e0777,"Skechers Men GOwalk Flex Rightful Walking Shoes - 216482-CCBK - Air-Cooled Goga Mat, Sneakers, Casual",3,04-08-2023
https://shopee.sg/Geox-Men-Shoes-Sneaker-U-Kaven-A-Black-i.267920682.5553132056?sp_atk=192b4152-28fd-4650-ae2a-90018169e596&xptdk=192b4152-28fd-4650-ae2a-90018169e596,Geox Men Shoes Sneaker U Kaven A Black,3,04-08-2023
https://shopee.sg/Converse-CTAS-Move-Platform-Festival-Smoothie-Women's-Sneakers-Black-Egret-Green-Beam-i.252818873.22545868230?sp_atk=01b0c7d4-5d06-42f1-967f-21141666c85f&xptdk=01b0c7d4-5d06-42f1-967f-21141666c85f,Converse CTAS Move Platform Festival Smoothie Women's Sneakers - Black/Egret/Green Beam,3,04-08-2023
https://shopee.sg/BATA-Red-Label-Men-Sneakers-851X785-i.324728427.21371887455?sp_atk=effccd57-17be-40eb-8413-ac9be97338a2&xptdk=effccd57-17be-40eb-8413-ac9be97338a2,BATA Red Label Men Sneakers 851X785,3,04-08-2023
https://shopee.sg/Geox-Women-Shoes-Sneaker-D-Nexside-Black-i.267920682.4341582131?sp_atk=d6c72648-9d51-4d8a-a1a5-a21c9cdf30ce&xptdk=d6c72648-9d51-4d8a-a1a5-a21c9cdf30ce,Geox Women Shoes Sneaker D Nexside Black,3,04-08-2023
https://shopee.sg/Geox-Men-Shoes-Sneaker-U-Box-F-Black-Anthracite-i.267920682.4446021907?sp_atk=11e54bb3-35a1-4346-806c-d4fc47061c1a&xptdk=11e54bb3-35a1-4346-806c-d4fc47061c1a,Geox Men Shoes Sneaker U Box F Black/Anthracite,3,04-08-2023
https://shopee.sg/Geox-Men-Shoes-Sneaker-U-Colbyn-White-Black-i.267920682.6541484148?sp_atk=23f3582a-e515-40e5-8070-6b2370d7091c&xptdk=23f3582a-e515-40e5-8070-6b2370d7091c,Geox Men Shoes Sneaker U Colbyn White/Black,3,04-08-2023
https://shopee.sg/adidas-Lifestyle-Stan-Smith-Shoes-Men-Black-FX5499-i.265436651.22266480992?sp_atk=a60163bd-b19b-472c-b03d-eb7e7ea6f7f9&xptdk=a60163bd-b19b-472c-b03d-eb7e7ea6f7f9,adidas Lifestyle Stan Smith Shoes Men Black FX5499,3,04-08-2023
https://shopee.sg/Nike-Court-Vision-Mid-Next-Nature-Men's-Shoes-DN3577-101-i.228636149.16216216687?sp_atk=06f47eb1-47bf-4f6a-930f-deccac0a2841&xptdk=06f47eb1-47bf-4f6a-930f-deccac0a2841,Nike Court Vision Mid Next Nature Men's Shoes DN3577-101,3,04-08-2023
https://shopee.sg/Vans-Delridge-SF-Sneakers-Men-(Unisex-US-Size)-BLACK-VN0A4BXHBA21-i.884975004.21065880865?sp_atk=228176dc-b370-4f6c-94fc-7d3b1da20494&xptdk=228176dc-b370-4f6c-94fc-7d3b1da20494,Vans Delridge SF Sneakers Men (Unisex US Size) BLACK VN0A4BXHBA21,3,04-08-2023
https://shopee.sg/Geox-Men-Shoes-Sneaker-U-Nebula-C-Black-i.267920682.4453135526?sp_atk=9e3c030c-278b-40c7-9f01-65d74021d6a1&xptdk=9e3c030c-278b-40c7-9f01-65d74021d6a1,Geox Men Shoes Sneaker U Nebula C Black,3,04-08-2023
https://shopee.sg/PUMA-Carina-PFS-Women's-Shoes-Basics-i.341363989.2974605079?sp_atk=afc8b723-d4dc-4e8a-a3ff-83cc6657a902&xptdk=afc8b723-d4dc-4e8a-a3ff-83cc6657a902,PUMA Carina PFS Women's Shoes Basics,3,04-08-2023
https://shopee.sg/Moda-Paolo-Unisex-School-Shoes-in-2-Colours-(174)-i.82022023.1759268494?sp_atk=35323161-e222-4259-b3d4-86a4085eb5ff&xptdk=35323161-e222-4259-b3d4-86a4085eb5ff,Moda Paolo Unisex School Shoes in 2 Colours (174),3,04-08-2023
https://shopee.sg/Geox-Women-Shoes-Sneaker-D-Nexside-Black-i.267920682.7541580016?sp_atk=9516c58c-3815-46da-91fa-5e855949e606&xptdk=9516c58c-3815-46da-91fa-5e855949e606,Geox Women Shoes Sneaker D Nexside Black,3,04-08-2023
https://shopee.sg/Moda-Paolo-Unisex-School-Shoes-in-2-Colours-(488)-i.82022023.21252579953?sp_atk=96019fcb-5231-450a-b870-be646654dbe5&xptdk=96019fcb-5231-450a-b870-be646654dbe5,Moda Paolo Unisex School Shoes in 2 Colours (488),3,04-08-2023
https://shopee.sg/PUMA-Bari-Z-Slip-on-Men's-Shoes-(Black)-i.341363989.23642419258?sp_atk=0480b793-bdbb-49c2-9e60-e5eec6cc77be&xptdk=0480b793-bdbb-49c2-9e60-e5eec6cc77be,PUMA Bari Z Slip-on Men's Shoes (Black),3,04-08-2023
https://shopee.sg/Vans-Sk8-Low-Unisex-Sneakers-(Women-Us-Size)-Black-VN0A4UUK6BT1-i.884975004.18565615974?sp_atk=f67fa825-dc89-4ace-aab4-3e3b9ce2b88d&xptdk=f67fa825-dc89-4ace-aab4-3e3b9ce2b88d,Vans Sk8-Low Unisex Sneakers (Women Us Size) Black VN0A4UUK6BT1,3,04-08-2023
https://shopee.sg/Geox-Men-Shoes-Classic-Shoe-Uomo-Federico-Black-i.267920682.6045416510?sp_atk=9ab3489c-c8cb-4bcf-9681-202e9c12be47&xptdk=9ab3489c-c8cb-4bcf-9681-202e9c12be47,Geox Men Shoes Classic Shoe Uomo Federico Black,3,04-08-2023
https://shopee.sg/FitFlop-F-MODE-Women's-Leather-Suede-Flatform-Sneakers-Black-(FR1-001)-i.524040819.22215930133?sp_atk=359b0535-ec9c-4060-b058-b3419e143fc6&xptdk=359b0535-ec9c-4060-b058-b3419e143fc6,FitFlop F-MODE Women's Leather Suede Flatform Sneakers - Black (FR1-001),3,04-08-2023
https://shopee.sg/Vans-Old-Skool-Sneakers-Unisex-(Unisex-US-Size)-Black-VN0A38G1P0S1-i.884975004.22008363480?sp_atk=ebca1090-f6ce-4872-a050-e1a9f5eb9786&xptdk=ebca1090-f6ce-4872-a050-e1a9f5eb9786,Vans Old Skool Sneakers Unisex (Unisex US Size) Black VN0A38G1P0S1,3,04-08-2023
https://shopee.sg/Geox-Women-Shoes-Sneaker-D-Myria-Black-i.267920682.5341485727?sp_atk=f804dd0f-a01d-448a-a7a8-64fcb3c5e558&xptdk=f804dd0f-a01d-448a-a7a8-64fcb3c5e558,Geox Women Shoes Sneaker D Myria Black,3,04-08-2023
https://shopee.sg/Moda-Paolo-Unisex-School-Shoes-in-2-Colours-(2619)-i.82022023.21457803944?sp_atk=add17a38-c33e-419b-bb8b-a602fcb8e2a3&xptdk=add17a38-c33e-419b-bb8b-a602fcb8e2a3,Moda Paolo Unisex School Shoes in 2 Colours (2619),3,04-08-2023
https://shopee.sg/Skechers-Women-Sport-Pure-Genius-Shoes-8750001-BKPK-i.84710867.22845002273?sp_atk=96d00830-8c06-416d-b55f-84994eb08f41&xptdk=96d00830-8c06-416d-b55f-84994eb08f41,Skechers Women Sport Pure Genius Shoes - 8750001-BKPK,3,04-08-2023
https://shopee.sg/Geox-Men-Shoes-Sneaker-U-Smoother-A-Black-Royal-i.267920682.10517574925?sp_atk=b8327280-b0b1-414d-98d3-b5719d1cd917&xptdk=b8327280-b0b1-414d-98d3-b5719d1cd917,Geox Men Shoes Sneaker U Smoother A Black/Royal,3,04-08-2023
https://shopee.sg/Vans-Comfycush-Sk8-Hi-Sneakers-Women-(Unisex-US-Size)-BLACK-VN0A3WMBVNE1-i.884975004.23817666363?sp_atk=03fc692a-ab33-423c-bfc8-4db0ac1179c0&xptdk=03fc692a-ab33-423c-bfc8-4db0ac1179c0,Vans Comfycush Sk8-Hi Sneakers Women (Unisex US Size) BLACK VN0A3WMBVNE1,3,04-08-2023
https://shopee.sg/Northstar-Women-White-Lace-Up-Sneakers-Yumi-520X052-i.324728427.19369483637?sp_atk=964a2558-81b0-4b0e-928d-203876a30fc7&xptdk=964a2558-81b0-4b0e-928d-203876a30fc7,Northstar Women White Lace Up Sneakers Yumi 520X052,3,04-08-2023
https://shopee.sg/adidas-Lifestyle-Stan-Smith-Crepe-Shoes-Men-Black-FZ6439-i.265436651.18279302868?sp_atk=ba677fc6-8499-4933-a441-d76a9751285b&xptdk=ba677fc6-8499-4933-a441-d76a9751285b,adidas Lifestyle Stan Smith Crepe Shoes Men Black FZ6439,3,04-08-2023
https://shopee.sg/PUMA-Unisex-Flex-Essential-Slip-On-Shoes-(Black)-i.341363989.22133436560?sp_atk=c139b4f0-32f1-43ad-94eb-4d9db297ea1e&xptdk=c139b4f0-32f1-43ad-94eb-4d9db297ea1e,PUMA Unisex Flex Essential Slip On Shoes (Black),3,04-08-2023
https://shopee.sg/adidas-Lifestyle-Continental-80-Shoes-Unisex-Black-G27707-i.265436651.7543507764?sp_atk=ac35edf2-cfde-41ad-b5ac-0ddc0c5a7f7d&xptdk=ac35edf2-cfde-41ad-b5ac-0ddc0c5a7f7d,adidas Lifestyle Continental 80 Shoes Unisex Black G27707,3,04-08-2023
https://shopee.sg/VANS-Style-36-Suede-Marshmallow-Black-Unisex-(LF)-i.280432311.23722415932?sp_atk=7a70b86f-0fde-4b0e-a81b-15324fd9adb4&xptdk=7a70b86f-0fde-4b0e-a81b-15324fd9adb4,VANS Style 36 Suede Marshmallow/ Black Unisex (LF),3,04-08-2023
https://shopee.sg/PUMA-Eternity-Nitro-Men's-Running-Shoes-(Black)-i.341363989.22266466298?sp_atk=6ac708a9-ede1-4a28-8e54-5e4b5a276de0&xptdk=6ac708a9-ede1-4a28-8e54-5e4b5a276de0,PUMA Eternity Nitro Men's Running Shoes (Black),3,04-08-2023
https://shopee.sg/Skechers-Men-Max-Cushioning-Delta-Spectral-Running-Shoes-220357-BKRD-Air-Cooled-Goga-Mat-Sneakers-Casual-i.84710867.21158441990?sp_atk=31075edf-b24c-4e13-815b-7b57338694e2&xptdk=31075edf-b24c-4e13-815b-7b57338694e2,"Skechers Men Max Cushioning Delta Spectral Running Shoes - 220357-BKRD - Air-Cooled Goga Mat, Sneakers, Casual",3,04-08-2023
https://shopee.sg/Clarks-Nova-Spark-Black-Womens-Casual-i.119320434.21073338965?sp_atk=812d1e53-5157-49a0-9311-5f516a230533&xptdk=812d1e53-5157-49a0-9311-5f516a230533,Clarks Nova Spark Black Womens Casual,3,04-08-2023
https://shopee.sg/CLARKS-Driftway-Low-Black-Leather-Mens-Shoes-i.119320434.13695566108?sp_atk=7fb6954a-7d13-49ca-ac82-a29446fb93f0&xptdk=7fb6954a-7d13-49ca-ac82-a29446fb93f0,CLARKS Driftway Low Black Leather Mens Shoes,3,04-08-2023
https://shopee.sg/Geox-Men-Shoes-Sneaker-U-Levita-A-Black-i.267920682.4953135001?sp_atk=83b68dcf-af05-4ae7-8dfd-406359ca3f8f&xptdk=83b68dcf-af05-4ae7-8dfd-406359ca3f8f,Geox Men Shoes Sneaker U Levita A Black,3,04-08-2023
https://shopee.sg/VANS-AUTHENTIC-BLACK-BLACK-i.280432311.9295765045?sp_atk=4844e44d-da8a-4908-afb1-884a1f27a509&xptdk=4844e44d-da8a-4908-afb1-884a1f27a509,VANS AUTHENTIC BLACK/BLACK,3,04-08-2023
https://shopee.sg/PUMA-Unisex-Taper-Shoes-(Black)-i.341363989.23728395538?sp_atk=2a7d5f8e-914a-4cd9-83c7-5f29b7fc9e7a&xptdk=2a7d5f8e-914a-4cd9-83c7-5f29b7fc9e7a,PUMA Unisex Taper Shoes (Black),3,04-08-2023
https://shopee.sg/Geox-Men-Shoes-Semi-Classic-U-Terence-Black-i.267920682.4141509018?sp_atk=080b795f-6817-4480-8643-034dfbcc9afd&xptdk=080b795f-6817-4480-8643-034dfbcc9afd,Geox Men Shoes Semi Classic U Terence Black,3,04-08-2023
https://shopee.sg/Vans-Monogram-Authentic-Sneakers-Women-(Unisex-US-Size)-BLACK-VN0A5KS9BLA1-i.884975004.23018026401?sp_atk=6e0beace-93fb-496c-a710-47e96d1bca49&xptdk=6e0beace-93fb-496c-a710-47e96d1bca49,Vans Monogram Authentic Sneakers Women (Unisex US Size) BLACK VN0A5KS9BLA1,3,04-08-2023
https://shopee.sg/Geox-Men-Shoes-Classic-Shoe-Uomo-Federico-Black-i.267920682.3154822950?sp_atk=c037994b-f687-4342-9f24-5165d03c34a3&xptdk=c037994b-f687-4342-9f24-5165d03c34a3,Geox Men Shoes Classic Shoe Uomo Federico Black,3,04-08-2023
https://shopee.sg/Skechers-Men-Transformers-SKECHERS-Street-Stamina-V3-Shoes-802011-BKYL-Air-Cooled-Memory-Foam-i.84710867.22566894207?sp_atk=95df2ed8-dc1f-4374-905e-2551b389b0c6&xptdk=95df2ed8-dc1f-4374-905e-2551b389b0c6,Skechers Men Transformers SKECHERS Street Stamina V3 Shoes - 802011-BKYL Air-Cooled Memory Foam,3,04-08-2023
https://shopee.sg/Skechers-Women-Sport-D'Lux-Fitness-Roam-Free-Shoes-149835-BKMT-Air-Cooled-Memory-Foam-Sneakers-Casual-i.84710867.11397650829?sp_atk=05bc1e17-1a85-4001-8ccd-5940bc3da335&xptdk=05bc1e17-1a85-4001-8ccd-5940bc3da335,"Skechers Women Sport D'Lux Fitness Roam Free Shoes - 149835-BKMT - Air-Cooled Memory Foam, Sneakers, Casual",3,04-08-2023
https://shopee.sg/PUMA-Unisex-RS-X-3D-Sneakers-(Black)-i.341363989.22628198772?sp_atk=2b84f687-2bae-4729-8bb5-e0e01b552cbc&xptdk=2b84f687-2bae-4729-8bb5-e0e01b552cbc,PUMA Unisex RS-X 3D Sneakers (Black),3,04-08-2023
https://shopee.sg/Vans-Era-Unisex-Sneakers-Men-(Unisex-US-Size)-Black-VN000EWZBLK1-i.884975004.19765662365?sp_atk=d36892a6-3a32-4e96-8c2c-5add6d7ccc26&xptdk=d36892a6-3a32-4e96-8c2c-5add6d7ccc26,Vans Era Unisex Sneakers Men (Unisex US Size) Black VN000EWZBLK1,3,04-08-2023
https://shopee.sg/Vans-Old-Skool-VR3-Sneakers-Men-(Unisex-US-Size)-BLACK-VN0005UB1KP1-i.884975004.20571076831?sp_atk=4bcaadef-762b-4645-9ac8-7cab1a16a9ce&xptdk=4bcaadef-762b-4645-9ac8-7cab1a16a9ce,Vans Old Skool VR3 Sneakers Men (Unisex US Size) BLACK VN0005UB1KP1,3,04-08-2023
https://shopee.sg/-NEW-PUMA-Caracal-Men's-Shoes-(White)-i.341363989.23447455717?sp_atk=86db62d8-51a3-4fab-8e99-3a4dad8fd090&xptdk=86db62d8-51a3-4fab-8e99-3a4dad8fd090,[NEW] PUMA Caracal Men's Shoes (White),3,04-08-2023
https://shopee.sg/Geox-Men-Shoes-Classic-Shoe-U-Federico-W-Black-i.267920682.7545420950?sp_atk=a55fb2d3-ef1e-46be-ad4d-7896ba2898e4&xptdk=a55fb2d3-ef1e-46be-ad4d-7896ba2898e4,Geox Men Shoes Classic Shoe U Federico W Black,3,04-08-2023
https://shopee.sg/adidas-Gazelle-Bold-Women-HQ6912-Core-Black-(LF)-i.280432311.20681913525?sp_atk=42d4449c-1afd-4684-81a2-6908952f3715&xptdk=42d4449c-1afd-4684-81a2-6908952f3715,adidas Gazelle Bold Women HQ6912 Core Black (LF),3,04-08-2023
https://shopee.sg/adidas-Lifestyle-Nizza-RF-Slip-Shoes-Unisex-Black-S23722-i.265436651.10622072623?sp_atk=2ce35f75-3b33-4197-9e0e-e1fdaca7531c&xptdk=2ce35f75-3b33-4197-9e0e-e1fdaca7531c,adidas Lifestyle Nizza RF Slip Shoes Unisex Black S23722,3,04-08-2023
https://shopee.sg/adidas-Lifestyle-Nizza-Hi-RF-74-Shoes-Men-Black-GX8488-i.265436651.23341213014?sp_atk=a2b301d0-794d-4d84-bd90-a7c5a1a17131&xptdk=a2b301d0-794d-4d84-bd90-a7c5a1a17131,adidas Lifestyle Nizza Hi RF 74 Shoes Men Black GX8488,3,04-08-2023
https://shopee.sg/FitFlop-VITAMIN-FFX-Women's-Knit-Sports-Sneakers-Black-Mix-(GB7-231)-i.524040819.17591947038?sp_atk=ea215745-3aa9-4098-9dee-ede99bbe5024&xptdk=ea215745-3aa9-4098-9dee-ede99bbe5024,FitFlop VITAMIN FFX Women's Knit Sports Sneakers - Black Mix (GB7-231),3,04-08-2023
https://shopee.sg/Geox-Men-Shoes-Semi-Classic-U-Terence-Black-i.267920682.4141509018?sp_atk=da6f2d81-05bc-493b-a012-7bc995b58a5c&xptdk=da6f2d81-05bc-493b-a012-7bc995b58a5c,Geox Men Shoes Semi Classic U Terence Black,4,04-08-2023
https://shopee.sg/Geox-Men-Shoes-Classic-Shoe-U-Federico-W-Black-i.267920682.7545420950?sp_atk=ff375244-5f75-430b-9101-a287d8c14763&xptdk=ff375244-5f75-430b-9101-a287d8c14763,Geox Men Shoes Classic Shoe U Federico W Black,4,04-08-2023
https://shopee.sg/Skechers-Women-Sport-D'Lux-Fitness-Roam-Free-Shoes-149835-BKMT-Air-Cooled-Memory-Foam-Sneakers-Casual-i.84710867.11397650829?sp_atk=66ba7911-4c74-405f-b079-afd9c10236ce&xptdk=66ba7911-4c74-405f-b079-afd9c10236ce,"Skechers Women Sport D'Lux Fitness Roam Free Shoes - 149835-BKMT - Air-Cooled Memory Foam, Sneakers, Casual",4,04-08-2023
https://shopee.sg/Vans-Sk8-Hi-Unisex-Sneakers-Women-(Unisex-US-Size)-Black-VN000D5IB8C1-i.884975004.23508025688?sp_atk=567ab0ba-e508-4349-a2b7-0d017a3a9f55&xptdk=567ab0ba-e508-4349-a2b7-0d017a3a9f55,Vans Sk8-Hi Unisex Sneakers Women (Unisex US Size) Black VN000D5IB8C1,4,04-08-2023
https://shopee.sg/PUMA-Women-Smash-Vulcanised-V3-Low-Shoes-i.341363989.21556453909?sp_atk=d0858af9-317c-4fd0-ae9f-1b8f918dd7be&xptdk=d0858af9-317c-4fd0-ae9f-1b8f918dd7be,PUMA Women Smash Vulcanised V3 Low Shoes,4,04-08-2023
https://shopee.sg/ALDO-Caecien-Men's-Sneakers-Other-Black-i.959254401.20680511026?sp_atk=2d3c207a-2c1e-43c3-b15e-2b271f73a76a&xptdk=2d3c207a-2c1e-43c3-b15e-2b271f73a76a,ALDO Caecien Men's Sneakers- Other Black,4,04-08-2023
https://shopee.sg/NIKE-Dunk-Low-Retro-Premium-Graffiti-DM0108-001-Black-Tumbled-Grey-(LF)-i.280432311.21531785134?sp_atk=5b2008da-bdad-4a6d-aebb-9c382710a2d4&xptdk=5b2008da-bdad-4a6d-aebb-9c382710a2d4,NIKE Dunk Low Retro Premium Graffiti DM0108 001 Black Tumbled Grey (LF),4,04-08-2023
https://shopee.sg/Vans-Anaheim-Factory-Old-Skool-36-Dx-Unisex-Sneakers-Men-(Unisex-US-Size)-Black-VN0A38G2OAK1-i.884975004.21765621602?sp_atk=1b87bf3d-c7ab-443c-8787-536192f493ff&xptdk=1b87bf3d-c7ab-443c-8787-536192f493ff,Vans Anaheim Factory Old Skool 36 Dx Unisex Sneakers Men (Unisex US Size) Black VN0A38G2OAK1,4,04-08-2023
https://shopee.sg/FitFlop-VITAMIN-FFX-Women's-Knit-Sports-Sneakers-Black-Mix-(GB7-231)-i.524040819.17591947038?sp_atk=4fb6b1fc-c018-4d44-8341-10dbecf568c1&xptdk=4fb6b1fc-c018-4d44-8341-10dbecf568c1,FitFlop VITAMIN FFX Women's Knit Sports Sneakers - Black Mix (GB7-231),4,04-08-2023
https://shopee.sg/adidas-Lifestyle-Nizza-Shoes-Unisex-Black-CQ2332-i.265436651.4943509102?sp_atk=a3964bee-4d14-4cf4-a687-52e3a621cd1a&xptdk=a3964bee-4d14-4cf4-a687-52e3a621cd1a,adidas Lifestyle Nizza Shoes Unisex Black CQ2332,4,04-08-2023
https://shopee.sg/Skechers-Men-GOrun-Lite-Quick-Stride-Shoes-220893-BKW-Air-Cooled-Goga-Mat-Ortholite-i.84710867.23646529003?sp_atk=f40e9bca-a39a-4e52-90cc-fb3b3ea0e99a&xptdk=f40e9bca-a39a-4e52-90cc-fb3b3ea0e99a,Skechers Men GOrun Lite Quick Stride Shoes - 220893-BKW Air-Cooled Goga Mat Ortholite,4,04-08-2023
https://shopee.sg/Vans-Trippy-Cord-Old-Skool-Sneakers-Women-(Unisex-US-Size)-BLACK-VN0A4BW2BM81-i.884975004.18765905675?sp_atk=59b7d658-7e3c-4433-a6c8-f7850afd9edd&xptdk=59b7d658-7e3c-4433-a6c8-f7850afd9edd,Vans Trippy Cord Old Skool Sneakers Women (Unisex US Size) BLACK VN0A4BW2BM81,4,04-08-2023
https://shopee.sg/PUMA-Unisex-GS-Fast-Golf-Shoes-(Black)-i.341363989.21679247202?sp_atk=048f4df9-b08d-4cc6-8f54-ed800202fc02&xptdk=048f4df9-b08d-4cc6-8f54-ed800202fc02,PUMA Unisex GS-Fast Golf Shoes (Black),4,04-08-2023
https://shopee.sg/Vans-Era-Unisex-Sneakers-Women-(Unisex-US-Size)-Black-VN000EWZBLK1-i.884975004.21265611988?sp_atk=2fb77cab-0662-4ee1-8221-7f40f6b6c7a9&xptdk=2fb77cab-0662-4ee1-8221-7f40f6b6c7a9,Vans Era Unisex Sneakers Women (Unisex US Size) Black VN000EWZBLK1,4,04-08-2023
https://shopee.sg/Vans-Comfycush-Old-Skool-Overt-CC-Women-Sneaker-(Unisex-US-Size)-BLACK-WHITE-VN0A7Q5EBA21-i.884975004.18265483125?sp_atk=16e8bbe3-d9df-4bf5-a110-423552f5b7f4&xptdk=16e8bbe3-d9df-4bf5-a110-423552f5b7f4,Vans Comfycush Old Skool Overt CC Women Sneaker (Unisex US Size) BLACK/WHITE VN0A7Q5EBA21,4,04-08-2023
https://shopee.sg/VANS-SPORT-SUEDE-BLACK-UNISEX-i.280432311.2996380892?sp_atk=d1ec086b-b967-40fc-8a02-aa4ff0ac9345&xptdk=d1ec086b-b967-40fc-8a02-aa4ff0ac9345,VANS SPORT SUEDE BLACK UNISEX,4,04-08-2023
https://shopee.sg/Hush-Puppies-WORLD-Women-Sneakers-In-Black-i.37447465.2200609956?sp_atk=0240f723-6f16-4ebf-a7b9-88ca722c96bb&xptdk=0240f723-6f16-4ebf-a7b9-88ca722c96bb,Hush Puppies WORLD Women Sneakers In Black,4,04-08-2023
https://shopee.sg/NIKE-W-Blazer-Low-Platform-DJ0292-100-White-White-Black-(LF)-i.280432311.20223163736?sp_atk=91dcfb08-0e56-4fca-ace2-c2dd488fbe80&xptdk=91dcfb08-0e56-4fca-ace2-c2dd488fbe80,NIKE W Blazer Low Platform DJ0292 100 White/White-Black (LF),4,04-08-2023
https://shopee.sg/CONVERSE-70-AT-CX-HI-A03277C-Black-Egret-Unisex-(LF)-i.280432311.19665875723?sp_atk=6d0a4cac-f1b8-4d8f-ac35-56b27908feab&xptdk=6d0a4cac-f1b8-4d8f-ac35-56b27908feab,CONVERSE 70 AT-CX HI A03277C Black Egret Unisex (LF),4,04-08-2023
https://shopee.sg/Converse-Run-Star-Legacy-Women's-Sneakers-Black-i.252818873.21871756149?sp_atk=7dc93181-e59d-4fbd-a432-b459eac45b39&xptdk=7dc93181-e59d-4fbd-a432-b459eac45b39,Converse Run Star Legacy Women's Sneakers - Black,4,04-08-2023
https://shopee.sg/adidas-Lifestyle-Stan-Smith-CS-Shoes-Men-Black-ID2042-i.265436651.22641970445?sp_atk=30323687-f264-4e85-bf3e-36a65e5d9b8d&xptdk=30323687-f264-4e85-bf3e-36a65e5d9b8d,adidas Lifestyle Stan Smith CS Shoes Men Black ID2042,4,04-08-2023
https://shopee.sg/Skechers-Women-GOrun-Pulse-Easy-Run-Running-Shoes-128667-BKBU-Air-Cooled-Goga-Mat-M-STRIKE-Sneakers-Sport-i.84710867.14493036959?sp_atk=91a63cab-060c-4323-a382-3d3605719afb&xptdk=91a63cab-060c-4323-a382-3d3605719afb,"Skechers Women GOrun Pulse Easy Run Running Shoes - 128667-BKBU - Air-Cooled Goga Mat, M-STRIKE, Sneakers, Sport",4,04-08-2023
https://shopee.sg/Vans-x-Miro-Wujo-Year-of-the-Rabbit-Sk8-Hi-Sneakers-Men-(Unisex-US-Size)-BLACK-VN0A4BVTY8J1-i.884975004.13398083313?sp_atk=28a0afef-dd1a-4852-ad1b-bb355fb8d9c2&xptdk=28a0afef-dd1a-4852-ad1b-bb355fb8d9c2,Vans x Miro&Wujo Year of the Rabbit Sk8-Hi Sneakers Men (Unisex US Size) BLACK VN0A4BVTY8J1,4,04-08-2023
https://shopee.sg/VANS-Sk8-Low-Black-Black-Unisex-(LF)-i.280432311.14196381672?sp_atk=17804a27-31cf-4ff5-a16d-a29bb989fc10&xptdk=17804a27-31cf-4ff5-a16d-a29bb989fc10,VANS Sk8 Low Black/Black Unisex (LF),4,04-08-2023
https://shopee.sg/Skechers-Men-GOwalk-Flex-Quota-Walking-Shoes-216481-BKGY-Air-Cooled-Goga-Mat-Sneakers-Casual-i.84710867.21945244917?sp_atk=6723bca2-a994-4ad5-87c1-32c1412e648c&xptdk=6723bca2-a994-4ad5-87c1-32c1412e648c,"Skechers Men GOwalk Flex Quota Walking Shoes - 216481-BKGY - Air-Cooled Goga Mat, Sneakers, Casual",4,04-08-2023
https://shopee.sg/PUMA-x-KOCHÉ-PWR-XX-NITRO-Women's-Sneakers-(Black)-i.341363989.18479483200?sp_atk=6adf0736-0f6a-4e68-8479-d37625290fd4&xptdk=6adf0736-0f6a-4e68-8479-d37625290fd4,PUMA x KOCHÉ PWR XX NITRO Women's Sneakers (Black),4,04-08-2023
https://shopee.sg/Vans-Sk8-Hi-Unisex-Sneakers-Men-(Unisex-US-Size)-Black-VN000D5IB8C1-i.884975004.22908363712?sp_atk=5087ecf5-1e37-4c08-9361-a5f3f7661f70&xptdk=5087ecf5-1e37-4c08-9361-a5f3f7661f70,Vans Sk8-Hi Unisex Sneakers Men (Unisex US Size) Black VN000D5IB8C1,4,04-08-2023
https://shopee.sg/Hush-Puppies-ROCCO-WT-Men-Lace-Up-Sneakers-In-Black-i.37447465.9019749868?sp_atk=aaa1ddf4-9123-4516-8b78-ed886fd21760&xptdk=aaa1ddf4-9123-4516-8b78-ed886fd21760,Hush Puppies ROCCO WT Men Lace Up Sneakers In Black,4,04-08-2023
https://shopee.sg/PUMA-Unisex-Scuderia-Ferrari-Kart-Cat-RL-NITRO-Motorsport-Sneakers-(Black)-i.341363989.20179280554?sp_atk=b5e01f0d-6976-489c-9199-23181fbf09ff&xptdk=b5e01f0d-6976-489c-9199-23181fbf09ff,PUMA Unisex Scuderia Ferrari Kart Cat RL NITRO Motorsport Sneakers (Black),4,04-08-2023
https://shopee.sg/Skechers-Women-GOwalk-Flex-Bright-Summer-Walking-Shoes-124957-BKW-Air-Cooled-Goga-Mat-Sneakers-Sport-i.84710867.16878994778?sp_atk=eadef5ee-2849-4296-bbf4-0c6cbf53bde9&xptdk=eadef5ee-2849-4296-bbf4-0c6cbf53bde9,"Skechers Women GOwalk Flex Bright Summer Walking Shoes - 124957-BKW - Air-Cooled Goga Mat, Sneakers, Sport",4,04-08-2023
https://shopee.sg/MBT-1998-Sneakers-for-Men's-in-Black-i.114877948.17045164508?sp_atk=7d376a73-6ee2-4a69-8695-a8ed5a634d08&xptdk=7d376a73-6ee2-4a69-8695-a8ed5a634d08,MBT 1998 Sneakers for Men's in Black,4,04-08-2023
https://shopee.sg/Vans-Sk8-Low-Unisex-Sneakers-(Men-Us-Size)-Black-VN0A4UUK6BT1-i.884975004.14695391781?sp_atk=4fdbb4b6-3e19-44be-9366-10b8717940a5&xptdk=4fdbb4b6-3e19-44be-9366-10b8717940a5,Vans Sk8-Low Unisex Sneakers (Men Us Size) Black VN0A4UUK6BT1,4,04-08-2023
https://shopee.sg/Hush-Puppies-Charge-Sneaker-in-Black-i.37447465.18980794665?sp_atk=2a088209-2a1a-407e-b5e0-fd620d2152bc&xptdk=2a088209-2a1a-407e-b5e0-fd620d2152bc,Hush Puppies Charge Sneaker in Black,4,04-08-2023
https://shopee.sg/Skechers-Men-GOrun-Horizon-3-Shoes-246050-BKW-i.84710867.21572743900?sp_atk=bade441c-8165-40af-895f-8afe3558fcc9&xptdk=bade441c-8165-40af-895f-8afe3558fcc9,Skechers Men GOrun Horizon 3 Shoes - 246050-BKW,4,04-08-2023
https://shopee.sg/Vans-Authentic-VR3-Sneakers-Men-(Unisex-US-Size)-BLACK-VN0005UD1KP1-i.884975004.20171078804?sp_atk=cfb6c77a-aa06-416b-b5ba-9b0b10421390&xptdk=cfb6c77a-aa06-416b-b5ba-9b0b10421390,Vans Authentic VR3 Sneakers Men (Unisex US Size) BLACK VN0005UD1KP1,4,04-08-2023
https://shopee.sg/VANS-SK8-HI-Black-Black-White-i.280432311.17116408952?sp_atk=c93ed502-d2cc-42ce-8fc5-f455b16977b4&xptdk=c93ed502-d2cc-42ce-8fc5-f455b16977b4,VANS SK8 HI Black/Black/White,4,04-08-2023
https://shopee.sg/adidas-Lifestyle-Grand-Court-Cloudfoam-Comfort-Shoes-Men-Black-GW9198-i.265436651.18679195087?sp_atk=0630807c-6476-48eb-b9f5-dd8c698091ad&xptdk=0630807c-6476-48eb-b9f5-dd8c698091ad,adidas Lifestyle Grand Court Cloudfoam Comfort Shoes Men Black GW9198,4,04-08-2023
https://shopee.sg/Vans-Anaheim-Factory-Old-Skool-36-DX-Sneakers-Unisex-(Unisex-US-Size)-Black-VN0A38G2PXC1-i.884975004.19165760377?sp_atk=3062a8b6-73a7-43fd-bcf7-9410f2b2e52e&xptdk=3062a8b6-73a7-43fd-bcf7-9410f2b2e52e,Vans Anaheim Factory Old Skool 36 DX Sneakers Unisex (Unisex US Size) Black VN0A38G2PXC1,4,04-08-2023
https://shopee.sg/adidas-NMD-R1-B42200-Black-(LF)-i.280432311.21317777349?sp_atk=b409bab3-f92f-48a7-8a16-4530d4c17893&xptdk=b409bab3-f92f-48a7-8a16-4530d4c17893,adidas NMD R1 B42200 Black (LF),4,04-08-2023
https://shopee.sg/PUMA-Deviate-NITRO-Women's-Running-Shoes-(Black)-i.341363989.23266465075?sp_atk=17eb29eb-c304-4636-b88f-dcabc9e8b83b&xptdk=17eb29eb-c304-4636-b88f-dcabc9e8b83b,PUMA Deviate NITRO Women's Running Shoes (Black),4,04-08-2023
https://shopee.sg/VANS-SK8-LOW-BLACK-TRUE-WHITE-i.280432311.17823115200?sp_atk=dabefb8c-c863-4ce1-8293-1778bf98be2d&xptdk=dabefb8c-c863-4ce1-8293-1778bf98be2d,VANS SK8 LOW BLACK/TRUE WHITE,4,04-08-2023
https://shopee.sg/adidas-Lifestyle-Retropy-F90-Shoes-Men-Black-HP2200-i.265436651.11599707869?sp_atk=a72aacb3-aa20-4ca0-a840-ed3e6209212e&xptdk=a72aacb3-aa20-4ca0-a840-ed3e6209212e,adidas Lifestyle Retropy F90 Shoes Men Black HP2200,4,04-08-2023
https://shopee.sg/Vans-Comfycush-Authentic-Unisex-Sneakers-Men-(Unisex-US-Size)-Black-VN0A3WM7VNE1-i.884975004.21765621604?sp_atk=352e0f50-0ea7-4f3c-ba48-76d4b5b9490d&xptdk=352e0f50-0ea7-4f3c-ba48-76d4b5b9490d,Vans Comfycush Authentic Unisex Sneakers Men (Unisex US Size) Black VN0A3WM7VNE1,4,04-08-2023
https://shopee.sg/Skechers-Women-GOwalk-6-Valeska-Walking-Shoes-124560-BKBL-Air-Cooled-Goga-Mat-Sneakers-Sport-i.84710867.21838935708?sp_atk=2d5219e6-6500-40b6-8797-eea3ed89e56a&xptdk=2d5219e6-6500-40b6-8797-eea3ed89e56a,"Skechers Women GOwalk 6 Valeska Walking Shoes - 124560-BKBL - Air-Cooled Goga Mat, Sneakers, Sport",4,04-08-2023
https://shopee.sg/Skechers-Women-GOwalk-6-Stunning-Glow-Walking-Shoes-124554-BKHP-Air-Cooled-Goga-Mat-Sneakers-Sport-i.84710867.19019615483?sp_atk=956976a9-b2f5-4780-8610-294eba6e84fc&xptdk=956976a9-b2f5-4780-8610-294eba6e84fc,"Skechers Women GOwalk 6 Stunning Glow Walking Shoes - 124554-BKHP - Air-Cooled Goga Mat, Sneakers, Sport",4,04-08-2023
https://shopee.sg/Skechers-Online-Exclusive-Women-Sport-Roseate-Reeza-Shoes-8750053-BKRG-i.84710867.13399434680?sp_atk=afcb0a91-c593-4bcc-976e-5e2665c51c84&xptdk=afcb0a91-c593-4bcc-976e-5e2665c51c84,Skechers Online Exclusive Women Sport Roseate Reeza Shoes - 8750053-BKRG,4,04-08-2023
https://shopee.sg/Skechers-Online-Exclusive-Men-Work-Riverbound-Slip-Resistant-Work-Shoes-200092-BLK-Arch-Fit-Mossy-Oak-Slip-Resistant-i.84710867.18527817386?sp_atk=5c411260-6b4c-4b3a-9cb3-454f2a77ae1c&xptdk=5c411260-6b4c-4b3a-9cb3-454f2a77ae1c,"Skechers Online Exclusive Men Work Riverbound Slip Resistant Work Shoes - 200092-BLK Arch Fit, Mossy Oak, Slip Resistant",4,04-08-2023
https://shopee.sg/Clarks-Ezera-Walk-Black-Textile-Womens-Shoes-i.119320434.18532538683?sp_atk=0ecc0872-823d-4a5b-beb1-1a156732918e&xptdk=0ecc0872-823d-4a5b-beb1-1a156732918e,Clarks Ezera Walk Black Textile Womens Shoes,4,04-08-2023
https://shopee.sg/BATA-Youth-North-Star-Lace-Up-School-Shoes-889X031-i.324728427.14983297175?sp_atk=450c728b-8bcf-4056-9022-e1ce22d42f9e&xptdk=450c728b-8bcf-4056-9022-e1ce22d42f9e,BATA Youth North Star Lace Up School Shoes 889X031,4,04-08-2023
https://shopee.sg/adidas-Lifestyle-NMD_R1-Primeblue-Shoes-Men-Black-GZ9256-i.265436651.8584305877?sp_atk=a5fef3ca-0028-43ae-a8ec-80ea6bc33ec5&xptdk=a5fef3ca-0028-43ae-a8ec-80ea6bc33ec5,adidas Lifestyle NMD_R1 Primeblue Shoes Men Black GZ9256,4,04-08-2023
https://shopee.sg/Converse-CTAS-Logo-Tag-Unisex-Sneakers-Black-Black-Egret-i.252818873.23267374846?sp_atk=9563e939-bd85-40fc-8e05-8ace44de4547&xptdk=9563e939-bd85-40fc-8e05-8ace44de4547,Converse CTAS Logo Tag Unisex Sneakers - Black/Black/Egret,4,04-08-2023
https://shopee.sg/adidas-Lifestyle-Nizza-Shoes-Men-Black-GX6094-i.265436651.18651622234?sp_atk=5cf00e2a-815e-4ac2-9b06-f1a10d905220&xptdk=5cf00e2a-815e-4ac2-9b06-f1a10d905220,adidas Lifestyle Nizza Shoes Men Black GX6094,4,04-08-2023
https://shopee.sg/CONVERSE-70-Plus-Hi-Unisex-A00915C-Egret-Black-Egret-(LF)-i.280432311.20927838189?sp_atk=f06091dd-1439-410f-aeb3-a5b17f943a66&xptdk=f06091dd-1439-410f-aeb3-a5b17f943a66,CONVERSE 70 Plus Hi Unisex A00915C Egret/Black/Egret (LF),4,04-08-2023
https://shopee.sg/Vans-Old-Skool-Unisex-Sneakers-Women-(Unisex-US-Size)-All-Black-VN000D3HBKA1-i.884975004.18665617543?sp_atk=feef0579-2855-4c03-9a31-2ac630d29a64&xptdk=feef0579-2855-4c03-9a31-2ac630d29a64,Vans Old Skool Unisex Sneakers Women (Unisex US Size) All Black VN000D3HBKA1,4,04-08-2023
https://shopee.sg/adidas-DIMENSION-LOW-BD7648-Black-White-Blue-i.280432311.16613157261?sp_atk=ee3ed2c6-7478-4c25-b792-aeebd57e090d&xptdk=ee3ed2c6-7478-4c25-b792-aeebd57e090d,adidas DIMENSION LOW BD7648 Black White Blue,4,04-08-2023
https://shopee.sg/Vans-Anaheim-Factory-Authentic-44-Dx-Unisex-Sneakers-Men-(Unisex-US-Size)-Classic-Black-VN0A38ENMR21-i.884975004.21465605978?sp_atk=1b49fa88-b685-4721-a3b2-6f5b58f87380&xptdk=1b49fa88-b685-4721-a3b2-6f5b58f87380,Vans Anaheim Factory Authentic 44 Dx Unisex Sneakers Men (Unisex US Size) Classic Black VN0A38ENMR21,4,04-08-2023
https://shopee.sg/BATA-Junior-Northstar-Lace-Up-Sneakers-551X961-i.324728427.18759097751?sp_atk=81b9b473-764d-42fc-86c9-167393547213&xptdk=81b9b473-764d-42fc-86c9-167393547213,BATA Junior Northstar Lace Up Sneakers 551X961,4,04-08-2023
https://shopee.sg/Skechers-Women-California-Pack-Sport-Court-92-Sweet-Rendezvous-Shoes-149768-BBK-Air-Cooled-Memory-Foam-i.84710867.23508190025?sp_atk=1b3cb28f-c9be-4253-884f-7158e6f2c337&xptdk=1b3cb28f-c9be-4253-884f-7158e6f2c337,Skechers Women California Pack Sport Court 92 Sweet Rendezvous Shoes - 149768-BBK Air-Cooled Memory Foam,4,04-08-2023
https://shopee.sg/PUMA-Unisex-X-Ray-Speed-Shoes-Basic-i.341363989.9198448905?sp_atk=0849e323-d9bb-43a2-8e8e-bd2ba1fdd6ae&xptdk=0849e323-d9bb-43a2-8e8e-bd2ba1fdd6ae,PUMA Unisex X-Ray Speed Shoes Basic,4,04-08-2023
https://shopee.sg/Skechers-Women-Sport-D'Lux-Walker-Fresh-Finesse-Shoes-149368-BKPR-Air-Cooled-Memory-Foam-Sneakers-Casual-i.84710867.20037579745?sp_atk=09306840-1757-4887-8b19-931c673f7ab4&xptdk=09306840-1757-4887-8b19-931c673f7ab4,"Skechers Women Sport D'Lux Walker Fresh Finesse Shoes - 149368-BKPR - Air-Cooled Memory Foam, Sneakers, Casual",4,04-08-2023
https://shopee.sg/adidas-DIMENSION-LOW-BD7648-Black-White-Blue-i.280432311.16613157261?sp_atk=e9daa24e-aa5f-4a92-ab88-19296c4a9dcd&xptdk=e9daa24e-aa5f-4a92-ab88-19296c4a9dcd,adidas DIMENSION LOW BD7648 Black White Blue,5,04-08-2023
https://shopee.sg/Skechers-Men-Sport-Skech-Lite-Pro-Faint-Flair-Shoes-232593-GYBK-Air-Cooled-Memory-Foam-Sneakers-Casual-i.84710867.21338935974?sp_atk=6fb8f167-b8b3-4229-bc7c-7367113db110&xptdk=6fb8f167-b8b3-4229-bc7c-7367113db110,"Skechers Men Sport Skech-Lite Pro Faint Flair Shoes - 232593-GYBK - Air-Cooled Memory Foam, Sneakers, Casual",5,04-08-2023
https://shopee.sg/Skechers-Women-Sport-D'Lux-Walker-Fresh-Finesse-Shoes-149368-BKPR-Air-Cooled-Memory-Foam-Sneakers-Casual-i.84710867.20037579745?sp_atk=c31d2969-77f3-4854-9981-db580522103a&xptdk=c31d2969-77f3-4854-9981-db580522103a,"Skechers Women Sport D'Lux Walker Fresh Finesse Shoes - 149368-BKPR - Air-Cooled Memory Foam, Sneakers, Casual",5,04-08-2023
https://shopee.sg/Clarks-Ayla-Reece-Black-Womens-shoes-i.119320434.4388952396?sp_atk=aba3d700-b1db-4d1e-b556-d07b83576055&xptdk=aba3d700-b1db-4d1e-b556-d07b83576055,Clarks Ayla Reece Black Womens shoes,5,04-08-2023
https://shopee.sg/PUMA-Unisex-X-Ray-Speed-Shoes-Basic-i.341363989.9198448905?sp_atk=8540a3c0-7af1-4d02-96bd-8dd09292483e&xptdk=8540a3c0-7af1-4d02-96bd-8dd09292483e,PUMA Unisex X-Ray Speed Shoes Basic,5,04-08-2023
https://shopee.sg/Geox-Men-Shoes-Sneaker-U-Aerantis-Black-i.267920682.7041576605?sp_atk=1d4dc78d-776d-4de1-b43f-c6a378a8cf47&xptdk=1d4dc78d-776d-4de1-b43f-c6a378a8cf47,Geox Men Shoes Sneaker U Aerantis Black,5,04-08-2023
https://shopee.sg/adidas-Futurepacer-EE5002-Silver-Metallic-Black-i.280432311.16859491978?sp_atk=a271ecc4-f173-444b-bb31-567e71a6e319&xptdk=a271ecc4-f173-444b-bb31-567e71a6e319,adidas Futurepacer EE5002 Silver Metallic / Black,5,04-08-2023
https://shopee.sg/Moda-Paolo-Women-Sneakers-in-2-Colours-(3641)-i.82022023.20741380820?sp_atk=3da0cde0-1567-49ef-acaa-d6b1102dfb4a&xptdk=3da0cde0-1567-49ef-acaa-d6b1102dfb4a,Moda Paolo Women Sneakers  in 2 Colours (3641),5,04-08-2023
https://shopee.sg/Geox-Men-Shoes-Sneaker-U-Colbyn-Black-White-i.267920682.3341599833?sp_atk=7bc5bd3f-28b9-4fe7-81d2-dc947a8bc844&xptdk=7bc5bd3f-28b9-4fe7-81d2-dc947a8bc844,Geox Men Shoes Sneaker U Colbyn Black/White,5,04-08-2023
https://shopee.sg/MBT-SOHO-1996-Men-in-Black-i.114877948.15526116628?sp_atk=107796f7-9cd0-4948-bf6a-44208fbb34a5&xptdk=107796f7-9cd0-4948-bf6a-44208fbb34a5,MBT SOHO 1996 Men in Black,5,04-08-2023
https://shopee.sg/PUMA-Mayze-Womens-380784-01-Black-White-i.280432311.13377554303?sp_atk=36052e47-586f-40e7-817b-2ba9f207e0ed&xptdk=36052e47-586f-40e7-817b-2ba9f207e0ed,PUMA Mayze Womens 380784 01 Black White,5,04-08-2023
https://shopee.sg/Tretorn-Men-Nylite-Ocean-Net-Sneaker-Black-Black-i.298151663.9826870292?sp_atk=cbb5de72-cfc8-4dac-965d-ccf03f3729d1&xptdk=cbb5de72-cfc8-4dac-965d-ccf03f3729d1,Tretorn Men Nylite Ocean Net Sneaker - Black/Black,5,04-08-2023
https://shopee.sg/Skechers-Men-Sport-Skech-Lite-Pro-Faint-Flair-Shoes-232593-BKRD-Air-Cooled-Memory-Foam-Sneakers-Casual-i.84710867.20338937082?sp_atk=ca02fecc-cf19-4ffc-94f9-883f8029e59b&xptdk=ca02fecc-cf19-4ffc-94f9-883f8029e59b,"Skechers Men Sport Skech-Lite Pro Faint Flair Shoes - 232593-BKRD - Air-Cooled Memory Foam, Sneakers, Casual",5,04-08-2023
https://shopee.sg/Geox-Men-Shoes-Boot-U-Leitan-A-Black-i.267920682.7946050438?sp_atk=27c0c7d5-3e16-438c-9bba-b50e81f4e121&xptdk=27c0c7d5-3e16-438c-9bba-b50e81f4e121,Geox Men Shoes Boot U Leitan A Black,5,04-08-2023
https://shopee.sg/Geox-Women-Shoes-Pump-D-Chloo-Mid-B-Black-i.267920682.6553068904?sp_atk=00992be3-4dec-4c1e-9228-277cb8430244&xptdk=00992be3-4dec-4c1e-9228-277cb8430244,Geox Women Shoes Pump D Chloo Mid B Black,5,04-08-2023
https://shopee.sg/Geox-Men-Shoes-Classic-Shoe-Uomo-High-Life-B-Black-i.267920682.4253135569?sp_atk=e80505e1-4f8a-485c-b1b9-d76256993889&xptdk=e80505e1-4f8a-485c-b1b9-d76256993889,Geox Men Shoes Classic Shoe Uomo High Life B Black,5,04-08-2023
https://shopee.sg/Geox-Men-Shoes-Classic-Shoe-U-Calgary-Black-i.267920682.6245483817?sp_atk=1b2c68d2-e395-4e61-9f1a-b8aec4c1604b&xptdk=1b2c68d2-e395-4e61-9f1a-b8aec4c1604b,Geox Men Shoes Classic Shoe U Calgary Black,5,04-08-2023
https://shopee.sg/Geox-Men-Shoes-Semi-Classic-U-Adrien-Black-i.267920682.7041499174?sp_atk=adc57767-4834-41d3-b060-4df3dfb8c96e&xptdk=adc57767-4834-41d3-b060-4df3dfb8c96e,Geox Men Shoes Semi Classic U Adrien Black,5,04-08-2023
https://shopee.sg/Moda-Paolo-Women-Sports-Shoe-in-2-Colours-(3021)-i.82022023.21626090455?sp_atk=30741e98-0568-42bc-9085-135e0ef6a32f&xptdk=30741e98-0568-42bc-9085-135e0ef6a32f,Moda Paolo Women Sports Shoe in 2 Colours (3021),5,04-08-2023
https://shopee.sg/Geox-Men-Shoes-Classic-Shoe-Uomo-High-Life-C-Black-i.267920682.4453135547?sp_atk=4534c07c-5304-4f64-8973-306f86441ff0&xptdk=4534c07c-5304-4f64-8973-306f86441ff0,Geox Men Shoes Classic Shoe Uomo High Life C Black,5,04-08-2023
https://shopee.sg/Geox-Men-Shoes-Semi-Classic-U-Symbol-B-Abx-Black-i.267920682.7341470741?sp_atk=5ed67377-a6f4-45fc-9c99-b5555fa2b51c&xptdk=5ed67377-a6f4-45fc-9c99-b5555fa2b51c,Geox Men Shoes Semi Classic U Symbol B Abx Black,5,04-08-2023
https://shopee.sg/Moda-Paolo-Unisex-School-Shoes-in-2-Colours-(1270T)-i.82022023.1759268560?sp_atk=9ff614fd-c9ca-43ab-b491-d1936aacc5f7&xptdk=9ff614fd-c9ca-43ab-b491-d1936aacc5f7,Moda Paolo Unisex School Shoes in 2 Colours (1270T),5,04-08-2023
https://shopee.sg/Clarks-Trigenic-Flex-Black-Nubuck-Womens-Shoes-i.119320434.14252744077?sp_atk=a93ef650-ead5-4ff1-a918-e60833b32520&xptdk=a93ef650-ead5-4ff1-a918-e60833b32520,Clarks Trigenic Flex Black Nubuck Womens Shoes,5,04-08-2023
https://shopee.sg/Converse-Run-Star-Motion-Canvas-Platform-Unisex-Sneakers-Black-i.252818873.21068500318?sp_atk=0f7ed3df-278f-4b08-850f-89a5591c7c79&xptdk=0f7ed3df-278f-4b08-850f-89a5591c7c79,Converse Run Star Motion Canvas Platform Unisex Sneakers - Black,5,04-08-2023
https://shopee.sg/Sunnystep-Elevate-Sneaker-Full-Black-Most-Comfortable-Walking-Shoes-i.235218859.22345353944?sp_atk=8ec6e2be-8913-4509-8e5d-8a0f7d84e179&xptdk=8ec6e2be-8913-4509-8e5d-8a0f7d84e179,Sunnystep - Elevate Sneaker - Full Black - Most Comfortable Walking Shoes,5,04-08-2023
https://shopee.sg/PUMA-Mayze-UT-Metallic-Sneakers-Women-(Black)-i.341363989.22234752751?sp_atk=e94699ea-3657-4ae6-bc68-c65b354e1a05&xptdk=e94699ea-3657-4ae6-bc68-c65b354e1a05,PUMA Mayze UT Metallic Sneakers Women (Black),5,04-08-2023
https://shopee.sg/Converse-Ctas-Lift-Women's-Sneakers-Black-White-i.252818873.22638172581?sp_atk=0be96ab1-d5d9-4a51-b76f-4266cf65d52e&xptdk=0be96ab1-d5d9-4a51-b76f-4266cf65d52e,Converse Ctas Lift Women's Sneakers - Black/White,5,04-08-2023
https://shopee.sg/Vans-Comfycush-Old-Skool-Overt-CC-Men-Sneaker-(Unisex-US-Size)-BLACK-WHITE-VN0A7Q5EBA21-i.884975004.18665487524?sp_atk=898168f0-5844-4aec-98a2-49f8416413ea&xptdk=898168f0-5844-4aec-98a2-49f8416413ea,Vans Comfycush Old Skool Overt CC Men Sneaker (Unisex US Size) BLACK/WHITE VN0A7Q5EBA21,5,04-08-2023
https://shopee.sg/NIKE-Go-FlyEase-Womens-Black-White-Dr5540-002-(LF)-i.280432311.19070884327?sp_atk=d5d0223e-d332-4fc1-8e9b-c1bbe01ffef2&xptdk=d5d0223e-d332-4fc1-8e9b-c1bbe01ffef2,NIKE Go FlyEase Womens Black White Dr5540 002 (LF),5,04-08-2023
https://shopee.sg/Vans-Authentic-VR3-Sneakers-Women-(Unisex-US-Size)-BLACK-VN0005UD1KP1-i.884975004.18471078291?sp_atk=eb3430d7-f8c4-4577-9d83-c382973037bf&xptdk=eb3430d7-f8c4-4577-9d83-c382973037bf,Vans Authentic VR3 Sneakers Women (Unisex US Size) BLACK VN0005UD1KP1,5,04-08-2023
https://shopee.sg/Converse-Run-Star-Legacy-Cx-Women's-Sneakers-Black-Egret-White-i.252818873.23310646499?sp_atk=f19a7d86-7d3d-4570-844e-1217a5a5340b&xptdk=f19a7d86-7d3d-4570-844e-1217a5a5340b,Converse Run Star Legacy Cx Women's Sneakers - Black/Egret/White,5,04-08-2023
https://shopee.sg/CONVERSE-Louie-Lopez-Pro-Mid-A01247C-Velvet-Brown-Amarillo-Black-(LF)-i.280432311.23214109030?sp_atk=dcb77f22-440c-45e8-8235-21d7aae91cb1&xptdk=dcb77f22-440c-45e8-8235-21d7aae91cb1,CONVERSE Louie Lopez Pro Mid A01247C Velvet Brown/Amarillo/Black (LF),5,04-08-2023
https://shopee.sg/Vans-Old-Skool-Sneakers-Unisex-(Unisex-US-Size)-Black-VN0A38G1P0S1-i.884975004.20265610980?sp_atk=dbee7feb-6c8c-4118-a9a1-33f4ac70a114&xptdk=dbee7feb-6c8c-4118-a9a1-33f4ac70a114,Vans Old Skool Sneakers Unisex (Unisex US Size) Black VN0A38G1P0S1,5,04-08-2023
https://shopee.sg/Converse-CTAS-Lift-Platform-Festival-Florals-Women's-Sneakers-Black-Egret-Light-Gold-i.252818873.22367366125?sp_atk=e900d9b7-e9b8-4e85-8fa0-fef0c6a97c3b&xptdk=e900d9b7-e9b8-4e85-8fa0-fef0c6a97c3b,Converse CTAS Lift Platform Festival Florals Women's Sneakers - Black/Egret/Light Gold,5,04-08-2023
https://shopee.sg/Geox-Men-Shoes-Sneaker-U-Spherica-E-Black-i.267920682.20873810677?sp_atk=b70f5623-7572-4d71-9360-97c88da2ae1f&xptdk=b70f5623-7572-4d71-9360-97c88da2ae1f,Geox Men Shoes Sneaker U Spherica E Black,5,04-08-2023
https://shopee.sg/Vans-Floral-Old-Skool-Sneakers-Women-(Unisex-US-Size)-BLACK-VN0005UFBA21-i.884975004.22535481889?sp_atk=e4168d3c-9de4-4c67-b4f8-20662f28c46c&xptdk=e4168d3c-9de4-4c67-b4f8-20662f28c46c,Vans Floral Old Skool Sneakers Women (Unisex US Size) BLACK VN0005UFBA21,5,04-08-2023
https://shopee.sg/Geox-Women-Shoes-Sneaker-D-Nydame-Black-i.267920682.6845485555?sp_atk=bbce8ccd-7a99-46b3-992d-8e676eb0cbb1&xptdk=bbce8ccd-7a99-46b3-992d-8e676eb0cbb1,Geox Women Shoes Sneaker D Nydame Black,5,04-08-2023
https://shopee.sg/Converse-Chuck-70-At-Cx-Platform-Men'S-Sneakers-Black-Egret-Black-i.252818873.23611795076?sp_atk=b83ab1bb-0d15-4a69-bb0c-261f773e79b0&xptdk=b83ab1bb-0d15-4a69-bb0c-261f773e79b0,Converse Chuck 70 At-Cx Platform Men'S Sneakers - Black/Egret/Black,5,04-08-2023
https://shopee.sg/PUMA-RS-X-Efekt-Reflective-Men's-Sneakers-(Black)-i.341363989.18877056017?sp_atk=2b4daa4f-331c-42b6-b684-f4674e992a30&xptdk=2b4daa4f-331c-42b6-b684-f4674e992a30,PUMA RS-X Efekt Reflective Men's Sneakers (Black),5,04-08-2023
https://shopee.sg/PUMA-RS-X-Efekt-Turbo-Men's-Sneakers-(Black)-i.341363989.22765576754?sp_atk=bc389a5b-103e-45f2-a395-11563c8573a0&xptdk=bc389a5b-103e-45f2-a395-11563c8573a0,PUMA RS-X Efekt Turbo Men's Sneakers (Black),5,04-08-2023
https://shopee.sg/Vans-Sk8-Hi-VR3-Sneakers-Women-(Unisex-US-Size)-BLACK-VN0005UN1KP1-i.884975004.20971076964?sp_atk=c022c438-b3b8-4ebe-85c2-627274e7621f&xptdk=c022c438-b3b8-4ebe-85c2-627274e7621f,Vans Sk8-Hi VR3 Sneakers Women (Unisex US Size) BLACK VN0005UN1KP1,5,04-08-2023
https://shopee.sg/PUMA-Unisex-Pacer-Future-Street-Virtual-Sneakers-(Black)-i.341363989.19474617757?sp_atk=1db6bfb5-eae8-482e-87c0-39c110e9eee8&xptdk=1db6bfb5-eae8-482e-87c0-39c110e9eee8,PUMA Unisex Pacer Future Street Virtual Sneakers (Black),5,04-08-2023
https://shopee.sg/REEF-Women-Cushion-Sunset-Lace-Up-Sneaker-Black-i.48785701.16992292693?sp_atk=cec13ccc-b14d-40fc-9e99-411305c3f8fc&xptdk=cec13ccc-b14d-40fc-9e99-411305c3f8fc,REEF Women Cushion Sunset Lace Up Sneaker - Black,5,04-08-2023
https://shopee.sg/Vans-Authentic-Unisex-Sneakers-Women-(Unisex-US-Size)-Classic-Black-VN000EE3BLK1-i.884975004.10098681148?sp_atk=49b2c458-0742-409b-ad6b-288ee8028ef9&xptdk=49b2c458-0742-409b-ad6b-288ee8028ef9,Vans Authentic Unisex Sneakers Women (Unisex US Size) Classic Black VN000EE3BLK1,5,04-08-2023
https://shopee.sg/Moda-Paolo-Women-Sneakers-in-2-Colours-(4903)-i.82022023.23866982921?sp_atk=dfadada6-777e-4943-9033-6e7d80fb0eed&xptdk=dfadada6-777e-4943-9033-6e7d80fb0eed,Moda Paolo Women Sneakers in 2 Colours (4903),5,04-08-2023
https://shopee.sg/PAZZION-8668-2-Hazel-II-Laced-Up-Design-Sneaker-i.261446965.20780575395?sp_atk=83c6cb50-5d65-4ca8-abdb-82dcff9e6277&xptdk=83c6cb50-5d65-4ca8-abdb-82dcff9e6277,PAZZION 8668-2 Hazel II Laced Up Design Sneaker,5,04-08-2023
https://shopee.sg/Northstar-Men-Sneakers-820X054-i.324728427.20888317073?sp_atk=5add47da-0726-4452-8b54-c88b3c3af12a&xptdk=5add47da-0726-4452-8b54-c88b3c3af12a,Northstar Men Sneakers 820X054,5,04-08-2023
https://shopee.sg/Moda-Paolo-Women-Sport-Sneakers-(013)-i.82022023.16986665275?sp_atk=df206ab3-b30b-4f26-93a2-e2bb93dff23f&xptdk=df206ab3-b30b-4f26-93a2-e2bb93dff23f,Moda Paolo Women Sport Sneakers (013),5,04-08-2023
https://shopee.sg/Northstar-Men-Sneakers-820X023-i.324728427.22823843175?sp_atk=134b06e7-b012-441c-89d4-753ede094bc2&xptdk=134b06e7-b012-441c-89d4-753ede094bc2,Northstar Men Sneakers 820X023,5,04-08-2023
https://shopee.sg/Moda-Paolo-Women-Sneakers-in-2-Colours-(15)-i.82022023.22411757534?sp_atk=effc4fce-5df4-4819-996e-36ae2f52d1f3&xptdk=effc4fce-5df4-4819-996e-36ae2f52d1f3,Moda Paolo Women Sneakers in 2 Colours (15),5,04-08-2023
https://shopee.sg/Northstar-Men-Sneakers-820X044-i.324728427.22223434879?sp_atk=699aac5a-d584-487d-841a-e525ed7a0753&xptdk=699aac5a-d584-487d-841a-e525ed7a0753,Northstar Men Sneakers 820X044,5,04-08-2023
https://shopee.sg/Moda-Paolo-Women-Sneakers-in-2-Colours-(3368)-i.82022023.19279008082?sp_atk=4b383d05-9b97-4b4c-b426-18f3dbcae6ba&xptdk=4b383d05-9b97-4b4c-b426-18f3dbcae6ba,Moda Paolo Women Sneakers in 2 Colours (3368),5,04-08-2023
https://shopee.sg/Converse-CTAS-Lift-Platform-Seasonal-Color-Women's-Sneakers-Summit-Sage-White-Black-i.252818873.22469473266?sp_atk=1cf887a3-0345-4d08-8553-71a014f8fa3e&xptdk=1cf887a3-0345-4d08-8553-71a014f8fa3e,Converse CTAS Lift Platform Seasonal Color Women's Sneakers - Summit Sage/White/Black,5,04-08-2023
https://shopee.sg/Converse-Run-Star-Legacy-Cx-Unisex-Sneakers-Egret-Black-White-i.252818873.23310646492?sp_atk=b0da72af-4035-4f04-b433-34535d0a05bc&xptdk=b0da72af-4035-4f04-b433-34535d0a05bc,Converse Run Star Legacy Cx Unisex Sneakers - Egret/Black/White,5,04-08-2023
https://shopee.sg/PUMA-Wired-Run-Slip-On-Women's-Shoes-(White)-i.341363989.20374620290?sp_atk=21d7d1d4-4f94-4121-b617-924cba1e3933&xptdk=21d7d1d4-4f94-4121-b617-924cba1e3933,PUMA Wired Run Slip-On Women's Shoes (White),5,04-08-2023
https://shopee.sg/Skechers-Women-Max-Cushioning-Essential-Hotshot-Running-Shoes-129251-BKTQ-Air-Cooled-Goga-Mat-Sneakers-Sport-i.84710867.21551979557?sp_atk=38eec9d9-26df-4eb5-a4bf-54fe4ad75fd8&xptdk=38eec9d9-26df-4eb5-a4bf-54fe4ad75fd8,"Skechers Women Max Cushioning Essential Hotshot Running Shoes - 129251-BKTQ - Air-Cooled Goga Mat, Sneakers, Sport",5,04-08-2023
https://shopee.sg/Skechers-Men-California-Pack-Sport-Court-92-Shoes-237188-BKGD-Air-Cooled-Memory-Foam-i.84710867.21865697545?sp_atk=44cf782c-47d6-4721-85f2-b266cbd72058&xptdk=44cf782c-47d6-4721-85f2-b266cbd72058,Skechers Men California Pack Sport Court 92 Shoes - 237188-BKGD Air-Cooled Memory Foam,5,04-08-2023
https://shopee.sg/adidas-Lifestyle-NMD_R1-Shoes-Men-Black-HQ4461-i.265436651.22966850636?sp_atk=84ecb8a4-db02-43b3-9d24-962a5de9cf31&xptdk=84ecb8a4-db02-43b3-9d24-962a5de9cf31,adidas Lifestyle NMD_R1 Shoes Men Black HQ4461,5,04-08-2023
https://shopee.sg/NIKE-Slam-Jam-Air-Force-1-Low-SP-DX5590-001-Black-(LF)-i.280432311.19878702622?sp_atk=99633370-e2c4-4168-9ac4-217f1833d58b&xptdk=99633370-e2c4-4168-9ac4-217f1833d58b,NIKE Slam Jam Air Force 1 Low SP DX5590 001 Black (LF),5,04-08-2023
https://shopee.sg/-NEW-PUMA-Cilia-Patent-Women's-Shoes-(Black)-i.341363989.23643350188?sp_atk=c31737d9-f364-4df2-816d-430d4858a24d&xptdk=c31737d9-f364-4df2-816d-430d4858a24d,[NEW] PUMA Cilia Patent Women's Shoes (Black),5,04-08-2023
https://shopee.sg/FILA-CORE-Men's-ATHLETICS-Fitness-Sneakers-in-Black-i.122238789.22848793769?sp_atk=5af607d7-6b95-403a-b406-a7c611862e5d&xptdk=5af607d7-6b95-403a-b406-a7c611862e5d,FILA CORE Men's ATHLETICS Fitness Sneakers in Black,6,04-08-2023
https://shopee.sg/Vans-Comfycush-Sk8-Hi-Sneakers-Men-(Unisex-US-Size)-BLACK-VN0A3WMBVNE1-i.884975004.22717668743?sp_atk=0f15345a-dc96-45ff-b7ea-9acb530cb602&xptdk=0f15345a-dc96-45ff-b7ea-9acb530cb602,Vans Comfycush Sk8-Hi Sneakers Men (Unisex US Size) BLACK VN0A3WMBVNE1,6,04-08-2023
https://shopee.sg/-NEW-PUMA-Adelina-Shine-Sneakers-Women-(Black)-i.341363989.22447463305?sp_atk=b697a6f7-9bfe-4a59-97bd-630737b6f368&xptdk=b697a6f7-9bfe-4a59-97bd-630737b6f368,[NEW] PUMA Adelina Shine Sneakers Women (Black),6,04-08-2023
https://shopee.sg/Geox-Man-Shoe-Sneakers-U-Damiano-Black-i.267920682.21679759844?sp_atk=99a5f1e0-947e-44f1-ba64-d929d4f6167f&xptdk=99a5f1e0-947e-44f1-ba64-d929d4f6167f,Geox Man Shoe Sneakers U Damiano Black,6,04-08-2023
https://shopee.sg/Moda-Paolo-Women-Sports-Sneakers-in-2-Colours-(6)-i.82022023.22145488470?sp_atk=c57b8592-7b17-45f3-b982-cc1885785c41&xptdk=c57b8592-7b17-45f3-b982-cc1885785c41,Moda Paolo Women Sports Sneakers in 2 Colours (6),6,04-08-2023
https://shopee.sg/Moda-Paolo-Men-Sports-Sneakers-in-3-Colours-(9978)-i.82022023.17097504219?sp_atk=772e0fbf-4f22-428e-8d25-a9bd48fff4e2&xptdk=772e0fbf-4f22-428e-8d25-a9bd48fff4e2,Moda Paolo Men Sports Sneakers in 3 Colours (9978),6,04-08-2023
https://shopee.sg/Geox-Women-Shoes-Shoe-D-Marlyna-Black-i.267920682.3945575813?sp_atk=ac380f93-ff7f-41d7-84b4-570a35a3e00a&xptdk=ac380f93-ff7f-41d7-84b4-570a35a3e00a,Geox Women Shoes Shoe D Marlyna Black,6,04-08-2023
https://shopee.sg/prettyFIT-CINDY-Woman's-Minimal-Chic-Cowhide-Leather-Sneakers-Ladies-Casual-Low-Top-Shoes-i.243520792.14597863198?sp_atk=25110349-a034-495d-9dde-51fe46290d22&xptdk=25110349-a034-495d-9dde-51fe46290d22,prettyFIT CINDY Woman's Minimal Chic Cowhide Leather Sneakers Ladies Casual Low Top Shoes,6,04-08-2023
https://shopee.sg/FILA-CORE-Women's-ATHLETICS-BOA-Running-Shoe-in-Black-i.122238789.23474285816?sp_atk=e24845c5-4069-4d35-8db3-4be79ed8578c&xptdk=e24845c5-4069-4d35-8db3-4be79ed8578c,FILA CORE Women's ATHLETICS BOA Running Shoe in Black,6,04-08-2023
https://shopee.sg/adidas-Lifestyle-OZNOVA-Shoes-Men-Black-GX4506-i.265436651.21179258693?sp_atk=962a5099-5994-4df5-906f-0a4da0b8854d&xptdk=962a5099-5994-4df5-906f-0a4da0b8854d,adidas Lifestyle OZNOVA Shoes Men Black GX4506,6,04-08-2023
https://shopee.sg/adidas-Lifestyle-Superstar-x-Indigo-Herz-Shoes-Men-Black-IE1842-i.265436651.20779249963?sp_atk=ff966ca6-dda2-4c57-b4f3-bf815f2dcc72&xptdk=ff966ca6-dda2-4c57-b4f3-bf815f2dcc72,adidas Lifestyle Superstar x Indigo Herz Shoes Men Black IE1842,6,04-08-2023
https://shopee.sg/adidas-Skateboarding-Court-Platform-CLN-Shoes-Women-Black-GW6909-i.265436651.20588446181?sp_atk=4a78c5ef-59b9-44c6-8b9f-44b11f57093b&xptdk=4a78c5ef-59b9-44c6-8b9f-44b11f57093b,adidas Skateboarding Court Platform CLN Shoes Women Black GW6909,6,04-08-2023
https://shopee.sg/adidas-Lifestyle-Samba-OG-Shoes-Unisex-Black-B75807-i.265436651.3743605257?sp_atk=a9e69094-26b8-45c3-8652-9ac1a08dbf85&xptdk=a9e69094-26b8-45c3-8652-9ac1a08dbf85,adidas Lifestyle Samba OG Shoes Unisex Black B75807,6,04-08-2023
https://shopee.sg/Skechers-Online-Exclusive-Men-Sport-Skech-Air-Extreme-V2-Shoes-232255-BBK-Air-Cooled-Memory-Foam-i.84710867.18230378071?sp_atk=cae799c6-8b10-4d40-b414-5350bd4c2f70&xptdk=cae799c6-8b10-4d40-b414-5350bd4c2f70,Skechers Online Exclusive Men Sport Skech-Air Extreme V2 Shoes - 232255-BBK Air-Cooled Memory Foam,6,04-08-2023
https://shopee.sg/Everlast-Unisex-Canvas-Lace-Up-Sneakers-Clay-Brown-Black-White-Gum-Colorway-(EL19-M635)-Casual-Streetwear-Athleisure-i.75762037.20048366604?sp_atk=fa199780-3f43-4e2f-ae5b-7da4d5783c53&xptdk=fa199780-3f43-4e2f-ae5b-7da4d5783c53,Everlast Unisex Canvas Lace Up Sneakers - Clay Brown/Black/White Gum Colorway (EL19-M635) Casual Streetwear | Athleisure,6,04-08-2023
https://shopee.sg/Converse-CHUCK-70-OX-Men's-Sneakers-Origin-Story-Black-Egret-i.252818873.19591470637?sp_atk=d98ef386-e461-40b4-8ec6-ddc23ce31565&xptdk=d98ef386-e461-40b4-8ec6-ddc23ce31565,Converse CHUCK 70 OX Men's Sneakers - Origin Story/Black/Egret,6,04-08-2023
https://shopee.sg/Everlast-Unisex-Canvas-Slip-On-Sneakers-Black-Clay-Gum-Colorway-(1EG0303-BLK)-Casual-Streetwear-Athleisure-i.75762037.21148369590?sp_atk=a328ebe7-602b-40c4-bc40-13eb66d5e4be&xptdk=a328ebe7-602b-40c4-bc40-13eb66d5e4be,Everlast Unisex Canvas Slip On Sneakers - Black/Clay Gum Colorway (1EG0303 BLK) Casual Streetwear | Athleisure,6,04-08-2023
https://shopee.sg/Everlast-Unisex-Canvas-Lace-Up-Sneakers-Black-Clay-Brown-Gum-Colorway-(1EG0305-BLK)-Casual-Streetwear-Athleisure-i.75762037.18848370634?sp_atk=9c3bb485-c3ae-4baa-9dc7-20b23318fa6c&xptdk=9c3bb485-c3ae-4baa-9dc7-20b23318fa6c,Everlast Unisex Canvas Lace Up Sneakers - Black/Clay Brown Gum Colorway (1EG0305 BLK) Casual Streetwear | Athleisure,6,04-08-2023
https://shopee.sg/Vans-Old-Skool-VR3-Sneakers-Women-(Unisex-US-Size)-BLACK-VN0005UB1KP1-i.884975004.15396124915?sp_atk=74ed7f76-8bba-4b55-9840-a8d818fbca7c&xptdk=74ed7f76-8bba-4b55-9840-a8d818fbca7c,Vans Old Skool VR3 Sneakers Women (Unisex US Size) BLACK VN0005UB1KP1,6,04-08-2023
https://shopee.sg/M-S-Lace-Up-Trainers-i.373515061.23941280881?sp_atk=8fd85368-ae03-4eef-bc62-5dde12a68a31&xptdk=8fd85368-ae03-4eef-bc62-5dde12a68a31,M&S Lace-Up Trainers,6,04-08-2023
https://shopee.sg/BATA-Men-Black-Power-Walking-Trainers-809X704-i.324728427.16490306038?sp_atk=0cebce8f-8e82-4706-9dad-51e71aca7161&xptdk=0cebce8f-8e82-4706-9dad-51e71aca7161,BATA Men Black Power Walking Trainers 809X704,6,04-08-2023
https://shopee.sg/Superga-Strap-Black-Full-White-i.172406425.3330526518?sp_atk=2e1de148-7daf-4736-8496-6355c0e88364&xptdk=2e1de148-7daf-4736-8496-6355c0e88364,Superga Strap Black Full White,6,04-08-2023
https://shopee.sg/CLARKS-Roxby-Lace-Black-Canvas-Mens-Shoes-i.119320434.21432466863?sp_atk=d8fd26b5-b965-4791-8ee5-45c45b87d066&xptdk=d8fd26b5-b965-4791-8ee5-45c45b87d066,CLARKS Roxby Lace Black Canvas Mens Shoes,6,04-08-2023
https://shopee.sg/CLARKS-CourtLite-Tie-Black-i.119320434.19176940986?sp_atk=e113155e-62cb-4a35-83f0-bc3709394664&xptdk=e113155e-62cb-4a35-83f0-bc3709394664,CLARKS CourtLite Tie Black,6,04-08-2023
https://shopee.sg/CLARKS-Step-Urban-Low-Black-Textile-i.119320434.22434438122?sp_atk=72e10bf4-749b-4570-aa6f-ec726aae2b35&xptdk=72e10bf4-749b-4570-aa6f-ec726aae2b35,CLARKS Step Urban Low Black Textile,6,04-08-2023
https://shopee.sg/Power-Men-Breeze-Delight-Walking-Shoes-809X193-i.324728427.22530942430?sp_atk=32db0590-5ae2-49f2-8e16-d2db21f00ea1&xptdk=32db0590-5ae2-49f2-8e16-d2db21f00ea1,Power Men Breeze Delight Walking Shoes 809X193,6,04-08-2023
https://shopee.sg/Skechers-Men-Sport-Burns-2.0-Braxton-Shoes-8790195-BBK-Memory-Foam-i.84710867.21780029758?sp_atk=88d58d37-b5f9-47f3-a967-9983adaa735b&xptdk=88d58d37-b5f9-47f3-a967-9983adaa735b,Skechers Men Sport Burns 2.0 Braxton Shoes - 8790195-BBK Memory Foam,6,04-08-2023
https://shopee.sg/Skechers-Boys-GOrun-600-Influx-Running-Shoes-97862L-BBK-Machine-Washable-i.84710867.7036631154?sp_atk=a3bfc554-9753-45e0-a7a0-248388c76c8a&xptdk=a3bfc554-9753-45e0-a7a0-248388c76c8a,Skechers Boys GOrun 600 Influx Running Shoes - 97862L-BBK Machine Washable,6,04-08-2023
https://shopee.sg/NEW-BALANCE-1906-M1906DF-Black-Unisex-(LF)-i.280432311.23350023257?sp_atk=f73ef758-fc04-45b0-b1f0-a52a8e59dbb7&xptdk=f73ef758-fc04-45b0-b1f0-a52a8e59dbb7,NEW BALANCE 1906 M1906DF Black Unisex (LF),6,04-08-2023
https://shopee.sg/Skechers-Online-Exclusive-Men-Work-Flex-Advantage-Slip-Resistant-Bendon-Work-Shoes-77125-BLK-Air-Cooled-Memory-Foam-i.84710867.15631453383?sp_atk=d46689c9-0545-495d-8b34-fb9d8cd4920f&xptdk=d46689c9-0545-495d-8b34-fb9d8cd4920f,Skechers Online Exclusive Men Work Flex Advantage Slip Resistant Bendon Work Shoes - 77125-BLK Air-Cooled Memory Foam,6,04-08-2023
https://shopee.sg/BATA-Men-Weinbrenner-Lace-Up-Kasen-830X810-i.324728427.18242266882?sp_atk=9c9ec1cd-22a4-418d-84ed-5af87ddaff2e&xptdk=9c9ec1cd-22a4-418d-84ed-5af87ddaff2e,BATA Men Weinbrenner Lace Up Kasen 830X810,6,04-08-2023
https://shopee.sg/New-Balance-500-Mens-Sneakers-D-i.82375312.20790470979?sp_atk=86a4dff8-de6b-4a45-970a-66440c63e733&xptdk=86a4dff8-de6b-4a45-970a-66440c63e733,New Balance 500 Mens Sneakers D,6,04-08-2023
https://shopee.sg/Everlast-Unisex-Single-Stripe-Canvas-Sneakers-Black-White-Colorway-(EL19-M634)-Casual-Streetwear-Athleisure-Sports-i.75762037.20748368115?sp_atk=c07b707d-a7e0-4539-a9fe-71f183bfc6db&xptdk=c07b707d-a7e0-4539-a9fe-71f183bfc6db,Everlast Unisex Single Stripe Canvas Sneakers - Black/White Colorway (EL19-M634) Casual Streetwear | Athleisure Sports,6,04-08-2023
https://shopee.sg/Skechers-Online-Exclusive-Women-Work-Dighton-Slip-Resistant-Work-Shoes-77200-BLK-Memory-Foam-i.84710867.20037579858?sp_atk=8ab70d97-ebf1-4463-af34-cea7563374fb&xptdk=8ab70d97-ebf1-4463-af34-cea7563374fb,Skechers Online Exclusive Women Work Dighton Slip Resistant Work Shoes - 77200-BLK Memory Foam,6,04-08-2023
https://shopee.sg/ASICS-Men-JAPAN-S-Sportstyle-Shoes-in-White-Black-i.455553838.20476219102?sp_atk=ae0ad089-4432-424d-996d-e590f47435ac&xptdk=ae0ad089-4432-424d-996d-e590f47435ac,ASICS Men JAPAN S Sportstyle Shoes in White/Black,6,04-08-2023
https://shopee.sg/Skechers-Women-Sport-Active-Arch-Fit-Refine-Don't-Go-Shoes-104164-BBK-Arch-Fit-Machine-Washable-Stretch-Fit-Vegan-i.84710867.22024559530?sp_atk=58b5550e-ae1b-4e3e-9519-8acad05f333b&xptdk=58b5550e-ae1b-4e3e-9519-8acad05f333b,"Skechers Women Sport Active Arch Fit Refine Don't Go Shoes - 104164-BBK Arch Fit, Machine Washable, Stretch Fit, Vegan",6,04-08-2023
https://shopee.sg/New-Balance-430-v3-Mens-Sneakers-D-i.82375312.23272781725?sp_atk=3221680f-57e2-4a8e-9202-3012f73b652f&xptdk=3221680f-57e2-4a8e-9202-3012f73b652f,New Balance 430 v3 Mens Sneakers D,6,04-08-2023
https://shopee.sg/Vans-Checkerboard-Old-Skool-Overt-Cc-Sneakers-Men-(Unisex-US-Size)-BLACK-VN0A7Q5E95Y1-i.884975004.23318026636?sp_atk=252249a6-5e40-43e7-8752-23f10b868e8f&xptdk=252249a6-5e40-43e7-8752-23f10b868e8f,Vans Checkerboard Old Skool Overt Cc Sneakers Men (Unisex US Size) BLACK VN0A7Q5E95Y1,6,04-08-2023
https://shopee.sg/Everbest-Men's-Shoes-SD7003-Versatile-Men's-Lace-Sneakers-i.273529824.12814838585?sp_atk=eb28c005-7dc5-4d08-8639-373e74f563d1&xptdk=eb28c005-7dc5-4d08-8639-373e74f563d1,Everbest Men's Shoes - SD7003  Versatile Men's Lace Sneakers,6,04-08-2023
https://shopee.sg/Skechers-Men-GOwalk-6-Requisite-Walking-Shoes-216623-BKCC-Air-Cooled-Goga-Mat-Comfort-Pillar-Technology-i.84710867.22772021694?sp_atk=159c36ff-7014-41e5-a603-1c1cd0c8e839&xptdk=159c36ff-7014-41e5-a603-1c1cd0c8e839,Skechers Men GOwalk 6 Requisite Walking Shoes - 216623-BKCC Air-Cooled Goga Mat Comfort Pillar Technology,6,04-08-2023
https://shopee.sg/Tretorn-Womens-Nylite-Bold-Vintage-White-i.298151663.5450916499?sp_atk=dcf2e736-fde9-46f6-af3f-a9df1f5ec1c2&xptdk=dcf2e736-fde9-46f6-af3f-a9df1f5ec1c2,Tretorn Womens Nylite Bold - Vintage White,6,04-08-2023
https://shopee.sg/Skechers-Men-Sport-Bounder-Frazin-walking-Shoes-232375-BBK-Air-Cooled-Memory-Foam-Machine-Washable-i.84710867.20258444146?sp_atk=0999ca5b-b3c4-4979-b1b9-a2bee9ee539e&xptdk=0999ca5b-b3c4-4979-b1b9-a2bee9ee539e,Skechers Men Sport Bounder Frazin walking Shoes - 232375-BBK Air-Cooled Memory Foam Machine Washable,6,04-08-2023
https://shopee.sg/BATA-Men-Power-Trainers-809X973-i.324728427.19540452196?sp_atk=f9cfaac8-d425-4b8f-a1bd-da2303e4255c&xptdk=f9cfaac8-d425-4b8f-a1bd-da2303e4255c,BATA Men Power Trainers 809X973,6,04-08-2023
https://shopee.sg/CLARKS-Roxby-Step-Black-Canvas-Mens-Shoes-i.119320434.18832469821?sp_atk=433508ec-553e-4580-906d-639ff5708459&xptdk=433508ec-553e-4580-906d-639ff5708459,CLARKS Roxby Step Black Canvas Mens Shoes,6,04-08-2023
https://shopee.sg/adidas-Lifestyle-Orketro-Shoes-Men-Black-GZ9692-i.265436651.21188309345?sp_atk=bc06086a-8e2d-4a99-9242-4bebcaff533f&xptdk=bc06086a-8e2d-4a99-9242-4bebcaff533f,adidas Lifestyle Orketro Shoes Men Black GZ9692,6,04-08-2023
https://shopee.sg/Clarks-Kayleigh-Cove-Black-Combi-Lea-Womens-Casual-i.119320434.22925811376?sp_atk=85f6a9a6-c245-4324-a93f-977447e79b83&xptdk=85f6a9a6-c245-4324-a93f-977447e79b83,Clarks Kayleigh Cove Black Combi Lea Womens Casual,6,04-08-2023
https://shopee.sg/Moda-Paolo-Unisex-Sports-in-2-Colours-(911)-i.82022023.21035326449?sp_atk=ce46afb8-d300-44c3-9612-9ba54486b41c&xptdk=ce46afb8-d300-44c3-9612-9ba54486b41c,Moda Paolo Unisex Sports in 2 Colours (911),6,04-08-2023
https://shopee.sg/Skechers-Women-On-The-GO-Dreamy-City-Chic-Walking-Shoes-136251-BBK-Air-Cooled-Goga-Mat-Sneakers-Sport-i.84710867.21871551056?sp_atk=a32a0119-1478-43f9-867f-6168dd910632&xptdk=a32a0119-1478-43f9-867f-6168dd910632,"Skechers Women On-The-GO Dreamy City Chic Walking Shoes - 136251-BBK - Air-Cooled Goga Mat, Sneakers, Sport",6,04-08-2023
https://shopee.sg/VANS-SK8-HI-REISSUE-CAP-BLACK-i.280432311.12436311300?sp_atk=b0e5a13e-a0af-4e09-b70d-fe6e0c101e56&xptdk=b0e5a13e-a0af-4e09-b70d-fe6e0c101e56,VANS SK8-HI REISSUE CAP BLACK,6,04-08-2023
https://shopee.sg/Skechers-Online-Exclusive-Women-Work-Nampa-Slip-Resistant-Work-Shoes-77236-BLK-Memory-Foam-i.84710867.16708954501?sp_atk=a50f66d5-4a5c-432d-9a3a-42900861a9e9&xptdk=a50f66d5-4a5c-432d-9a3a-42900861a9e9,Skechers Online Exclusive Women Work Nampa Slip Resistant Work Shoes - 77236-BLK Memory Foam,6,04-08-2023
https://shopee.sg/prettyFIT-DREA-Women's-Studded-Leather-Sneakers-Ladies-Casual-Lightweight-Shoes-i.243520792.22342103332?sp_atk=4b03f4a5-123d-441f-b3f6-4f0a3041da71&xptdk=4b03f4a5-123d-441f-b3f6-4f0a3041da71,prettyFIT DREA Women's Studded Leather Sneakers Ladies Casual Lightweight Shoes,6,04-08-2023
https://shopee.sg/BATA-Men-Weinbrenner-Lace-Up-Kaito-830X811-i.324728427.18542261884?sp_atk=af693a77-0962-47ad-a6ef-8497c99bb0b7&xptdk=af693a77-0962-47ad-a6ef-8497c99bb0b7,BATA Men Weinbrenner Lace Up Kaito 830X811,6,04-08-2023
https://shopee.sg/Skechers-Men-GOwalk-Flex-Walking-Shoes-216486-BKGY-Air-Cooled-Goga-Mat-i.84710867.23472710887?sp_atk=911aed4b-4954-4082-b07c-8124d239a27f&xptdk=911aed4b-4954-4082-b07c-8124d239a27f,Skechers Men GOwalk Flex Walking Shoes - 216486-BKGY Air-Cooled Goga Mat,6,04-08-2023
https://shopee.sg/Keen-Men's-Shoes-Jasper-II-Wp-Moc-X-Engineered-Garments-Black-Black-i.166583916.23940753698?sp_atk=2e20a4cd-495f-477c-9cce-ace925c725c7&xptdk=2e20a4cd-495f-477c-9cce-ace925c725c7,Keen Men's Shoes Jasper II Wp Moc X Engineered Garments - Black/Black,6,04-08-2023
https://shopee.sg/Walking-Tall-Premium-Casual-Sneakers-Shoes-Height-Increase-Shoes-(7-cm)-with-Rubber-OutSole-Men-Shoe-Brown-C127B0091-i.228978173.22808637056?sp_atk=327d270b-fc3c-4bef-8381-a6f32c55a21d&xptdk=327d270b-fc3c-4bef-8381-a6f32c55a21d,Walking Tall Premium Casual Sneakers Shoes | Height Increase Shoes (7 cm) with Rubber OutSole - Men Shoe Brown-C127B0091,6,04-08-2023
https://shopee.sg/VANS-Era-BMX-Pack-Black-Sharp-Green-Unisex-(LF)-i.280432311.16490481690?sp_atk=b5f75358-41e9-4679-86b6-c4c31b0ae2bb&xptdk=b5f75358-41e9-4679-86b6-c4c31b0ae2bb,VANS Era BMX Pack Black Sharp Green Unisex (LF),6,04-08-2023
https://shopee.sg/NATIVE-Jefferson-Marbled-Unisex-Shoe-Jiffy-Black-Victoria-Barracuda-Marble-i.330344897.10639400290?sp_atk=4ba6eb5e-730c-46a4-8e9d-7bb5d4df245a&xptdk=4ba6eb5e-730c-46a4-8e9d-7bb5d4df245a,NATIVE Jefferson Marbled Unisex Shoe - Jiffy Black / Victoria Barracuda Marble,6,04-08-2023
https://shopee.sg/Kappa-Unisex-Sport-Shoes-KAAFA938-i.88612805.20865953676?sp_atk=d45ddad6-42e3-42dc-ad8d-b698659713f9&xptdk=d45ddad6-42e3-42dc-ad8d-b698659713f9,Kappa Unisex Sport Shoes KAAFA938,6,04-08-2023
https://shopee.sg/Skechers-Men-Slip-Ins-GOwalk-Flex-No-Hands-Shoes-216491-BBK-Air-Cooled-Memory-Foam-Flex-i.84710867.22944996402?sp_atk=d73ac26f-7f54-409e-8187-b73ab9400d83&xptdk=d73ac26f-7f54-409e-8187-b73ab9400d83,Skechers Men Slip-Ins GOwalk Flex No Hands Shoes - 216491-BBK Air-Cooled Memory Foam Flex,6,04-08-2023
https://shopee.sg/Tretorn-Womens-Callie-11-Vintage-White-Black-Tan-Black-Multi-i.298151663.6750918761?sp_atk=6cc9127f-1e47-4450-8f31-d1186c1945e2&xptdk=6cc9127f-1e47-4450-8f31-d1186c1945e2,Tretorn Womens Callie 11 - Vintage White/Black/Tan + Black Multi,6,04-08-2023
