https://shopee.sg/PUMA-Unisex-Leadcat-Slide-Sports-Sandals-(Black)-i.341363989.21476571576?sp_atk=4add1fad-5899-4a2b-a63e-0278c64ef522&xptdk=4add1fad-5899-4a2b-a63e-0278c64ef522,PUMA Unisex Leadcat Slide Sports Sandals (Black),1,04-08-2023
https://shopee.sg/Skechers-Online-Exclusive-Women-On-The-GO-600-Sandals-141050-BBK-i.84710867.23628193454?sp_atk=9d3e3408-81f5-477d-ad28-8227fb36f0d3&xptdk=9d3e3408-81f5-477d-ad28-8227fb36f0d3,Skechers Online Exclusive Women On-The-GO 600 Sandals - 141050-BBK,1,04-08-2023
https://shopee.sg/BATA-Women-Comfit-Heeled-Sandals-661X862-i.324728427.14987639685?sp_atk=119add37-e249-4b25-b938-b4e957e8a3e1&xptdk=119add37-e249-4b25-b938-b4e957e8a3e1,BATA Women Comfit Heeled Sandals 661X862,1,04-08-2023
https://shopee.sg/Teva-Women's-Olowahu-Sandal-Mix-B-Black-On-Black-(6840-MBOB)-i.911403529.16390897173?sp_atk=1857cd02-1b0b-4df6-ad18-aba0e2af8860&xptdk=1857cd02-1b0b-4df6-ad18-aba0e2af8860,Teva Women's Olowahu Sandal - Mix B Black On Black (6840-MBOB),1,04-08-2023
https://shopee.sg/PUMA-SOFTRIDE-Unisex-Sports-Sandals-Swimming-Beach-i.341363989.10571304257?sp_atk=effe5369-2ec9-4e01-bf26-60f6580f23ca&xptdk=effe5369-2ec9-4e01-bf26-60f6580f23ca,PUMA SOFTRIDE Unisex Sports Sandals Swimming/Beach,1,04-08-2023
https://shopee.sg/BATA-Men-Comfit-Sandals-871X073-i.324728427.20534597359?sp_atk=85c0e950-a626-40e2-8a64-cb39e67acd91&xptdk=85c0e950-a626-40e2-8a64-cb39e67acd91,BATA Men Comfit Sandals 871X073,1,04-08-2023
https://shopee.sg/-BY-FLIPS-Ultra-Lightweight-EVA-Sandals-in-Charcoal-Black-Double-Strap-i.112777554.14750511146?sp_atk=2f364489-49ee-4a51-8f78-2ebaa0b8ee9d&xptdk=2f364489-49ee-4a51-8f78-2ebaa0b8ee9d,[BY FLIPS] Ultra Lightweight EVA Sandals in Charcoal Black Double Strap,1,04-08-2023
https://shopee.sg/Teva-Men's-Original-Universal-Sandal-Macaroon-Multi-(1004006-MRML)-i.911403529.16390897180?sp_atk=6344959f-4931-4531-8734-7c92031c696a&xptdk=6344959f-4931-4531-8734-7c92031c696a,Teva Men's Original Universal Sandal - Macaroon Multi (1004006-MRML),1,04-08-2023
https://shopee.sg/BATA-WEINBRENNER-Men-Active-Sandals-869X028-i.324728427.19601922396?sp_atk=d905ea36-9545-4d2c-aa84-4c0b41363581&xptdk=d905ea36-9545-4d2c-aa84-4c0b41363581,BATA WEINBRENNER Men Active Sandals 869X028,1,04-08-2023
https://shopee.sg/FILA-CORE-Women's-FASHION-ORIGINALE-Sandals-i.122238789.22168369363?sp_atk=91d3c994-c573-4d7f-951e-10c6739fcd17&xptdk=91d3c994-c573-4d7f-951e-10c6739fcd17,FILA CORE Women's FASHION ORIGINALE Sandals,1,04-08-2023
https://shopee.sg/Teva-Women's-Hurricane-XLT2-Sandal-Borderless-Tan-Multi-(1019235-BTNM)-Hiking-Sandal-i.911403529.10399738884?sp_atk=50eab697-0f5c-40a4-b5e8-ee204c3b0b45&xptdk=50eab697-0f5c-40a4-b5e8-ee204c3b0b45,Teva Women's Hurricane XLT2 Sandal - Borderless Tan Multi (1019235-BTNM) | Hiking Sandal,1,04-08-2023
https://shopee.sg/Timberland-Women's-Bailey-Park-Webbing-Strap-Sandals-i.179804792.12992845330?sp_atk=512992f9-5fc3-4051-af75-ae70b12f110f&xptdk=512992f9-5fc3-4051-af75-ae70b12f110f,Timberland Women's Bailey Park Webbing-Strap Sandals,1,04-08-2023
https://shopee.sg/Teva-Women's-Hurricane-Drift-Sandal-Black-Black-(1124070-BCBK)-i.911403529.23009019584?sp_atk=2413828e-0cda-4202-b7a9-6e3a285339a6&xptdk=2413828e-0cda-4202-b7a9-6e3a285339a6,Teva Women's Hurricane Drift Sandal - Black/ Black (1124070-BCBK),1,04-08-2023
https://shopee.sg/Teva-Men's-Original-Universal-Sandal-Birch-(1004006-BIR)-i.911403529.23009019585?sp_atk=8c9cd4f1-aada-4398-98a3-79ffb58e2ba5&xptdk=8c9cd4f1-aada-4398-98a3-79ffb58e2ba5,Teva Men's Original Universal Sandal - Birch (1004006-BIR),1,04-08-2023
https://shopee.sg/Adidas-Adilette-Sandal-Hook-and-loop-closure-Superior-Supercloud-cushioning-i.158170818.20857443148?sp_atk=13735a0b-7741-4baf-8bd9-c834f4e8961a&xptdk=13735a0b-7741-4baf-8bd9-c834f4e8961a,Adidas Adilette Sandal Hook-and-loop closure Superior Supercloud cushioning,1,04-08-2023
https://shopee.sg/BATA-Women-Gladiator-Sandals-561X689-i.324728427.18035279947?sp_atk=f6a9205f-19eb-4bd1-8319-de4734eb0d30&xptdk=f6a9205f-19eb-4bd1-8319-de4734eb0d30,BATA Women Gladiator Sandals 561X689,1,04-08-2023
https://shopee.sg/BATA-Women-Black-Pink-Block-Heeled-Sandals-Zephie-661X670-i.324728427.23017957668?sp_atk=a65c5c79-ef21-4520-afa3-ae8a677939a1&xptdk=a65c5c79-ef21-4520-afa3-ae8a677939a1,BATA Women Black/Pink Block Heeled Sandals Zephie 661X670,1,04-08-2023
https://shopee.sg/Skechers-Women-Foamies-Footsteps-Sandals-111054-ROS-i.84710867.13894045021?sp_atk=c8712411-9d95-446a-bb35-6494760a8987&xptdk=c8712411-9d95-446a-bb35-6494760a8987,Skechers Women Foamies Footsteps Sandals - 111054-ROS,1,04-08-2023
https://shopee.sg/Skechers-Online-Exclusive-Women-On-The-GO-600-Sandals-141050-NVY-i.84710867.18274769054?sp_atk=62e75e6b-5969-4750-a91e-470555be6da6&xptdk=62e75e6b-5969-4750-a91e-470555be6da6,Skechers Online Exclusive Women On-The-GO 600 Sandals - 141050-NVY,1,04-08-2023
https://shopee.sg/Ripples-T-Straps-Sandals-(more-Colour)-i.28337387.21860604678?sp_atk=07082699-7445-414b-87d5-ec0ba523229c&xptdk=07082699-7445-414b-87d5-ec0ba523229c,Ripples T-Straps Sandals (more Colour),1,04-08-2023
https://shopee.sg/BATA-Women-Lycra-Sandals-661X286-i.324728427.21935664388?sp_atk=c20a82a2-74e2-4af6-a5e5-7b5c28f11e93&xptdk=c20a82a2-74e2-4af6-a5e5-7b5c28f11e93,BATA Women Lycra Sandals 661X286,1,04-08-2023
https://shopee.sg/BATA-Women-Comfit-Heeled-Sandals-661X862-i.324728427.13593994525?sp_atk=cb23042f-7d0f-4fad-8205-04c3cf0b945b&xptdk=cb23042f-7d0f-4fad-8205-04c3cf0b945b,BATA Women Comfit Heeled Sandals 661X862,1,04-08-2023
https://shopee.sg/Emelyn-Diana-(3colours)-Prime-Italian-Real-Leather-Flat-Sandals-i.86800001.16475535130?sp_atk=8df5f02b-cf12-4171-b675-3c2a047cd51f&xptdk=8df5f02b-cf12-4171-b675-3c2a047cd51f,Emelyn Diana (3colours) Prime Italian Real Leather Flat Sandals,1,04-08-2023
https://shopee.sg/Teva-Women's-Olowahu-Sandal-Mixed-B-Maple-Sugar-Multi-(6840-MBMSM)-i.911403529.16390897150?sp_atk=32bf3e8c-6e07-4b0b-8fae-c9dffc681ad9&xptdk=32bf3e8c-6e07-4b0b-8fae-c9dffc681ad9,Teva Women's Olowahu Sandal - Mixed B Maple Sugar Multi (6840-MBMSM),1,04-08-2023
https://shopee.sg/BATA-Men-Weinbrenner-Active-Sandals-861X175-i.324728427.6390678516?sp_atk=32347246-2e4a-4c54-a24f-ecf97bf65fff&xptdk=32347246-2e4a-4c54-a24f-ecf97bf65fff,BATA Men Weinbrenner Active Sandals 861X175,1,04-08-2023
https://shopee.sg/Teva-Women's-Original-Universal-Sandal-Black-(1003987-BLK)-i.911403529.16290897235?sp_atk=48ce40d8-15cb-4737-9b47-94010fcb6e2d&xptdk=48ce40d8-15cb-4737-9b47-94010fcb6e2d,Teva Women's Original Universal Sandal - Black (1003987-BLK),1,04-08-2023
https://shopee.sg/MONTBELL-Lock-On-Sandals-Bk-Black-1129475-(LF)-i.280432311.12764546963?sp_atk=9aff0b66-aa1c-408a-b9b9-e727d9c58721&xptdk=9aff0b66-aa1c-408a-b9b9-e727d9c58721,MONTBELL Lock On Sandals Bk Black 1129475 (LF),1,04-08-2023
https://shopee.sg/Moda-Paolo-Women-Sandals-in-2-Colours-(74802)-i.82022023.23313738590?sp_atk=b2fbd3fe-acfa-4457-879b-024d0e6293af&xptdk=b2fbd3fe-acfa-4457-879b-024d0e6293af,Moda Paolo Women Sandals in 2 Colours (74802),1,04-08-2023
https://shopee.sg/adidas-Swimming-Adilette-Sandals-Unisex-Black-HP3007-i.265436651.23022370095?sp_atk=481da668-c484-4aa7-8d3b-59ceb0f38483&xptdk=481da668-c484-4aa7-8d3b-59ceb0f38483,adidas Swimming Adilette Sandals Unisex Black HP3007,1,04-08-2023
https://shopee.sg/-BY-FLIPS-Ultra-Lightweight-EVA-Sandals-in-Classic-White-Double-Strap-i.112777554.13875973196?sp_atk=5512fe8b-972f-4a1f-bba7-fdd835ef0d53&xptdk=5512fe8b-972f-4a1f-bba7-fdd835ef0d53,[BY FLIPS] Ultra Lightweight EVA Sandals in Classic White Double Strap,1,04-08-2023
https://shopee.sg/Skechers-Men-Foamies-Creston-Ultra-Specked-Out-Walking-Sandals-243095-NVY-i.84710867.10797650827?sp_atk=cc8570a0-c8e0-40c6-ba59-391abd550bfe&xptdk=cc8570a0-c8e0-40c6-ba59-391abd550bfe,Skechers Men Foamies Creston Ultra Specked Out Walking Sandals - 243095-NVY,1,04-08-2023
https://shopee.sg/BATA-Women-Wedged-Sandals-661X476-i.324728427.16565831626?sp_atk=e4b7d63d-e5e0-4011-88ad-c5c7aa0c81c0&xptdk=e4b7d63d-e5e0-4011-88ad-c5c7aa0c81c0,BATA Women Wedged Sandals 661X476,1,04-08-2023
https://shopee.sg/Skechers-Men-On-The-GO-GOwalk-Flex-Vallejo-Walking-Sandals-229202-BBK-Flex-Machine-Washable-Ultra-Go-i.84710867.22039663860?sp_atk=75da8b4c-7604-40fd-8117-e2e5d7faa95a&xptdk=75da8b4c-7604-40fd-8117-e2e5d7faa95a,"Skechers Men On-The-GO GOwalk Flex Vallejo Walking Sandals - 229202-BBK Flex, Machine Washable, Ultra Go",1,04-08-2023
https://shopee.sg/PUMA-Unisex-Popcat-20-Sports-Sandals-Basics-i.341363989.3071582846?sp_atk=34fb5a47-f1d5-4d20-8db5-1dd8612a030a&xptdk=34fb5a47-f1d5-4d20-8db5-1dd8612a030a,PUMA Unisex Popcat 20 Sports Sandals Basics,1,04-08-2023
https://shopee.sg/Shondo-F7-Racing-Men's-Sandals-Black-White-i.427005440.9845987564?sp_atk=6a47ab8c-cc17-48f9-8398-b5e4974cbdd4&xptdk=6a47ab8c-cc17-48f9-8398-b5e4974cbdd4,Shondo F7 Racing Men's Sandals - Black/White,1,04-08-2023
https://shopee.sg/Teva-Women's-Voya-Infinity-Strappy-Sandal-Black-(1019622-BLK)-i.911403529.22020421559?sp_atk=2623bc54-85dd-4c69-b45b-a4586c457e9d&xptdk=2623bc54-85dd-4c69-b45b-a4586c457e9d,Teva Women's Voya Infinity Strappy Sandal - Black (1019622-BLK),1,04-08-2023
https://shopee.sg/Teva-Women's-Original-Universal-Sandal-Maple-Sugar-Multi-(1003987-MSRM)-i.911403529.22114108293?sp_atk=81721e8a-58b7-4531-abe3-8699ebae39b1&xptdk=81721e8a-58b7-4531-abe3-8699ebae39b1,Teva Women's Original Universal Sandal - Maple Sugar Multi (1003987-MSRM),1,04-08-2023
https://shopee.sg/Moda-Paolo-Women-Sandals-in-2-Colours-(34565T)-i.82022023.18725212004?sp_atk=9549023c-b44b-4de3-8a26-c23bbc39ce62&xptdk=9549023c-b44b-4de3-8a26-c23bbc39ce62,Moda Paolo Women Sandals in 2 Colours (34565T),1,04-08-2023
https://shopee.sg/FROZEN-Girls-Sandals-161X808-i.324728427.20265681917?sp_atk=b115b8df-5bc8-4ed3-97de-d85361b36fe5&xptdk=b115b8df-5bc8-4ed3-97de-d85361b36fe5,FROZEN Girls Sandals 161X808,1,04-08-2023
https://shopee.sg/PUMA-Sportie-Women's-Sports-Sandals-Swimming-Beach-i.341363989.11815652646?sp_atk=c6344283-615e-4681-8612-4b97a8d8a672&xptdk=c6344283-615e-4681-8612-4b97a8d8a672,PUMA Sportie Women's Sports Sandals Swimming/Beach,1,04-08-2023
https://shopee.sg/BATA-Women-Sandals-571X802-i.324728427.21935190966?sp_atk=82476c26-e9d6-4f8a-b904-17a5ab47613b&xptdk=82476c26-e9d6-4f8a-b904-17a5ab47613b,BATA Women Sandals 571X802,1,04-08-2023
https://shopee.sg/Skechers-Women-On-The-GO-GOwalk-Arch-Fit-Spirited-Walking-Sandals-140266-GMLT-Lightweight-Dual-Density-i.84710867.23240619211?sp_atk=0cbfa824-bb65-490d-a9b6-fc636ff28fb9&xptdk=0cbfa824-bb65-490d-a9b6-fc636ff28fb9,"Skechers Women On-The-GO GOwalk Arch Fit Spirited Walking Sandals - 140266-GMLT Lightweight, Dual-Density",1,04-08-2023
https://shopee.sg/PUMA-Unisex-Leadcat-Slide-Sports-Sandals-i.341363989.9274892269?sp_atk=bbfbe37b-57cd-4e74-98d4-19c511be4ffc&xptdk=bbfbe37b-57cd-4e74-98d4-19c511be4ffc,PUMA Unisex Leadcat Slide Sports Sandals,1,04-08-2023
https://shopee.sg/Skechers-Online-Exclusive-Women-Foamies-Darvon-Hartleb-Walking-Sandals-8730071-CRL-i.84710867.20037579791?sp_atk=9b7d70ba-fa31-47f8-a68d-c7415f10da26&xptdk=9b7d70ba-fa31-47f8-a68d-c7415f10da26,Skechers Online Exclusive Women Foamies Darvon Hartleb Walking Sandals - 8730071-CRL,1,04-08-2023
https://shopee.sg/Oofos-Ooriginal-Recovery-Sandal-Black-Unisex-Plantar-Fasciitis-Heel-Pain-Flat-Foot-Orthopedic-Supportive-i.104311971.23824242299?sp_atk=c7fe586b-15b1-4f6f-b150-a10c2c0277fe&xptdk=c7fe586b-15b1-4f6f-b150-a10c2c0277fe,Oofos Ooriginal Recovery Sandal | Black | Unisex | Plantar Fasciitis / Heel Pain / Flat Foot / Orthopedic Supportive,1,04-08-2023
https://shopee.sg/Teva-Men's-Hurricane-Drift-Sandal-Black-(1124073-BLK)-i.911403529.23109019108?sp_atk=bd65e1eb-864a-4b3a-9a6f-3504e88c2428&xptdk=bd65e1eb-864a-4b3a-9a6f-3504e88c2428,Teva Men's Hurricane Drift Sandal - Black (1124073-BLK),1,04-08-2023
https://shopee.sg/Teva-Men's-Original-Universal-Sandal-Desert-Multi-(1004006-DTMLT)-i.911403529.16390897146?sp_atk=403e810c-d72b-404d-bbfd-074fc9310418&xptdk=403e810c-d72b-404d-bbfd-074fc9310418,Teva Men's Original Universal Sandal - Desert Multi (1004006-DTMLT),1,04-08-2023
https://shopee.sg/Skechers-Women-On-The-GO-GOwalk-Arch-Fit-Spirited-Walking-Sandals-140266-BKGY-Lightweight-Dual-Density-i.84710867.23740618421?sp_atk=d439a2a8-1de8-467a-93d2-17d3f508f225&xptdk=d439a2a8-1de8-467a-93d2-17d3f508f225,"Skechers Women On-The-GO GOwalk Arch Fit Spirited Walking Sandals - 140266-BKGY Lightweight, Dual-Density",1,04-08-2023
https://shopee.sg/Melissa-Possession-Ladie's-Sandals-i.127473736.23411680345?sp_atk=23eb82a4-0365-4381-b61d-f8778dfcd73b&xptdk=23eb82a4-0365-4381-b61d-f8778dfcd73b,Melissa Possession Ladie's Sandals,1,04-08-2023
https://shopee.sg/Melissa-Sun-Laguna-Ladies-Sandals-i.127473736.22719159755?sp_atk=1f5cc280-b4b8-4dc2-a69e-41b1e59b6ce8&xptdk=1f5cc280-b4b8-4dc2-a69e-41b1e59b6ce8,Melissa Sun Laguna Ladies Sandals,1,04-08-2023
https://shopee.sg/BATA-Women-Sandals-561X611-i.324728427.15383103115?sp_atk=4f3fb191-5a80-48c2-92c7-8b0ee5e74f7f&xptdk=4f3fb191-5a80-48c2-92c7-8b0ee5e74f7f,BATA Women Sandals 561X611,1,04-08-2023
https://shopee.sg/Teva-Women's-Original-Universal-Metallic-Sandal-Metallic-Clay-Multi-(1135370-MCML)-i.911403529.23009019596?sp_atk=414b0ea7-102d-4fe1-9b3c-bb3b930c4fbd&xptdk=414b0ea7-102d-4fe1-9b3c-bb3b930c4fbd,Teva Women's Original Universal Metallic Sandal - Metallic Clay Multi (1135370-MCML),1,04-08-2023
https://shopee.sg/BATA-Women-Sandals-571X803-i.324728427.21835192110?sp_atk=d4e6fb17-9fd2-44d4-a824-47e4595a6ac2&xptdk=d4e6fb17-9fd2-44d4-a824-47e4595a6ac2,BATA Women Sandals 571X803,1,04-08-2023
https://shopee.sg/BATA-Women-Heeled-Sandals-661X163-i.324728427.19456548859?sp_atk=a37268a1-5e9b-4287-847a-6c037b6aa05d&xptdk=a37268a1-5e9b-4287-847a-6c037b6aa05d,BATA Women Heeled Sandals 661X163,1,04-08-2023
https://shopee.sg/PUMA-Unisex-Leadcat-2.0-Sports-Sandals-i.341363989.20900062071?sp_atk=bf5330d3-5463-46b7-bc07-2155d8471338&xptdk=bf5330d3-5463-46b7-bc07-2155d8471338,PUMA Unisex Leadcat 2.0 Sports Sandals,1,04-08-2023
https://shopee.sg/BATA-Women-Lycra-Sandals-661X286-i.324728427.21835666233?sp_atk=e0b0febd-f7b1-42be-bb46-ae3878f7d5c1&xptdk=e0b0febd-f7b1-42be-bb46-ae3878f7d5c1,BATA Women Lycra Sandals 661X286,1,04-08-2023
https://shopee.sg/ZANETTA-Ibiza-Women-Rubber-Sandals-i.87193491.7836397240?sp_atk=be95089a-e904-48ce-a44e-001a1f3f315c&xptdk=be95089a-e904-48ce-a44e-001a1f3f315c,ZANETTA Ibiza Women Rubber Sandals,1,04-08-2023
https://shopee.sg/BATA-Women-Comfit-Open-Toe-Sandals-761X922-i.324728427.16965852459?sp_atk=f621daa9-f40f-4866-85fa-7923ee98c6bc&xptdk=f621daa9-f40f-4866-85fa-7923ee98c6bc,BATA Women Comfit Open Toe Sandals 761X922,1,04-08-2023
https://shopee.sg/PUMA-Popcat-Swan-Women's-Sports-Sandals-i.341363989.13479006595?sp_atk=e3f3b13d-88e0-489b-80d7-e3bb26221127&xptdk=e3f3b13d-88e0-489b-80d7-e3bb26221127,PUMA Popcat Swan Women's Sports Sandals,1,04-08-2023
https://shopee.sg/BATA-Women-Gladiator-Sandals-561X689-i.324728427.21035280497?sp_atk=3b68eba0-3a9b-4408-9961-142283cc5277&xptdk=3b68eba0-3a9b-4408-9961-142283cc5277,BATA Women Gladiator Sandals 561X689,1,04-08-2023
https://shopee.sg/Skechers-Women-On-The-GO-GOwalk-Arch-Fit-Spirited-Walking-Sandals-140266-GMLT-Lightweight-Dual-Density-i.84710867.23240619211?sp_atk=4051ef57-c079-4607-ace8-407635ab4230&xptdk=4051ef57-c079-4607-ace8-407635ab4230,"Skechers Women On-The-GO GOwalk Arch Fit Spirited Walking Sandals - 140266-GMLT Lightweight, Dual-Density",2,04-08-2023
https://shopee.sg/-BY-FLIPS-Ultra-Lightweight-EVA-Sandals-in-Charcoal-Black-T-Strap-i.112777554.1942671675?sp_atk=bd05462f-0f7e-45a2-aeea-9840658e23d2&xptdk=bd05462f-0f7e-45a2-aeea-9840658e23d2,[BY FLIPS] Ultra Lightweight EVA Sandals in Charcoal Black T-Strap,2,04-08-2023
https://shopee.sg/PUMA-Unisex-Leadcat-2.0-Sports-Sandals-i.341363989.20900062071?sp_atk=3db9d71b-5178-4fa0-b1f2-5b232eb548e4&xptdk=3db9d71b-5178-4fa0-b1f2-5b232eb548e4,PUMA Unisex Leadcat 2.0 Sports Sandals,2,04-08-2023
https://shopee.sg/Skechers-Online-Exclusive-Women-Foamies-Darvon-Hartleb-Walking-Sandals-8730071-CRL-i.84710867.20037579791?sp_atk=56d22742-4a39-4da3-90ae-f0c141d5e736&xptdk=56d22742-4a39-4da3-90ae-f0c141d5e736,Skechers Online Exclusive Women Foamies Darvon Hartleb Walking Sandals - 8730071-CRL,2,04-08-2023
https://shopee.sg/Zaxy-Combina-Sand-Minibag-Sandals-i.748390511.13491144058?sp_atk=69f976bd-ae5c-4a6b-853a-798e76f6aca3&xptdk=69f976bd-ae5c-4a6b-853a-798e76f6aca3,Zaxy Combina Sand Minibag Sandals,2,04-08-2023
https://shopee.sg/Skechers-Men-On-The-GO-GOwalk-Arch-Fit-Walking-Sandals-229020-NVBL-i.84710867.19280046152?sp_atk=75b4099f-8035-4a15-bb7f-d0d69e4c3e52&xptdk=75b4099f-8035-4a15-bb7f-d0d69e4c3e52,Skechers Men On-The-GO GOwalk Arch Fit Walking Sandals - 229020-NVBL,2,04-08-2023
https://shopee.sg/Skechers-Women-On-The-GO-GOwalk-Arch-Fit-Spirited-Walking-Sandals-140266-BKGY-Lightweight-Dual-Density-i.84710867.23740618421?sp_atk=ae1757d9-a890-4453-8583-1f3dc66c1b86&xptdk=ae1757d9-a890-4453-8583-1f3dc66c1b86,"Skechers Women On-The-GO GOwalk Arch Fit Spirited Walking Sandals - 140266-BKGY Lightweight, Dual-Density",2,04-08-2023
https://shopee.sg/Melissa-Possession-Ladie's-Sandals-i.127473736.23411680345?sp_atk=b275453e-7651-4a26-b8a7-64a82e518969&xptdk=b275453e-7651-4a26-b8a7-64a82e518969,Melissa Possession Ladie's Sandals,2,04-08-2023
https://shopee.sg/Teva-Men's-Original-Universal-Sandal-Urban-Black-(1004010-BLK)-i.911403529.16390897147?sp_atk=100b7822-be5d-49ee-aaf9-1abca74b8931&xptdk=100b7822-be5d-49ee-aaf9-1abca74b8931,Teva Men's Original Universal Sandal - Urban - Black (1004010-BLK),2,04-08-2023
https://shopee.sg/-BY-FLIPS-Ultra-Lightweight-EVA-Sandals-in-Forest-T-Strap-i.112777554.1943709646?sp_atk=053388a0-e838-4231-9669-0f93478425ef&xptdk=053388a0-e838-4231-9669-0f93478425ef,[BY FLIPS] Ultra Lightweight EVA Sandals in Forest T-Strap,2,04-08-2023
https://shopee.sg/-BY-FLIPS-Ultra-Lightweight-T-Strap-EVA-Sandals-in-5-Classic-Colors-i.112777554.11295290399?sp_atk=7fbe3d26-bc38-4066-90ab-5d8995e71266&xptdk=7fbe3d26-bc38-4066-90ab-5d8995e71266,[BY FLIPS] Ultra Lightweight T-Strap EVA Sandals in 5 Classic Colors,2,04-08-2023
https://shopee.sg/Melissa-Sun-Laguna-Ladies-Sandals-i.127473736.22719159755?sp_atk=677c46d5-dfbc-4b53-b3fa-79cf0ac3a92d&xptdk=677c46d5-dfbc-4b53-b3fa-79cf0ac3a92d,Melissa Sun Laguna Ladies Sandals,2,04-08-2023
https://shopee.sg/BATA-Women-Sandals-561X611-i.324728427.15383103115?sp_atk=864202a6-855d-4ad5-9c87-3ec0929ecbcb&xptdk=864202a6-855d-4ad5-9c87-3ec0929ecbcb,BATA Women Sandals 561X611,2,04-08-2023
https://shopee.sg/Teva-Women's-Original-Universal-Metallic-Sandal-Metallic-Clay-Multi-(1135370-MCML)-i.911403529.23009019596?sp_atk=401ec251-58cc-47db-8322-a72c4d7866a2&xptdk=401ec251-58cc-47db-8322-a72c4d7866a2,Teva Women's Original Universal Metallic Sandal - Metallic Clay Multi (1135370-MCML),2,04-08-2023
https://shopee.sg/BATA-Women-Sandals-571X803-i.324728427.21835192110?sp_atk=26459f58-1346-4d92-8402-6db57d8375b2&xptdk=26459f58-1346-4d92-8402-6db57d8375b2,BATA Women Sandals 571X803,2,04-08-2023
https://shopee.sg/Everlast-Unisex-EZZY-Slide-Sandals-Monochrome-Black-(EL19-M633)-Casual-Basic-Footwear-i.75762037.18248793729?sp_atk=823a69de-1b29-4ec2-a5bb-87d82a44ee9c&xptdk=823a69de-1b29-4ec2-a5bb-87d82a44ee9c,Everlast Unisex EZZY Slide Sandals - Monochrome Black (EL19-M633) Casual | Basic Footwear,2,04-08-2023
https://shopee.sg/Teva-Women's-Hurricane-Drift-Sandal-Birch-(1124070-BIR)-i.911403529.23109019141?sp_atk=ef041f01-8560-4ae4-bafe-36593db357b1&xptdk=ef041f01-8560-4ae4-bafe-36593db357b1,Teva Women's Hurricane Drift Sandal - Birch (1124070-BIR),2,04-08-2023
https://shopee.sg/Timberland-Men's-Lincoln-Peak-Strap-Sandal-i.179804792.18380190905?sp_atk=5c357d17-85ad-457e-a9ff-e556f756beda&xptdk=5c357d17-85ad-457e-a9ff-e556f756beda,Timberland Men's Lincoln Peak Strap Sandal,2,04-08-2023
https://shopee.sg/BATA-Women-Lycra-Sandals-661X286-i.324728427.21835666233?sp_atk=b5342607-a1ed-46e2-bebd-6c57c88a77ec&xptdk=b5342607-a1ed-46e2-bebd-6c57c88a77ec,BATA Women Lycra Sandals 661X286,2,04-08-2023
https://shopee.sg/ZANETTA-Ibiza-Women-Rubber-Sandals-i.87193491.7836397240?sp_atk=4ae4abac-8b05-436a-bd8c-5cbf80cdff8a&xptdk=4ae4abac-8b05-436a-bd8c-5cbf80cdff8a,ZANETTA Ibiza Women Rubber Sandals,2,04-08-2023
https://shopee.sg/ZANETTA-Ibiza-Men-Rubber-Sandals-i.87193491.6813590524?sp_atk=9f518b78-c6c4-4c39-a0e2-03c21167adbd&xptdk=9f518b78-c6c4-4c39-a0e2-03c21167adbd,ZANETTA Ibiza Men Rubber Sandals,2,04-08-2023
https://shopee.sg/Skechers-Women-On-The-GO-600-Fluorish-Sandals-140703-TEAL-Contoured-Goga-Mat-Footbed-i.84710867.23736742831?sp_atk=3616cb1a-f5fb-4fed-9715-2467e3513ab1&xptdk=3616cb1a-f5fb-4fed-9715-2467e3513ab1,Skechers Women On-The-GO 600 Fluorish Sandals - 140703-TEAL Contoured Goga Mat Footbed,2,04-08-2023
https://shopee.sg/BATA-Women-Comfit-Open-Toe-Sandals-761X922-i.324728427.16965852459?sp_atk=c722aa58-6187-4a73-a984-e549e32eb5f3&xptdk=c722aa58-6187-4a73-a984-e549e32eb5f3,BATA Women Comfit Open Toe Sandals 761X922,2,04-08-2023
https://shopee.sg/Skechers-Online-Exclusive-Men-Foamies-Darvon-Walking-Sandals-8790145-BKGY-i.84710867.10697650833?sp_atk=d5b4636a-b303-4e30-88ea-fdfbf1fb2d77&xptdk=d5b4636a-b303-4e30-88ea-fdfbf1fb2d77,Skechers Online Exclusive Men Foamies Darvon Walking Sandals - 8790145-BKGY,2,04-08-2023
https://shopee.sg/BATA-Men-Weinbrenner-Fisherman-Sandals-861X322-i.324728427.20631423560?sp_atk=9d4c81cb-336a-4517-8045-c45d9996b1fb&xptdk=9d4c81cb-336a-4517-8045-c45d9996b1fb,BATA Men Weinbrenner Fisherman Sandals 861X322,2,04-08-2023
https://shopee.sg/PUMA-Popcat-Swan-Women's-Sports-Sandals-i.341363989.13479006595?sp_atk=8ae4eeca-773f-419d-b417-ef8a514090ba&xptdk=8ae4eeca-773f-419d-b417-ef8a514090ba,PUMA Popcat Swan Women's Sports Sandals,2,04-08-2023
https://shopee.sg/BATA-Women-Gladiator-Sandals-561X689-i.324728427.21035280497?sp_atk=f7bc9d50-8f7f-4bd6-82ad-77dafbe18bc3&xptdk=f7bc9d50-8f7f-4bd6-82ad-77dafbe18bc3,BATA Women Gladiator Sandals 561X689,2,04-08-2023
https://shopee.sg/BATA-Women-Back-Strap-Sandals-661X288-i.324728427.17865834090?sp_atk=e46d9685-5cdd-4156-b45a-fab29bf11cf5&xptdk=e46d9685-5cdd-4156-b45a-fab29bf11cf5,BATA Women Back Strap Sandals 661X288,2,04-08-2023
https://shopee.sg/-BY-FLIPS-Ultra-Lightweight-EVA-Sandals-in-White-T-Strap-i.112777554.1942611694?sp_atk=2ddc5e83-7e71-4c95-8cbe-1e44143fd910&xptdk=2ddc5e83-7e71-4c95-8cbe-1e44143fd910,[BY FLIPS] Ultra Lightweight EVA Sandals in White T-Strap,2,04-08-2023
https://shopee.sg/Skechers-Men-Demon-Slayer-Gambix-2.0-Walking-Sandals-802007-WHT-i.84710867.17392194219?sp_atk=3091d071-dec1-479d-ac4f-6b1049485638&xptdk=3091d071-dec1-479d-ac4f-6b1049485638,Skechers Men Demon Slayer Gambix 2.0 Walking Sandals - 802007-WHT,2,04-08-2023
https://shopee.sg/Skechers-Online-Exclusive-Men-On-The-GO-GOwalk-Arch-Fit-Ultra-Span-Walking-Sandals-229023-NVY-Arch-Fit-Ultra-Go-i.84710867.23433316313?sp_atk=85606ddc-8ebf-47ea-b7ef-a34680ea2f78&xptdk=85606ddc-8ebf-47ea-b7ef-a34680ea2f78,"Skechers Online Exclusive Men On-The-GO GOwalk Arch Fit Ultra Span Walking Sandals - 229023-NVY Arch Fit, Ultra Go",2,04-08-2023
https://shopee.sg/BATA-Women-Back-Strap-Sandals-661X288-i.324728427.11295321808?sp_atk=fe02b65c-1941-4456-a751-d3cbd330398a&xptdk=fe02b65c-1941-4456-a751-d3cbd330398a,BATA Women Back Strap Sandals 661X288,2,04-08-2023
https://shopee.sg/Skechers-Online-Exclusive-Men-Sport-D'Lux-Walker-Cambria-Sandals-237375-BBK-Memory-Foam-i.84710867.20065928639?sp_atk=9a3b4f70-9f93-4663-bf8b-c1e08ab02503&xptdk=9a3b4f70-9f93-4663-bf8b-c1e08ab02503,Skechers Online Exclusive Men Sport D'Lux Walker Cambria Sandals - 237375-BBK Memory Foam,2,04-08-2023
https://shopee.sg/IPANEMA-Women-Class-Easy-Sandals-i.748390511.16262384188?sp_atk=c5f5e94f-fdf5-4ffc-904d-cc1fb081a5a9&xptdk=c5f5e94f-fdf5-4ffc-904d-cc1fb081a5a9,IPANEMA Women Class Easy Sandals,2,04-08-2023
https://shopee.sg/-BY-FLIPS-Ultra-Lightweight-T-Strap-EVA-Sandals-in-4-Colors-i.112777554.14383132926?sp_atk=e3f01d68-af7a-4fc1-ad6a-1e7f2a3d8a74&xptdk=e3f01d68-af7a-4fc1-ad6a-1e7f2a3d8a74,[BY FLIPS] Ultra Lightweight T-Strap EVA Sandals in 4 Colors,2,04-08-2023
https://shopee.sg/PUMA-Unisex-Popcat-Chrome-Sports-Sandals-i.341363989.7266150519?sp_atk=0b8c61a6-a048-48ce-88d7-bbac813a58eb&xptdk=0b8c61a6-a048-48ce-88d7-bbac813a58eb,PUMA Unisex Popcat Chrome Sports Sandals,2,04-08-2023
https://shopee.sg/BATA-Men-Weinbrenner-Fisherman-Sandals-861X322-i.324728427.19731410423?sp_atk=7fd55a0d-f0d7-42a8-b401-0e6d1ce67fb8&xptdk=7fd55a0d-f0d7-42a8-b401-0e6d1ce67fb8,BATA Men Weinbrenner Fisherman Sandals 861X322,2,04-08-2023
https://shopee.sg/Moda-Paolo-Unisex-Rubber-Slippers-in-3-Colours-(2565)-i.82022023.1376008444?sp_atk=65d3cb67-671d-436e-b36b-81a237f0a1c3&xptdk=65d3cb67-671d-436e-b36b-81a237f0a1c3,Moda Paolo Unisex Rubber Slippers in 3 Colours (2565),2,04-08-2023
https://shopee.sg/-BY-FLIPS-Waterproof-Slide-Sandals-in-5-Classic-Colors-i.112777554.1944228714?sp_atk=65e6ea3a-6627-455f-8ff6-e437d7633618&xptdk=65e6ea3a-6627-455f-8ff6-e437d7633618,[BY FLIPS] Waterproof Slide Sandals in 5 Classic Colors,2,04-08-2023
https://shopee.sg/Moda-Paolo-Women-Slippers-in-2-Colours-(663)-i.82022023.2336768366?sp_atk=b2adc254-eba5-41d6-b05c-38575d61a178&xptdk=b2adc254-eba5-41d6-b05c-38575d61a178,Moda Paolo Women Slippers in 2 Colours (663),2,04-08-2023
https://shopee.sg/Birkenstock-Tatacoa-Birko-Flor-Men's-Regular-Width-Sandals-in-Futura-Khaki-i.46900382.18940439814?sp_atk=f7c177a1-c2cf-475c-9876-ec0ef9fe5e00&xptdk=f7c177a1-c2cf-475c-9876-ec0ef9fe5e00,Birkenstock Tatacoa Birko-Flor Men's Regular Width Sandals in Futura Khaki,2,04-08-2023
https://shopee.sg/Kiki-Lina-Women-Crystals-Toe-Post-Sandals-In-Khaki-R2183-4-i.77422583.3990108825?sp_atk=a6a102ad-a52c-4e5f-b188-4a05eae7e851&xptdk=a6a102ad-a52c-4e5f-b188-4a05eae7e851,"Kiki Lina Women Crystals Toe Post Sandals In Khaki, R2183-4",2,04-08-2023
https://shopee.sg/Clarks-Sheer35-Mule-Copper-Womens-Dress-Sandals-i.119320434.4988027976?sp_atk=fbcc20fb-5698-4475-aa5b-d0a59d4b3d51&xptdk=fbcc20fb-5698-4475-aa5b-d0a59d4b3d51,Clarks Sheer35 Mule Copper Womens Dress Sandals,2,04-08-2023
https://shopee.sg/BATA-Women-Heeled-Sandals-661X163-i.324728427.19456548859?sp_atk=4f0120ef-48ad-44dd-8ba8-11ec17a17218&xptdk=4f0120ef-48ad-44dd-8ba8-11ec17a17218,BATA Women Heeled Sandals 661X163,2,04-08-2023
https://shopee.sg/BATA-Men-Weinbrenner-Sandals-861X029-i.324728427.18202042272?sp_atk=c4e3d342-183e-4ce4-9576-b628e64d2496&xptdk=c4e3d342-183e-4ce4-9576-b628e64d2496,BATA Men Weinbrenner Sandals 861X029,2,04-08-2023
https://shopee.sg/ECCO-FINOLA-POC-WOMEN'S-SANDALS-i.456133957.23230392534?sp_atk=77496fa1-5c1c-487a-b8bd-38587377cfa4&xptdk=77496fa1-5c1c-487a-b8bd-38587377cfa4,ECCO FINOLA POC WOMEN'S SANDALS,2,04-08-2023
https://shopee.sg/Teva-Men's-Original-Universal-Sandal-Dark-Olive-(1004006-DOL)-i.911403529.23138162082?sp_atk=2c6fb43d-3e1b-455a-9486-920cfd699828&xptdk=2c6fb43d-3e1b-455a-9486-920cfd699828,Teva Men's Original Universal Sandal -  Dark Olive (1004006-DOL),2,04-08-2023
https://shopee.sg/Melissa-Sun-Downtown-Metallic-Ladies-Sandals-i.127473736.17642389554?sp_atk=68dfe130-9f67-45ea-82aa-ea41a544a7d7&xptdk=68dfe130-9f67-45ea-82aa-ea41a544a7d7,Melissa Sun Downtown Metallic Ladies Sandals,2,04-08-2023
https://shopee.sg/Teva-Women's-Original-Universal-Sandal-90S-Multi-(1003987-SMU)-i.911403529.23109019232?sp_atk=39b3f344-0779-4c26-8816-7135be1daed0&xptdk=39b3f344-0779-4c26-8816-7135be1daed0,Teva Women's Original Universal Sandal - 90S Multi (1003987-SMU),2,04-08-2023
https://shopee.sg/Emelyn-Florence-(4colours)-Prime-Italian-Real-Leather-Flat-Sandals-i.86800001.21125245040?sp_atk=39660001-b53d-4b9e-9ae5-84e630901725&xptdk=39660001-b53d-4b9e-9ae5-84e630901725,Emelyn Florence (4colours) Prime Italian Real Leather Flat Sandals,2,04-08-2023
https://shopee.sg/Skechers-Women-On-The-GO-600-Fluorish-Sandals-140703-CRL-Contoured-Goga-Mat-Footbed-Hanger-Optional-Machine-Washable-i.84710867.20577731778?sp_atk=1ec7bc6e-0981-460f-a426-e0ba7e3b6eff&xptdk=1ec7bc6e-0981-460f-a426-e0ba7e3b6eff,"Skechers Women On-The-GO 600 Fluorish Sandals - 140703-CRL Contoured Goga Mat Footbed, Hanger Optional, Machine Washable",2,04-08-2023
https://shopee.sg/BATA-Comfit-Women-Sandals-Jenna-661X986-i.324728427.13398519068?sp_atk=24dd13a9-0bb3-4874-ac68-65b882de6c3a&xptdk=24dd13a9-0bb3-4874-ac68-65b882de6c3a,BATA Comfit Women Sandals Jenna 661X986,2,04-08-2023
https://shopee.sg/-BY-FLIPS-Double-Strap-Men's-Slide-Slip-On-Sandals-i.112777554.17565606454?sp_atk=1a31271b-bfa6-4805-b0d0-7825de3b9d4a&xptdk=1a31271b-bfa6-4805-b0d0-7825de3b9d4a,[BY FLIPS] Double Strap Men's Slide Slip-On Sandals,2,04-08-2023
https://shopee.sg/BATA-Women-Flat-Sandals-661X997-i.324728427.20001922138?sp_atk=368e6e8e-1953-4df6-98a3-231980e44ac6&xptdk=368e6e8e-1953-4df6-98a3-231980e44ac6,BATA Women Flat Sandals 661X997,2,04-08-2023
https://shopee.sg/Zaxy-Conectada-Sandal-Fem-Sandals-i.748390511.17662810008?sp_atk=428b4fd8-ee18-4b97-a5c0-ae24846adf9b&xptdk=428b4fd8-ee18-4b97-a5c0-ae24846adf9b,Zaxy Conectada Sandal Fem Sandals,2,04-08-2023
https://shopee.sg/-BY-FLIPS-Ultra-Cushioning-EVA-Sandals-in-Double-Strap-Design-i.112777554.22644668765?sp_atk=88a74925-93f0-4c52-890c-f9e2696de4be&xptdk=88a74925-93f0-4c52-890c-f9e2696de4be,[BY FLIPS] Ultra Cushioning EVA Sandals in Double Strap Design,2,04-08-2023
https://shopee.sg/ZANETTA-Pamplona-Women-Sandals-i.87193491.7336399668?sp_atk=43682d53-50ce-41fd-a98d-925aeb4051a4&xptdk=43682d53-50ce-41fd-a98d-925aeb4051a4,ZANETTA Pamplona Women Sandals,2,04-08-2023
https://shopee.sg/BATA-Women-Sandals-561X323-i.324728427.20602049915?sp_atk=126ca600-53ac-47a6-8824-66c810e7b35e&xptdk=126ca600-53ac-47a6-8824-66c810e7b35e,BATA Women Sandals 561X323,2,04-08-2023
https://shopee.sg/Skechers-Women-On-The-GO-GOwalk-Arch-Fit-Spirited-Walking-Sandals-140266-NVMT-Lightweight-Dual-Density-i.84710867.23340618410?sp_atk=268d0c5a-d0dc-46ee-b135-52535866440e&xptdk=268d0c5a-d0dc-46ee-b135-52535866440e,"Skechers Women On-The-GO GOwalk Arch Fit Spirited Walking Sandals - 140266-NVMT Lightweight, Dual-Density",2,04-08-2023
https://shopee.sg/ZANETTA-Malaga-Men-Rubber-Sandals-i.87193491.1511899297?sp_atk=7cd69a30-164f-4c90-808d-6af11ee7a7d1&xptdk=7cd69a30-164f-4c90-808d-6af11ee7a7d1,ZANETTA Malaga Men Rubber Sandals,2,04-08-2023
https://shopee.sg/Melissa-Papete-Fluffy-Rider-Ladies-Sandals-i.127473736.11927434505?sp_atk=5d997ddf-071a-41a5-a41a-de8503afbb0b&xptdk=5d997ddf-071a-41a5-a41a-de8503afbb0b,Melissa Papete Fluffy + Rider Ladies Sandals,3,04-08-2023
https://shopee.sg/Skechers-Online-Exclusive-Men-On-The-GO-GOwalk-Arch-Fit-Ultra-Span-Walking-Sandals-229023-NVY-Arch-Fit-Ultra-Go-i.84710867.23433316313?sp_atk=9e61dd18-12c0-4874-83aa-5c20705af9cb&xptdk=9e61dd18-12c0-4874-83aa-5c20705af9cb,"Skechers Online Exclusive Men On-The-GO GOwalk Arch Fit Ultra Span Walking Sandals - 229023-NVY Arch Fit, Ultra Go",3,04-08-2023
https://shopee.sg/Mini-Melissa-Wide-Sandal-Toddlers-Sandals-i.127473736.9476124300?sp_atk=1cc32eed-3e75-425c-b6e5-98260c275da8&xptdk=1cc32eed-3e75-425c-b6e5-98260c275da8,Mini Melissa Wide Sandal Toddlers Sandals,3,04-08-2023
https://shopee.sg/adidas-Lifestyle-Adilette-Adventure-Sandals-Women-Brown-HP6375-i.265436651.12999439841?sp_atk=a9a24921-b4a2-482e-8d94-dc14c005a1b5&xptdk=a9a24921-b4a2-482e-8d94-dc14c005a1b5,adidas Lifestyle Adilette Adventure Sandals Women Brown HP6375,3,04-08-2023
https://shopee.sg/Moda-Paolo-Women-Sandals-in-2-Colours-(34450T)-i.82022023.18902024191?sp_atk=bc147faa-10fc-4c54-afc7-56af656a2327&xptdk=bc147faa-10fc-4c54-afc7-56af656a2327,Moda Paolo Women Sandals in 2 Colours (34450T),3,04-08-2023
https://shopee.sg/Skechers-Women-On-The-GO-GOwalk-Arch-Fit-Joyful-Walking-Sandals-140274-GRY-Arch-Fit-i.84710867.22066886787?sp_atk=6b281e3a-f8a2-4849-bfe6-9b0df777685c&xptdk=6b281e3a-f8a2-4849-bfe6-9b0df777685c,Skechers Women On-The-GO GOwalk Arch Fit Joyful Walking Sandals - 140274-GRY Arch Fit,3,04-08-2023
https://shopee.sg/Moda-Paolo-Women-Flats-shoes-in-4-Colours-(34176T)-i.82022023.2431482021?sp_atk=72138d47-b2b8-451c-a43c-9fc865d02a03&xptdk=72138d47-b2b8-451c-a43c-9fc865d02a03,Moda Paolo Women Flats shoes in 4 Colours (34176T),3,04-08-2023
https://shopee.sg/Everbest-Women-Shoes-LCS8001-Thong-Slide-Braided-Strap-Sandals-i.273529824.13310713850?sp_atk=414308be-0d7b-4972-87c5-7c627bac231d&xptdk=414308be-0d7b-4972-87c5-7c627bac231d,Everbest Women Shoes - LCS8001 Thong Slide Braided Strap Sandals,3,04-08-2023
https://shopee.sg/Skechers-Women-Cali-Arch-Fit-Fresh-Bloom-Sandals-119305-CCLV-Arch-Fit-Machine-Washable-Vegan-i.84710867.23772714588?sp_atk=04f2363c-25e7-47b7-9e32-2fc36eefa407&xptdk=04f2363c-25e7-47b7-9e32-2fc36eefa407,"Skechers Women Cali Arch Fit Fresh Bloom Sandals - 119305-CCLV Arch Fit, Machine Washable, Vegan",3,04-08-2023
https://shopee.sg/Tip-Toey-Joey-Basics-Kids-Sandals-Rover-Tapioca-(Size-EUR-26-30)-i.64363516.16394964122?sp_atk=c2f3c545-30d7-494d-b714-e10c1ade1355&xptdk=c2f3c545-30d7-494d-b714-e10c1ade1355,Tip Toey Joey Basics Kids Sandals Rover-Tapioca (Size EUR 26-30),3,04-08-2023
https://shopee.sg/BATA-Women-Comfit-Sandals-661X893-i.324728427.16465831366?sp_atk=13c07211-df12-4a8c-a0a8-b937145d697f&xptdk=13c07211-df12-4a8c-a0a8-b937145d697f,BATA Women Comfit Sandals 661X893,3,04-08-2023
https://shopee.sg/BATA-Women-Comfit-Sandals-561X639-i.324728427.10297556958?sp_atk=d81ae41a-25e4-422c-a4c4-06cb3efe9ab5&xptdk=d81ae41a-25e4-422c-a4c4-06cb3efe9ab5,BATA Women Comfit Sandals 561X639,3,04-08-2023
https://shopee.sg/Moda-Paolo-Women-Slippers-in-Black-(309)-i.82022023.10979908050?sp_atk=ce4878f7-77ab-4a47-a402-b815c4e92ce6&xptdk=ce4878f7-77ab-4a47-a402-b815c4e92ce6,Moda Paolo Women Slippers in Black (309),3,04-08-2023
https://shopee.sg/Skechers-Men-On-The-GO-GOwalk-6-Walking-Sandals-894211-BRN-i.84710867.23441404495?sp_atk=031c9211-227a-46c3-855d-ba4c69ddf7c2&xptdk=031c9211-227a-46c3-855d-ba4c69ddf7c2,Skechers Men On-The-GO GOwalk 6 Walking Sandals - 894211-BRN,3,04-08-2023
https://shopee.sg/Skechers-Women-On-The-GO-600-Sunny-Walking-Sandals-140037-RUST-Lightweight-Hanger-Optional-Machine-Washable-i.84710867.22931811889?sp_atk=3fae729e-f3bb-48e1-a0ff-779479e8757d&xptdk=3fae729e-f3bb-48e1-a0ff-779479e8757d,"Skechers Women On-The-GO 600 Sunny Walking Sandals - 140037-RUST Lightweight,Hanger Optional, Machine Washable",3,04-08-2023
https://shopee.sg/ECCO-ONROADS-POC-WOMEN'S-FLAT-SANDALS-i.456133957.19330375647?sp_atk=56db5662-5890-488d-867d-3474c4fa3a2f&xptdk=56db5662-5890-488d-867d-3474c4fa3a2f,ECCO ONROADS POC WOMEN'S FLAT SANDALS,3,04-08-2023
https://shopee.sg/Geox-Women-Shoes-Sandal-D-Spherica-Ec5W-Fuchsia-Orange-i.267920682.19827137016?sp_atk=498fe333-5c91-43af-bbfe-bb67fa737ba3&xptdk=498fe333-5c91-43af-bbfe-bb67fa737ba3,Geox Women Shoes Sandal D Spherica Ec5W Fuchsia/Orange,3,04-08-2023
https://shopee.sg/MEN'S-TOTAL-CONTACT-SANDALS-DK-S9000165-BLK-i.276299695.3339936361?sp_atk=c5eef8aa-5364-4bbf-8f50-320c6b5191a6&xptdk=c5eef8aa-5364-4bbf-8f50-320c6b5191a6,MEN'S TOTAL CONTACT SANDALS DK-S9000165-BLK,3,04-08-2023
https://shopee.sg/FitFlop-LULU-Women's-Water-Resistant-Sandals-Pale-Blue-Beige-(EE2-896)-i.524040819.11544467926?sp_atk=0f17efbb-0546-4ef7-81a3-13f4e0d19c7b&xptdk=0f17efbb-0546-4ef7-81a3-13f4e0d19c7b,FitFlop LULU Women's Water-Resistant Sandals - Pale Blue/Beige (EE2-896),3,04-08-2023
https://shopee.sg/Zaxy-Conectada-Sandal-Fem-Sandals-i.748390511.17662810008?sp_atk=4284a80e-5bd6-41de-8b63-94dfa2ca07a9&xptdk=4284a80e-5bd6-41de-8b63-94dfa2ca07a9,Zaxy Conectada Sandal Fem Sandals,3,04-08-2023
https://shopee.sg/Skechers-Men-On-The-GO-GOwalk-6-Walking-Sandals-894212-NVRD-i.84710867.18188385498?sp_atk=6ca3e174-3141-47e9-ad88-d679cfd08ab0&xptdk=6ca3e174-3141-47e9-ad88-d679cfd08ab0,Skechers Men On-The-GO GOwalk 6 Walking Sandals - 894212-NVRD,3,04-08-2023
https://shopee.sg/Moda-Paolo-Women-Rubber-Slippers-in-4-Colours-(3101)-i.82022023.13353743036?sp_atk=7795e9cc-45cc-4468-9024-4debfc6a87fa&xptdk=7795e9cc-45cc-4468-9024-4debfc6a87fa,Moda Paolo Women Rubber Slippers in 4 Colours (3101),3,04-08-2023
https://shopee.sg/Geox-Women-Shoes-Sandal-D-Sandal-Hiver-A-Lead-Black-i.267920682.3680239242?sp_atk=484078b9-da80-456e-9d2a-d0fad22f002f&xptdk=484078b9-da80-456e-9d2a-d0fad22f002f,Geox Women Shoes Sandal D Sandal Hiver A Lead/Black,3,04-08-2023
https://shopee.sg/Skechers-Men-Demon-Slayer-Gambix-2.0-Walking-Sandals-802007-WHT-i.84710867.17392194219?sp_atk=9ed8fd83-662b-42fd-b5c2-13ab38ccb84f&xptdk=9ed8fd83-662b-42fd-b5c2-13ab38ccb84f,Skechers Men Demon Slayer Gambix 2.0 Walking Sandals - 802007-WHT,3,04-08-2023
https://shopee.sg/BATA-Women-Back-Strap-Sandals-561X289-i.324728427.18702042096?sp_atk=9754744c-7701-4521-8941-0fe54c0f2afe&xptdk=9754744c-7701-4521-8941-0fe54c0f2afe,BATA Women Back Strap Sandals 561X289,3,04-08-2023
https://shopee.sg/Geox-Women-Shoes-Dress-Sandal-D-Genziana-Black-i.267920682.12190811350?sp_atk=c7be5e09-e96f-4383-9b35-154587c29c39&xptdk=c7be5e09-e96f-4383-9b35-154587c29c39,Geox Women Shoes Dress Sandal D Genziana Black,3,04-08-2023
https://shopee.sg/Montbell-Lock-On-Sandals-Unisex-White-Light-Silver-i.94279148.20340501436?sp_atk=21883cfb-c3cc-4e00-ba78-8e62b06c5272&xptdk=21883cfb-c3cc-4e00-ba78-8e62b06c5272,Montbell Lock-On Sandals Unisex White Light Silver,3,04-08-2023
https://shopee.sg/Skechers-Women-Cali-Side-Lines-2-Play-Easy-Walking-Sandals-8730077-PERI-i.84710867.16591301758?sp_atk=546486f9-e9bc-4f63-ae64-e5e327900b89&xptdk=546486f9-e9bc-4f63-ae64-e5e327900b89,Skechers Women Cali Side Lines 2 Play Easy Walking Sandals - 8730077-PERI,3,04-08-2023
https://shopee.sg/BATA-Red-Label-Women-Sandal-560X324-i.324728427.23329482770?sp_atk=8c19899e-147e-47b2-bf3d-51c7aef24168&xptdk=8c19899e-147e-47b2-bf3d-51c7aef24168,BATA Red Label Women Sandal 560X324,3,04-08-2023
https://shopee.sg/Teva-Men's-Original-Universal-Sandal-Dark-Olive-(1004006-DOL)-i.911403529.23138162082?sp_atk=a869a2c0-ca51-47ca-baf9-d15bfcfe9809&xptdk=a869a2c0-ca51-47ca-baf9-d15bfcfe9809,Teva Men's Original Universal Sandal -  Dark Olive (1004006-DOL),3,04-08-2023
https://shopee.sg/-BY-FLIPS-Ultra-Lightweight-EVA-Sandals-in-Forest-T-Strap-i.112777554.1943709646?sp_atk=2818eed2-3959-4823-b7e3-a739c3e8a036&xptdk=2818eed2-3959-4823-b7e3-a739c3e8a036,[BY FLIPS] Ultra Lightweight EVA Sandals in Forest T-Strap,3,04-08-2023
https://shopee.sg/IPANEMA-Women-Class-Curve-Fem-Sandals-i.748390511.17062383232?sp_atk=4e6a43cb-1f04-4ba6-a0f8-42872b85dc05&xptdk=4e6a43cb-1f04-4ba6-a0f8-42872b85dc05,IPANEMA Women Class Curve Fem Sandals,3,04-08-2023
https://shopee.sg/Zaxy-Combina-Sand-Minibag-Sandals-i.748390511.13491144058?sp_atk=645fcdef-c58d-46d5-87f9-e6944f9442c1&xptdk=645fcdef-c58d-46d5-87f9-e6944f9442c1,Zaxy Combina Sand Minibag Sandals,3,04-08-2023
https://shopee.sg/Birkenstock-Gizeh-EVA-Unisex-Regular-Width-Sandals-in-Black-i.46900382.1350949441?sp_atk=bcb7a316-26b4-448e-88b1-1eaa7123d20e&xptdk=bcb7a316-26b4-448e-88b1-1eaa7123d20e,Birkenstock Gizeh EVA Unisex Regular Width Sandals in Black,3,04-08-2023
https://shopee.sg/-BY-FLIPS-Waterproof-Slide-Sandals-in-5-Classic-Colors-i.112777554.1944228714?sp_atk=68125594-71ea-41d3-96b3-766343897b8d&xptdk=68125594-71ea-41d3-96b3-766343897b8d,[BY FLIPS] Waterproof Slide Sandals in 5 Classic Colors,3,04-08-2023
https://shopee.sg/BATA-COMFIT-Women-Perforated-Sandals-561X546-i.324728427.16665539854?sp_atk=1f8ba277-0b20-4c20-b5b5-dd29bbb5ccfd&xptdk=1f8ba277-0b20-4c20-b5b5-dd29bbb5ccfd,BATA COMFIT Women Perforated Sandals 561X546,3,04-08-2023
https://shopee.sg/Skechers-Women-Cali-Side-Lines-2-Play-Easy-Walking-Sandals-8730077-TPE-i.84710867.18888827668?sp_atk=21274058-1b16-4f68-9f41-70c927af4a8d&xptdk=21274058-1b16-4f68-9f41-70c927af4a8d,Skechers Women Cali Side Lines 2 Play Easy Walking Sandals - 8730077-TPE,3,04-08-2023
https://shopee.sg/PAZZION-9628-8A-Studded-Slide-Sandals-i.261446965.17724658134?sp_atk=da705700-763e-4179-be11-72b0c0908b28&xptdk=da705700-763e-4179-be11-72b0c0908b28,PAZZION 9628-8A Studded Slide Sandals,3,04-08-2023
https://shopee.sg/Skechers-Women-Foamies-Cali-Breeze-2.0-Royal-Texture-Walking-Sandals-i.84710867.23166113235?sp_atk=6a5689f2-6703-4992-a8f8-48f1d00c3ebb&xptdk=6a5689f2-6703-4992-a8f8-48f1d00c3ebb,Skechers Women Foamies Cali Breeze 2.0 Royal Texture Walking Sandals,3,04-08-2023
https://shopee.sg/Everbest-Women-Shoes-LY8016-Cross-strap-mid-heel-sandals-i.273529824.23411677118?sp_atk=c7005503-30de-4bc3-a9a5-b879001d018b&xptdk=c7005503-30de-4bc3-a9a5-b879001d018b,Everbest Women Shoes - LY8016 Cross strap mid heel sandals,3,04-08-2023
https://shopee.sg/Zaxy-Plena-Sand-Sandals-i.748390511.14581778171?sp_atk=22a3d788-0383-4ec9-bbaa-6c750bcf7454&xptdk=22a3d788-0383-4ec9-bbaa-6c750bcf7454,Zaxy Plena Sand Sandals,3,04-08-2023
https://shopee.sg/PUMA-Popcat-Patent-Women's-Sports-Sandals-i.341363989.14356761041?sp_atk=5716333d-6b53-4b99-bc0a-95b27f9ab9b7&xptdk=5716333d-6b53-4b99-bc0a-95b27f9ab9b7,PUMA Popcat Patent Women's Sports Sandals,3,04-08-2023
https://shopee.sg/Shondo-F6-Sport-Men's-Sandals-Camo-Black-i.427005440.8045969762?sp_atk=cfc19035-0a97-4841-bc1e-b2591be78156&xptdk=cfc19035-0a97-4841-bc1e-b2591be78156,Shondo F6 Sport Men's Sandals - Camo Black,3,04-08-2023
https://shopee.sg/-NEW-COLOURS-Rigorer-Adjustable-Slides-SL504-(Sports-Foot-Wear-Slippers-Sandals-Flip-Flop-Casual-Footwear)-i.106407924.5300017673?sp_atk=0054d5b7-792c-4820-b25a-ae35eb443c55&xptdk=0054d5b7-792c-4820-b25a-ae35eb443c55,[NEW COLOURS] Rigorer Adjustable Slides [SL504] - (Sports Foot Wear Slippers Sandals Flip Flop Casual Footwear),3,04-08-2023
https://shopee.sg/Teva-Women's-Original-Universal-Sandal-Bright-White-(1003987-BRWH)-i.911403529.16390897177?sp_atk=23d8997a-9193-4a4b-b6c0-281821b1acc0&xptdk=23d8997a-9193-4a4b-b6c0-281821b1acc0,Teva Women's Original Universal Sandal - Bright White (1003987-BRWH),3,04-08-2023
https://shopee.sg/KEEN-Zerraport-II-Plaza-taupe-Bison-1027147-Women's-Sandals-(LF)-i.280432311.14796307632?sp_atk=af2bb927-2f9d-4f18-b284-96203fac3b55&xptdk=af2bb927-2f9d-4f18-b284-96203fac3b55,KEEN Zerraport II Plaza taupe / Bison 1027147 Women's Sandals (LF),3,04-08-2023
https://shopee.sg/adidas-Lifestyle-adidas-Astir-Sandals-Women-White-HP9570-i.265436651.14398774301?sp_atk=70c1b9f8-8941-4188-b279-62a96ac0a0c0&xptdk=70c1b9f8-8941-4188-b279-62a96ac0a0c0,adidas Lifestyle adidas Astir Sandals Women White HP9570,3,04-08-2023
https://shopee.sg/Skechers-Women-Cali-Pop-Ups-Right-Time-Sandals-119252-BLSH-Hanger-Optional-Luxe-Foam-Vegan-i.84710867.23422702239?sp_atk=bc818253-3864-41b2-a2d7-07b4d67d6f78&xptdk=bc818253-3864-41b2-a2d7-07b4d67d6f78,"Skechers Women Cali Pop Ups Right Time Sandals - 119252-BLSH Hanger Optional, Luxe Foam, Vegan",3,04-08-2023
https://shopee.sg/Skechers-Men-On-The-GO-GO-Recover-Walking-Sandals-229018-NVBL-Dual-Density-Goga-Mat-Technology-Ultra-Go-i.84710867.19976541317?sp_atk=c25e7838-ea14-4248-96ba-312b4ee3f871&xptdk=c25e7838-ea14-4248-96ba-312b4ee3f871,"Skechers Men On-The-GO GO Recover Walking Sandals - 229018-NVBL Dual-Density, Goga Mat Technology, Ultra Go",3,04-08-2023
https://shopee.sg/REEF-Kids-Little-Ahi-Convertible-Back-Strap-Sandals-Watercolor-i.48785701.21871804086?sp_atk=48e03f3e-fad2-49cb-8a21-c0ce04f1556f&xptdk=48e03f3e-fad2-49cb-8a21-c0ce04f1556f,REEF Kids Little Ahi Convertible Back Strap Sandals - Watercolor,3,04-08-2023
https://shopee.sg/-COCORO-Japanese-Shoes-Store-COCORO-1845-Fringe-Flat-Slip-On-Sandal-i.690571420.22245289470?sp_atk=20b682cf-8750-4d2f-848a-673dc4d2ccab&xptdk=20b682cf-8750-4d2f-848a-673dc4d2ccab,[COCORO Japanese Shoes Store] COCORO 1845 Fringe Flat Slip-On Sandal,3,04-08-2023
https://shopee.sg/Melissa-Brightness-Ladies-Sandals-i.127473736.16342387925?sp_atk=076e5a17-5119-4dba-9978-2eca4117e28c&xptdk=076e5a17-5119-4dba-9978-2eca4117e28c,Melissa Brightness Ladies Sandals,3,04-08-2023
https://shopee.sg/ZANETTA-Toledo-Women-Sandals-i.87193491.3836456775?sp_atk=483ed286-8b49-49e8-b1db-73ac8a4d2f8e&xptdk=483ed286-8b49-49e8-b1db-73ac8a4d2f8e,ZANETTA Toledo Women Sandals,3,04-08-2023
https://shopee.sg/-COCORO-Japanese-Shoes-Store-COCORO-1730-Chunky-Heel-Slip-on-Sandal-i.690571420.16314148972?sp_atk=6bd0f134-0e5e-4658-bd02-2f7338d584f1&xptdk=6bd0f134-0e5e-4658-bd02-2f7338d584f1,[COCORO Japanese Shoes Store] COCORO 1730 Chunky Heel Slip-on Sandal,3,04-08-2023
https://shopee.sg/BATA-Men-Weinbrenner-Fisherman-Sandals-861X322-i.324728427.19731410423?sp_atk=580563a3-e4f2-4714-8e99-af8353114ab0&xptdk=580563a3-e4f2-4714-8e99-af8353114ab0,BATA Men Weinbrenner Fisherman Sandals 861X322,3,04-08-2023
https://shopee.sg/Telic-Z-STRAP-Sandals-Plantar-Fasciitis-Heel-Pain-Flat-Foot-Orthopedic-Supportive-Shoes-Unisex-i.104311971.19361611928?sp_atk=3ce657f1-6263-4647-8518-f134a252595b&xptdk=3ce657f1-6263-4647-8518-f134a252595b,Telic Z-STRAP Sandals | Plantar Fasciitis / Heel Pain / Flat Foot / Orthopedic Supportive Shoes | Unisex,3,04-08-2023
https://shopee.sg/Birkenstock-Arizona-Big-Buckle-Natural-Leather-High-Shine-Women's-Regular-Width-Sandals-in-Black-i.46900382.18235313364?sp_atk=7fc83c14-bbe8-45c1-9f88-9f3c2a05a469&xptdk=7fc83c14-bbe8-45c1-9f88-9f3c2a05a469,Birkenstock Arizona Big Buckle Natural Leather High Shine Women's Regular Width Sandals in Black,3,04-08-2023
https://shopee.sg/Skechers-Women-Demon-Slayer-Pop-Ups-Warrior-Tough-Walking-Sandals-800009-PNK-i.84710867.21371448188?sp_atk=c702a1e1-aa50-4066-8c25-64bf35c58a73&xptdk=c702a1e1-aa50-4066-8c25-64bf35c58a73,Skechers Women Demon Slayer Pop Ups Warrior Tough Walking Sandals - 800009-PNK,3,04-08-2023
https://shopee.sg/Teva-Men's-Hurricane-Verge-Strappy-Sandal-Dark-Olive-(1121534-DOL)-Hiking-Sandal-i.911403529.21171376639?sp_atk=5052f343-6675-484b-9c05-f92989fbf0a7&xptdk=5052f343-6675-484b-9c05-f92989fbf0a7,Teva Men's Hurricane Verge Strappy Sandal - Dark Olive (1121534-DOL) | Hiking Sandal,3,04-08-2023
https://shopee.sg/BATA-Women-Comfit-T-Bar-Sandals-Helene-561X933-i.324728427.20747174887?sp_atk=f01b3cc3-da6b-487c-ba0a-89282526346f&xptdk=f01b3cc3-da6b-487c-ba0a-89282526346f,BATA Women Comfit T-Bar Sandals Helene 561X933,3,04-08-2023
https://shopee.sg/Skechers-Online-Exclusive-Men-Foamies-GOwalk-5-Sit-Back-Walking-Sandals-243024-BLK-Slipper-Casual-i.84710867.23701192952?sp_atk=e9fd7abd-537c-42ca-87d8-98694f9753ad&xptdk=e9fd7abd-537c-42ca-87d8-98694f9753ad,"Skechers Online Exclusive Men Foamies GOwalk 5 Sit Back Walking Sandals - 243024-BLK - Slipper, Casual",4,04-08-2023
https://shopee.sg/BATA-Women-Comfit-T-Bar-Sandals-Helene-561X933-i.324728427.21847174952?sp_atk=33a93243-b839-44c4-b8d4-077e3f35caa2&xptdk=33a93243-b839-44c4-b8d4-077e3f35caa2,BATA Women Comfit T-Bar Sandals Helene 561X933,4,04-08-2023
https://shopee.sg/ZANETTA-Malaga-Men-Rubber-Sandals-i.87193491.1511899297?sp_atk=1eb35d04-9468-424a-bf92-f2c5c4c46cb1&xptdk=1eb35d04-9468-424a-bf92-f2c5c4c46cb1,ZANETTA Malaga Men Rubber Sandals,4,04-08-2023
https://shopee.sg/Skechers-Women-Foamies-Arch-Fit-Ascend-Walking-Sandals-111232-ROS-Arch-Fit-Dual-Density-Machine-Washable-Luxe-Foam-i.84710867.18579895160?sp_atk=68b2220a-4ef0-4b39-a43d-25d11b2bf44a&xptdk=68b2220a-4ef0-4b39-a43d-25d11b2bf44a,"Skechers Women Foamies Arch Fit Ascend Walking Sandals - 111232-ROS Arch Fit, Dual-Density, Machine Washable, Luxe Foam",4,04-08-2023
https://shopee.sg/ZANETTA-Mallorca-Women-Sandals-i.87193491.1507277083?sp_atk=1c88ce94-2c99-4e8a-bafe-5d0f66a06c9b&xptdk=1c88ce94-2c99-4e8a-bafe-5d0f66a06c9b,ZANETTA Mallorca Women Sandals,4,04-08-2023
https://shopee.sg/Moda-Paolo-Women-Sandals-in-2-Colours-(34564T)-i.82022023.17081141670?sp_atk=9a65d444-a7d5-4d61-9c9b-778729862dab&xptdk=9a65d444-a7d5-4d61-9c9b-778729862dab,Moda Paolo Women Sandals in 2 Colours (34564T),4,04-08-2023
https://shopee.sg/Kiki-Fun-Women-Sandals-In-Black-W2091-A-i.77422583.1350931098?sp_atk=999ab1ff-bb15-4f85-ba7c-247759ff2935&xptdk=999ab1ff-bb15-4f85-ba7c-247759ff2935,"Kiki Fun Women Sandals In Black, W2091-A",4,04-08-2023
https://shopee.sg/-BY-FLIPS-Ultra-Lightweight-EVA-Sandals-in-Charcoal-Black-T-Strap-i.112777554.1942671675?sp_atk=533e56e9-4df8-4478-a2f6-bb0617335541&xptdk=533e56e9-4df8-4478-a2f6-bb0617335541,[BY FLIPS] Ultra Lightweight EVA Sandals in Charcoal Black T-Strap,4,04-08-2023
https://shopee.sg/BATA-Weinbrenner-Men-Sandals-861X188-i.324728427.16281164385?sp_atk=9f3c4d39-020a-4b1f-a70f-1fa8ade202c5&xptdk=9f3c4d39-020a-4b1f-a70f-1fa8ade202c5,BATA Weinbrenner Men Sandals 861X188,4,04-08-2023
https://shopee.sg/-BY-FLIPS-Ultra-Lightweight-EVA-Sandals-in-White-T-Strap-i.112777554.1942611694?sp_atk=1e87ddac-1e3f-4d25-98da-df8440c31cc5&xptdk=1e87ddac-1e3f-4d25-98da-df8440c31cc5,[BY FLIPS] Ultra Lightweight EVA Sandals in White T-Strap,4,04-08-2023
https://shopee.sg/Birkenstock-Atacama-Birko-Flor-Men's-Regular-Width-Sandals-in-Futura-Black-i.46900382.14692033002?sp_atk=4674774e-4359-4cda-94a0-3fff9a6ace13&xptdk=4674774e-4359-4cda-94a0-3fff9a6ace13,Birkenstock Atacama Birko-Flor Men's Regular Width Sandals in Futura Black,4,04-08-2023
https://shopee.sg/ZANETTA-Ibiza-Men-Rubber-Sandals-i.87193491.6813590524?sp_atk=e0a47794-4b1b-4652-8dfb-e8450bf7dd24&xptdk=e0a47794-4b1b-4652-8dfb-e8450bf7dd24,ZANETTA Ibiza Men Rubber Sandals,4,04-08-2023
https://shopee.sg/Skechers-Men-On-The-GO-GO-Consistent-Synthwave-Walking-Sandals-229035-GYOR-Machine-Washable-i.84710867.23068203585?sp_atk=e51a113a-91f2-4856-a0ed-b7e4217d5538&xptdk=e51a113a-91f2-4856-a0ed-b7e4217d5538,Skechers Men On-The-GO GO Consistent Synthwave Walking Sandals - 229035-GYOR Machine Washable,4,04-08-2023
https://shopee.sg/Skechers-Men-On-The-GO-GO-Consistent-Synthwave-Walking-Sandals-229035-OLV-Air-Cooled-Goga-Mat-Slipper-Casual-i.84710867.20155615513?sp_atk=3db749a4-d344-46f4-bb82-9c80aa267997&xptdk=3db749a4-d344-46f4-bb82-9c80aa267997,"Skechers Men On-The-GO GO Consistent Synthwave Walking Sandals - 229035-OLV - Air-Cooled Goga Mat, Slipper, Casual",4,04-08-2023
https://shopee.sg/KEEN-Men's-Uneek-Sandal-Black-Black-i.242190735.5125706668?sp_atk=d3ac1a47-8f5b-47d1-ade6-087fb55ba66b&xptdk=d3ac1a47-8f5b-47d1-ade6-087fb55ba66b,KEEN Men's Uneek Sandal - Black/Black,4,04-08-2023
https://shopee.sg/Melissa-Sun-Downtown-Ladies-Sandal-i.127473736.16397741251?sp_atk=68ad8435-4633-44b6-928a-8eaf6435a265&xptdk=68ad8435-4633-44b6-928a-8eaf6435a265,Melissa Sun Downtown Ladies Sandal,4,04-08-2023
https://shopee.sg/Teva-Men's-Hurricane-XLT2-Sandal-Earth-Multi-(1019234-EHML)-Hiking-Sandal-i.911403529.23941616325?sp_atk=0c6f8c77-9ec3-4cee-9d38-0a928d8b2e25&xptdk=0c6f8c77-9ec3-4cee-9d38-0a928d8b2e25,Teva Men's Hurricane XLT2 Sandal - Earth Multi (1019234-EHML) | Hiking Sandal,4,04-08-2023
https://shopee.sg/PAZZION-9628-8A-Studded-Slide-Sandals-i.261446965.17724658134?sp_atk=a6b61645-46ca-4577-bee3-6774692ba908&xptdk=a6b61645-46ca-4577-bee3-6774692ba908,PAZZION 9628-8A Studded Slide Sandals,4,04-08-2023
https://shopee.sg/Skechers-Online-Exclusive-Women-Foamies-GOwalk-5-Bali-Walking-Sandals-111100-AQUA-Slipper-Casual-i.84710867.18273177825?sp_atk=3849749c-8845-44d6-820d-c4c970eebe64&xptdk=3849749c-8845-44d6-820d-c4c970eebe64,"Skechers Online Exclusive Women Foamies GOwalk 5 Bali Walking Sandals - 111100-AQUA - Slipper, Casual",4,04-08-2023
https://shopee.sg/PAZZION-F103-6-Diamante-Embellished-Multi-Strap-Crystal-Sandal-Heels-i.261446965.17383026322?sp_atk=01de7a4f-1822-451b-ab2a-cf53a03a61c1&xptdk=01de7a4f-1822-451b-ab2a-cf53a03a61c1,PAZZION F103-6 Diamante Embellished Multi Strap Crystal Sandal Heels,4,04-08-2023
https://shopee.sg/-BY-FLIPS-Ultra-Lightweight-Double-Strap-EVA-Sandals-in-7-Summer-Colors-i.112777554.1838779249?sp_atk=ac50408b-5644-444c-b020-d7779cad1cc1&xptdk=ac50408b-5644-444c-b020-d7779cad1cc1,[BY FLIPS] Ultra Lightweight Double Strap EVA Sandals in 7 Summer Colors,4,04-08-2023
https://shopee.sg/Kiki-Traveller5-Sandals-In-Beige-BF68068-2-i.77422583.4917563415?sp_atk=5831b1c2-b5c9-4639-a8cb-d83a80bfe7c7&xptdk=5831b1c2-b5c9-4639-a8cb-d83a80bfe7c7,"Kiki Traveller5 Sandals In Beige, BF68068-2",4,04-08-2023
https://shopee.sg/KEEN-Women's-Uneek-Sandal-Black-Black-i.242190735.6325711188?sp_atk=d7c65e20-c2e8-4a6a-b719-5a5ee66927a7&xptdk=d7c65e20-c2e8-4a6a-b719-5a5ee66927a7,KEEN Women's Uneek Sandal - Black/Black,4,04-08-2023
https://shopee.sg/FitFlop-LULU-Women's-Adjustable-Leather-Buckle-Back-Strap-Slides-Sandals-Light-Tan-(FV8-592)-i.524040819.21773079977?sp_atk=23519ae3-56ab-412b-8942-9c615c02b1f7&xptdk=23519ae3-56ab-412b-8942-9c615c02b1f7,FitFlop LULU Women's Adjustable Leather Buckle Back-Strap Slides Sandals - Light Tan (FV8-592),4,04-08-2023
https://shopee.sg/Teva-Women's-Hurricane-XLT2-Ampsole-Sandal-Black-(1131270-BLK)-Sport-Sandal-i.911403529.22818046727?sp_atk=9697b84f-4b35-45cb-8b6f-e197d56cd2bb&xptdk=9697b84f-4b35-45cb-8b6f-e197d56cd2bb,Teva Women's Hurricane XLT2 Ampsole Sandal - Black (1131270-BLK) | Sport Sandal,4,04-08-2023
https://shopee.sg/Teva-Women's-Hurricane-XLT2-Sandal-Black-(1019235-BLK)-Hiking-Sandal-i.911403529.22118814049?sp_atk=fb03518e-dd28-4aa9-88f2-1b5c0173e9d8&xptdk=fb03518e-dd28-4aa9-88f2-1b5c0173e9d8,Teva Women's Hurricane XLT2 Sandal - Black (1019235-BLK) | Hiking Sandal,4,04-08-2023
https://shopee.sg/adidas-Swimming-Adilette-Comfort-Sandals-Unisex-Black-H02488-i.265436651.5693412566?sp_atk=0784e797-7e6f-49c7-9ce7-60ecc7ba9124&xptdk=0784e797-7e6f-49c7-9ce7-60ecc7ba9124,adidas Swimming Adilette Comfort Sandals Unisex Black H02488,4,04-08-2023
https://shopee.sg/PAZZION-H1-13-Allie-Pearl-Embellished-Strap-Slide-Sandals-i.261446965.19237595982?sp_atk=42118ea1-ed14-4752-80a9-ff584b9218f2&xptdk=42118ea1-ed14-4752-80a9-ff584b9218f2,PAZZION H1-13 Allie Pearl Embellished Strap Slide Sandals,4,04-08-2023
https://shopee.sg/BATA-Kids-Bubblegummers-Sandals-361X211-i.324728427.20647192341?sp_atk=27146061-34d2-47cd-b80b-26a06d220038&xptdk=27146061-34d2-47cd-b80b-26a06d220038,BATA Kids Bubblegummers Sandals 361X211,4,04-08-2023
https://shopee.sg/adidas-Water-Sandal-C-GW0386-Rose-Tone-White-Kids-Sandals-i.280432311.19101746439?sp_atk=36b9c527-ea4f-45d1-9fa3-1160816c86ba&xptdk=36b9c527-ea4f-45d1-9fa3-1160816c86ba,adidas Water Sandal C GW0386 Rose Tone / White Kids Sandals,4,04-08-2023
https://shopee.sg/BATA-Comfit-Women-Block-Heel-Sandals-Chiara-761X885-i.324728427.23322077422?sp_atk=294b6648-250b-4f84-b792-d76346fa85c6&xptdk=294b6648-250b-4f84-b792-d76346fa85c6,BATA Comfit Women Block Heel Sandals Chiara 761X885,4,04-08-2023
https://shopee.sg/Everbest-Women-Shoes-LCS8002-Double-Braided-Strap-Sandals-i.273529824.11649349520?sp_atk=f0505c83-5fab-4863-b823-b464f1fb1887&xptdk=f0505c83-5fab-4863-b823-b464f1fb1887,Everbest Women Shoes - LCS8002 Double Braided Strap Sandals,4,04-08-2023
https://shopee.sg/Teva-Women's-Hurricane-XLT2-Ampsole-Sandal-Olive-(1131270-OLV)-Sport-Sandal-i.911403529.19571378114?sp_atk=ec5dd9ec-b18c-4b7b-9cfe-8b8489972554&xptdk=ec5dd9ec-b18c-4b7b-9cfe-8b8489972554,Teva Women's Hurricane XLT2 Ampsole Sandal - Olive (1131270-OLV) | Sport Sandal,4,04-08-2023
https://shopee.sg/Everbest-Women's-Shoes-BT1020-TRACCE-Gladiator-Sandals-i.273529824.13897211462?sp_atk=66f02e57-1ecc-42d1-ae06-d42b4dab74dc&xptdk=66f02e57-1ecc-42d1-ae06-d42b4dab74dc,Everbest Women's Shoes -  BT1020 TRACCE Gladiator Sandals,4,04-08-2023
https://shopee.sg/BATA-Women-Comfit-Sandals-661X321-i.324728427.12291877834?sp_atk=02f0a909-0799-4b4b-ac9f-8da902858e5e&xptdk=02f0a909-0799-4b4b-ac9f-8da902858e5e,BATA Women Comfit Sandals 661X321,4,04-08-2023
https://shopee.sg/Everlast-Unisex-EZZY-Slide-Sandals-Black-Black-White-(EL19-M633)-Casual-Basic-Footwear-i.75762037.16386057644?sp_atk=e2595629-75c4-4ff0-b4bf-f605c56ab215&xptdk=e2595629-75c4-4ff0-b4bf-f605c56ab215,Everlast Unisex EZZY Slide Sandals - Black/Black/White (EL19-M633) Casual | Basic Footwear,4,04-08-2023
https://shopee.sg/ECCO-Onroads-POC-Men's-Flat-Sandals-i.456133957.20819849477?sp_atk=eb9243c1-6613-4ff8-b21d-f3f5e68319ce&xptdk=eb9243c1-6613-4ff8-b21d-f3f5e68319ce,ECCO Onroads POC Men's Flat Sandals,4,04-08-2023
https://shopee.sg/PUMA-Unisex-Traek-Sports-Sandals-(Gray)-i.341363989.18974627167?sp_atk=f11b9a35-5196-480c-8277-feecbf4b910f&xptdk=f11b9a35-5196-480c-8277-feecbf4b910f,PUMA Unisex Traek Sports Sandals (Gray),4,04-08-2023
https://shopee.sg/Birkenstock-Arizona-Birko-Flor-Unisex-Regular-Width-Sandals-in-Black-i.46900382.2435433689?sp_atk=ba815ca3-6415-4c71-9df9-748b469abd5a&xptdk=ba815ca3-6415-4c71-9df9-748b469abd5a,Birkenstock Arizona Birko-Flor Unisex Regular Width Sandals in Black,4,04-08-2023
https://shopee.sg/Kiki-Fun-Sandals-In-Beige-W2091-A-i.77422583.1350931101?sp_atk=ccdde9af-1799-44e1-83ad-754857d9f5ca&xptdk=ccdde9af-1799-44e1-83ad-754857d9f5ca,"Kiki Fun Sandals In Beige, W2091-A",4,04-08-2023
https://shopee.sg/Moda-Paolo-Women-Slides-in-2-Colours-(34665T)-i.82022023.22513040935?sp_atk=2adfd514-8a26-43e3-89f4-5515eb198a79&xptdk=2adfd514-8a26-43e3-89f4-5515eb198a79,Moda Paolo Women Slides in 2 Colours (34665T),4,04-08-2023
https://shopee.sg/Teva-Men's-Original-Universal-Sandal-Peaks-Black-(1004006-PSBC)-i.911403529.16390897157?sp_atk=212c1709-a994-47ec-a55a-94665bdee511&xptdk=212c1709-a994-47ec-a55a-94665bdee511,Teva Men's Original Universal Sandal - Peaks Black (1004006-PSBC),4,04-08-2023
https://shopee.sg/Moda-Paolo-Men-Slippers-in-Black-(1441T)-i.82022023.2100023602?sp_atk=1a859e07-3bff-4a73-b8f3-0f44f32916e5&xptdk=1a859e07-3bff-4a73-b8f3-0f44f32916e5,Moda Paolo Men Slippers in Black (1441T),4,04-08-2023
https://shopee.sg/Skechers-Men-Demon-Slayer-Gambix-2.0-Walking-Sandals-802007-BKGR-i.84710867.22819016985?sp_atk=14f9843e-2145-4bfb-999e-c16506f46047&xptdk=14f9843e-2145-4bfb-999e-c16506f46047,Skechers Men Demon Slayer Gambix 2.0 Walking Sandals - 802007-BKGR,4,04-08-2023
https://shopee.sg/BATA-Women-Pata-Pata-T-Sandals-671X720-i.324728427.5490674161?sp_atk=34db4a99-d3fe-43e3-ae42-10dac8a18b50&xptdk=34db4a99-d3fe-43e3-ae42-10dac8a18b50,BATA Women Pata Pata T Sandals 671X720,4,04-08-2023
https://shopee.sg/-BY-FLIPS-Ultra-Lightweight-EVA-Sandals-in-Ash-Grey-T-Strap-i.112777554.1942577249?sp_atk=f89535df-4548-423f-bf49-b05c21ec12bc&xptdk=f89535df-4548-423f-bf49-b05c21ec12bc,[BY FLIPS] Ultra Lightweight EVA Sandals in Ash Grey T-Strap,4,04-08-2023
https://shopee.sg/-BY-FLIPS-Double-Strap-Men's-Slide-Slip-On-Sandals-i.112777554.17565606454?sp_atk=fb678dcc-7225-487d-81a2-dce5eea2e583&xptdk=fb678dcc-7225-487d-81a2-dce5eea2e583,[BY FLIPS] Double Strap Men's Slide Slip-On Sandals,4,04-08-2023
https://shopee.sg/Skechers-Women-Foamies-GOwalk-5-Fall-For-It-Walking-Sandals-111289-LIL-Slipper-Casual-i.84710867.16467904911?sp_atk=c5820f8a-e3cb-449c-8c27-3705cf8a7e09&xptdk=c5820f8a-e3cb-449c-8c27-3705cf8a7e09,"Skechers Women Foamies GOwalk 5 Fall For It Walking Sandals - 111289-LIL - Slipper, Casual",4,04-08-2023
https://shopee.sg/FitFlop-LULU-Women's-Glitter-Toe-Post-Sandals-Midnight-Navy-(X03-399)-i.524040819.19835657678?sp_atk=382df863-45e2-41a8-8f80-5fbef03c358b&xptdk=382df863-45e2-41a8-8f80-5fbef03c358b,FitFlop LULU Women's Glitter Toe-Post Sandals - Midnight Navy (X03-399),4,04-08-2023
https://shopee.sg/Melissa-Sun-Ventura-Metallic-Ladies-Sandals-i.127473736.12686335034?sp_atk=5c7133a5-5d9b-4124-9c35-1f7df9ed4d83&xptdk=5c7133a5-5d9b-4124-9c35-1f7df9ed4d83,Melissa Sun Ventura Metallic Ladies Sandals,4,04-08-2023
https://shopee.sg/FitFlop-FINO-Women's-Flecked-Stone-Toe-Post-Sandals-Dark-Red-(Y12-738)-i.524040819.19249133287?sp_atk=727cac6a-a4f1-49ec-b996-9a11142dba23&xptdk=727cac6a-a4f1-49ec-b996-9a11142dba23,FitFlop FINO Women's Flecked-Stone Toe-Post Sandals - Dark Red (Y12-738),4,04-08-2023
https://shopee.sg/BATA-Women-Comfit-Toe-Post-Slides-571X123-i.324728427.21301922149?sp_atk=00413ead-1e53-4a8c-829d-947bd5da2ae1&xptdk=00413ead-1e53-4a8c-829d-947bd5da2ae1,BATA Women Comfit Toe-Post Slides 571X123,4,04-08-2023
https://shopee.sg/Melissa-Airbubble-Ladies-Flipflops-i.127473736.13095497762?sp_atk=c21c1b28-ca6f-42f5-8933-83cf8707d757&xptdk=c21c1b28-ca6f-42f5-8933-83cf8707d757,Melissa Airbubble Ladies Flipflops,4,04-08-2023
https://shopee.sg/Ripples-T-Straps-Sandals-With-R-Pin-In-Black-Or-Blue-i.28337387.23804225643?sp_atk=5cf31255-6936-4903-aadd-baa2f46f47b4&xptdk=5cf31255-6936-4903-aadd-baa2f46f47b4,Ripples T-Straps Sandals With R Pin In Black Or Blue,4,04-08-2023
https://shopee.sg/Birkenstock-Arizona-EVA-Women's-Narrow-Width-Sandals-in-Glamour-Gold-i.46900382.12896109972?sp_atk=b55e3dd6-acbe-4961-ac7d-633a01c6a9e5&xptdk=b55e3dd6-acbe-4961-ac7d-633a01c6a9e5,Birkenstock Arizona EVA Women's Narrow Width Sandals in Glamour Gold,4,04-08-2023
https://shopee.sg/Everbest-Women-Shoes-EXZ7008-Platform-Slip-On-Sandals-i.273529824.13509402094?sp_atk=23225648-038f-4ea4-b658-78283e1f36df&xptdk=23225648-038f-4ea4-b658-78283e1f36df,Everbest Women Shoes - EXZ7008 Platform Slip-On Sandals,4,04-08-2023
https://shopee.sg/Skechers-Online-Exclusive-Men-SKECHERS-USA-Street-Wear-Sargo-Sunview-Sandals-210069-NVGY-Memory-Foam-Relaxed-Fit-360-i.84710867.9701153920?sp_atk=b087eff8-8326-466c-9751-6f5b0c66b7e8&xptdk=b087eff8-8326-466c-9751-6f5b0c66b7e8,Skechers Online Exclusive Men SKECHERS USA Street Wear Sargo Sunview Sandals - 210069-NVGY Memory Foam Relaxed Fit 360,4,04-08-2023
https://shopee.sg/Skechers-Women-Cali-Side-Lines-2-Walking-Sandals-8730072-YEL-i.84710867.22214776498?sp_atk=d876441a-5e94-4683-bb46-11143b7843b8&xptdk=d876441a-5e94-4683-bb46-11143b7843b8,Skechers Women Cali Side Lines 2 Walking Sandals - 8730072-YEL,4,04-08-2023
https://shopee.sg/Havaianas-Women-Freedom-SL-Steel-Gray-Sandals-i.138141373.11884414185?sp_atk=d081d087-eed9-41ec-a521-038967b0079f&xptdk=d081d087-eed9-41ec-a521-038967b0079f,Havaianas Women Freedom SL - Steel Gray Sandals,4,04-08-2023
https://shopee.sg/Shondo-F7-Racing-Men's-Sandals-Grey-Lime-i.427005440.6186688596?sp_atk=2190e27d-d107-483d-9357-cc592b7f039f&xptdk=2190e27d-d107-483d-9357-cc592b7f039f,Shondo F7 Racing Men's Sandals - Grey/Lime,4,04-08-2023
https://shopee.sg/Birkenstock-Arizona-EVA-Women's-Narrow-Width-Sandals-in-Glamour-Gold-i.46900382.12896109972?sp_atk=81a250e2-0eb9-4558-8f3d-04543b829f2e&xptdk=81a250e2-0eb9-4558-8f3d-04543b829f2e,Birkenstock Arizona EVA Women's Narrow Width Sandals in Glamour Gold,5,04-08-2023
https://shopee.sg/Everbest-Women-Shoes-EXZ7008-Platform-Slip-On-Sandals-i.273529824.13509402094?sp_atk=3590999d-b163-4d80-8794-5ee244ed12ec&xptdk=3590999d-b163-4d80-8794-5ee244ed12ec,Everbest Women Shoes - EXZ7008 Platform Slip-On Sandals,5,04-08-2023
https://shopee.sg/Skechers-Online-Exclusive-Men-SKECHERS-USA-Street-Wear-Sargo-Sunview-Sandals-210069-NVGY-Memory-Foam-Relaxed-Fit-360-i.84710867.9701153920?sp_atk=f567ffc2-66ec-46f7-98d6-e59585b2577b&xptdk=f567ffc2-66ec-46f7-98d6-e59585b2577b,Skechers Online Exclusive Men SKECHERS USA Street Wear Sargo Sunview Sandals - 210069-NVGY Memory Foam Relaxed Fit 360,5,04-08-2023
https://shopee.sg/MUJI-Foot-Shaped-Sandals-i.257608708.19677324036?sp_atk=ed479f35-151c-4642-9643-714700c009be&xptdk=ed479f35-151c-4642-9643-714700c009be,MUJI Foot Shaped Sandals,5,04-08-2023
https://shopee.sg/Skechers-Women-Cali-Side-Lines-2-Walking-Sandals-8730072-YEL-i.84710867.22214776498?sp_atk=846d7420-e0c7-4711-b6f8-1c1c291ded7d&xptdk=846d7420-e0c7-4711-b6f8-1c1c291ded7d,Skechers Women Cali Side Lines 2 Walking Sandals - 8730072-YEL,5,04-08-2023
https://shopee.sg/Havaianas-Women-Freedom-SL-Steel-Gray-Sandals-i.138141373.11884414185?sp_atk=16443203-7f9b-461f-81a1-f2c176c4f978&xptdk=16443203-7f9b-461f-81a1-f2c176c4f978,Havaianas Women Freedom SL - Steel Gray Sandals,5,04-08-2023
https://shopee.sg/Shondo-F7-Racing-Men's-Sandals-Grey-Lime-i.427005440.6186688596?sp_atk=012c9fd9-6197-4f68-b184-1e0eec93f2a5&xptdk=012c9fd9-6197-4f68-b184-1e0eec93f2a5,Shondo F7 Racing Men's Sandals - Grey/Lime,5,04-08-2023
https://shopee.sg/Skechers-Online-Exclusive-Women-On-The-GO-Hyper-Slide-Sandals-140435-BKMT-i.84710867.23028516310?sp_atk=244a081c-2aec-4ca1-b1c1-3d78b909b169&xptdk=244a081c-2aec-4ca1-b1c1-3d78b909b169,Skechers Online Exclusive Women On-The-GO Hyper Slide Sandals - 140435-BKMT,5,04-08-2023
https://shopee.sg/Kiki-Alady-Gabriella-AL2103-4-Women-Thong-Sandals-Sizes-36-41-i.77422583.17863440559?sp_atk=17f552e4-2fe0-4743-be23-cbb5db841312&xptdk=17f552e4-2fe0-4743-be23-cbb5db841312,"Kiki Alady-Gabriella AL2103-4 Women Thong Sandals, Sizes 36-41",5,04-08-2023
https://shopee.sg/ZANETTA-Malaga-Women-Rubber-Sandals-i.87193491.6736398181?sp_atk=addca2ed-c61f-41a5-b516-497cc0187f91&xptdk=addca2ed-c61f-41a5-b516-497cc0187f91,ZANETTA Malaga Women Rubber Sandals,5,04-08-2023
https://shopee.sg/-BY-FLIPS-2-Tone-EVA-Sandals-in-T-Strap-and-Double-Strap-i.112777554.18589529351?sp_atk=ceda48d6-046e-4e29-b3fb-f9f8faa922e3&xptdk=ceda48d6-046e-4e29-b3fb-f9f8faa922e3,[BY FLIPS] 2-Tone EVA Sandals in T-Strap and Double Strap,5,04-08-2023
https://shopee.sg/BATA-Women-Wedged-Sandals-661X476-i.324728427.16665830143?sp_atk=42708c4a-2977-4113-a45e-d2d9f846e119&xptdk=42708c4a-2977-4113-a45e-d2d9f846e119,BATA Women Wedged Sandals 661X476,5,04-08-2023
https://shopee.sg/-COCORO-Japanese-Shoes-Store-COCORO-1009-Duo-Way-Mesh-Sandal-i.690571420.17004105789?sp_atk=4ee56ed4-0b3b-498a-8841-7a3a0a452c5a&xptdk=4ee56ed4-0b3b-498a-8841-7a3a0a452c5a,[COCORO Japanese Shoes Store] COCORO 1009 Duo-Way Mesh Sandal,5,04-08-2023
https://shopee.sg/PUMA-Suede-Mayu-Women's-Sports-Sandals-i.341363989.20752159633?sp_atk=70eaf079-4820-4b0b-aa75-55495e489263&xptdk=70eaf079-4820-4b0b-aa75-55495e489263,PUMA Suede Mayu Women's Sports Sandals,5,04-08-2023
https://shopee.sg/ZANETTA-Zaragoza-Women-Sandals-i.87193491.4036397515?sp_atk=43b89f1d-8a75-4fc7-ac5a-209b0fdc9912&xptdk=43b89f1d-8a75-4fc7-ac5a-209b0fdc9912,ZANETTA Zaragoza Women Sandals,5,04-08-2023
https://shopee.sg/Skechers-Women-Foamies-Cali-Breeze-2.0-Sandals-111055-BLSH-i.84710867.19079167121?sp_atk=b85f2086-f985-4377-8460-cf91b301a627&xptdk=b85f2086-f985-4377-8460-cf91b301a627,Skechers Women Foamies Cali Breeze 2.0 Sandals - 111055-BLSH,5,04-08-2023
https://shopee.sg/PUMA-Backstrap-Men's-Sports-Sandals-(Black)-i.341363989.22335096927?sp_atk=4b014c30-e6d5-4b6b-a27f-2ebe0a1ce7ea&xptdk=4b014c30-e6d5-4b6b-a27f-2ebe0a1ce7ea,PUMA Backstrap Men's Sports Sandals (Black),5,04-08-2023
https://shopee.sg/Teva-Women's-Hurricane-XLT2-Sandal-Sesame-(1019235-SSME)-Hiking-Sandal-i.911403529.19371378151?sp_atk=8fbfb353-0f2f-4a1a-a932-2f60211930a9&xptdk=8fbfb353-0f2f-4a1a-a932-2f60211930a9,Teva Women's Hurricane XLT2 Sandal - Sesame (1019235-SSME) | Hiking Sandal,5,04-08-2023
https://shopee.sg/FitFlop-LULU-Women's-Water-Resistant-Sandals-Beige-Honey-Yellow-(EE2-883)-i.524040819.13302104550?sp_atk=5204f5a6-d2b7-43fd-803c-605dc8242ed1&xptdk=5204f5a6-d2b7-43fd-803c-605dc8242ed1,FitFlop LULU Women's Water-Resistant Sandals - Beige/Honey Yellow (EE2-883),5,04-08-2023
https://shopee.sg/KEEN-Women's-Uneek-Sandal-White-Cap-Cornstalk-i.242190735.7936882525?sp_atk=321eaa22-9831-4c7a-a446-f1c341e2c944&xptdk=321eaa22-9831-4c7a-a446-f1c341e2c944,KEEN Women's Uneek Sandal - White Cap/Cornstalk,5,04-08-2023
https://shopee.sg/Birkenstock-Gizeh-EVA-Unisex-Regular-Width-Sandals-in-Anthracite-(Dark-Gray)-i.46900382.1857176560?sp_atk=1275e942-feac-4b10-aead-587f4e72769a&xptdk=1275e942-feac-4b10-aead-587f4e72769a,Birkenstock Gizeh EVA Unisex Regular Width Sandals in Anthracite (Dark Gray),5,04-08-2023
https://shopee.sg/Aetrex-Rita-Stubs-Sandals-Black-i.292384578.5980396317?sp_atk=f2e863fb-6ccc-492a-a8d3-f232c0a9d7e4&xptdk=f2e863fb-6ccc-492a-a8d3-f232c0a9d7e4,Aetrex Rita Stubs Sandals - Black,5,04-08-2023
https://shopee.sg/Teva-Women's-Original-Universal-Sandal-Sun-and-Moon-Insignia-Blue-(1003987-SAMIB)-i.911403529.23438166821?sp_atk=11d37427-58e5-4ec5-9bb2-d3e49024dfde&xptdk=11d37427-58e5-4ec5-9bb2-d3e49024dfde,Teva Women's Original Universal Sandal - Sun and Moon  Insignia Blue (1003987-SAMIB),5,04-08-2023
https://shopee.sg/Teva-Women's-Original-Universal-Sandal-Wind-Multi-(1003987-WDM)-i.911403529.22614106413?sp_atk=9a76eb1a-aae7-4eb5-8ab6-e7c393675b8e&xptdk=9a76eb1a-aae7-4eb5-8ab6-e7c393675b8e,Teva Women's Original Universal Sandal - Wind Multi (1003987-WDM),5,04-08-2023
https://shopee.sg/Melissa-Possession-Jason-WU-Ladies-Sandals-i.127473736.20820205587?sp_atk=e6a5d00b-a52a-46eb-b7b4-5bff80fc87cd&xptdk=e6a5d00b-a52a-46eb-b7b4-5bff80fc87cd,Melissa Possession + Jason WU Ladies Sandals,5,04-08-2023
https://shopee.sg/Telic-Energy-Flip-Flop-Plantar-Fasciitis-Heel-Pain-Flat-Foot-Orthopedic-Supportive-Shoes-Unisex-i.104311971.3361934314?sp_atk=2c59ece9-42c5-4149-a05e-cada71176790&xptdk=2c59ece9-42c5-4149-a05e-cada71176790,Telic Energy Flip Flop | Plantar Fasciitis / Heel Pain / Flat Foot / Orthopedic Supportive Shoes | Unisex,5,04-08-2023
https://shopee.sg/Nike-Canyon-Men's-Sandal-CI8797-001-i.228636149.14959110539?sp_atk=ff484eaa-05d4-49b7-b5ef-0b261ed2adf2&xptdk=ff484eaa-05d4-49b7-b5ef-0b261ed2adf2,Nike Canyon Men's Sandal CI8797-001,5,04-08-2023
https://shopee.sg/PUMA-Unisex-Popcat-Slide-Sports-Sandals-i.341363989.5065441394?sp_atk=4a20948f-0f73-4e49-be92-790abfe1fdf9&xptdk=4a20948f-0f73-4e49-be92-790abfe1fdf9,PUMA Unisex Popcat Slide Sports Sandals,5,04-08-2023
https://shopee.sg/Teva-Men's-Hurricane-Drift-Sandal-Dark-Olive-(1124073-DOL)-i.911403529.16390897230?sp_atk=5ef63d21-a381-4a36-965c-5a014cefb6f1&xptdk=5ef63d21-a381-4a36-965c-5a014cefb6f1,Teva Men's Hurricane Drift Sandal - Dark Olive (1124073-DOL),5,04-08-2023
https://shopee.sg/Kiki-Fun5-Sandals-In-Pink-W2092-B-i.77422583.2757473383?sp_atk=ca668768-5325-4eda-97a4-968967c8a546&xptdk=ca668768-5325-4eda-97a4-968967c8a546,"Kiki Fun5 Sandals In Pink, W2092-B",5,04-08-2023
https://shopee.sg/Skechers-Men-On-The-GO-GO-Consistent-Synthwave-Walking-Sandals-229035-OLV-Air-Cooled-Goga-Mat-Slipper-Casual-i.84710867.20155615513?sp_atk=774aa33b-ad37-422d-b37a-006c1fbb0495&xptdk=774aa33b-ad37-422d-b37a-006c1fbb0495,"Skechers Men On-The-GO GO Consistent Synthwave Walking Sandals - 229035-OLV - Air-Cooled Goga Mat, Slipper, Casual",5,04-08-2023
https://shopee.sg/Teva-Men's-Hurricane-Verge-Strappy-Sandal-Black-(1121534-BLK)-Hiking-Sandal-i.911403529.20571376489?sp_atk=296fce6c-2bfc-40c1-9b7a-b7977c3dbd3a&xptdk=296fce6c-2bfc-40c1-9b7a-b7977c3dbd3a,Teva Men's Hurricane Verge Strappy Sandal - Black (1121534-BLK) | Hiking Sandal,5,04-08-2023
https://shopee.sg/Havaianas-Women-Flash-Urban-Black-Sandals-i.138141373.9217693784?sp_atk=85303871-1bcf-4a3b-91d8-7835ceb0d2ef&xptdk=85303871-1bcf-4a3b-91d8-7835ceb0d2ef,Havaianas Women Flash Urban - Black Sandals,5,04-08-2023
https://shopee.sg/Shondo-F6-Sport-Women's-Sandals-Fading-Black-White-i.427005440.7686713041?sp_atk=296dce9e-e975-461a-a1dd-3ead6ec70a7c&xptdk=296dce9e-e975-461a-a1dd-3ead6ec70a7c,Shondo F6 Sport Women's Sandals - Fading Black/White,5,04-08-2023
https://shopee.sg/Skechers-Women-Cali-Side-Lines-2-Walking-Sandals-8730072-ORG-i.84710867.15196550126?sp_atk=06dd292f-1bd1-42f2-978e-3898d86d2a43&xptdk=06dd292f-1bd1-42f2-978e-3898d86d2a43,Skechers Women Cali Side Lines 2 Walking Sandals - 8730072-ORG,5,04-08-2023
https://shopee.sg/PUMA-Unisex-Man-City-Leadcat-2.0-Sports-Sandals-i.341363989.19452152495?sp_atk=546e8003-1e26-474c-bcb2-deeef6d37bd8&xptdk=546e8003-1e26-474c-bcb2-deeef6d37bd8,PUMA Unisex Man City Leadcat 2.0 Sports Sandals,5,04-08-2023
https://shopee.sg/Teva-Women's-Midform-Universal-Sandal-Black-(1090969-BLK)-i.911403529.22367112578?sp_atk=f27d36a9-3ac3-4011-a701-1278ca075ad5&xptdk=f27d36a9-3ac3-4011-a701-1278ca075ad5,Teva Women's Midform Universal Sandal - Black (1090969-BLK),5,04-08-2023
https://shopee.sg/Kiki-Kinsley-K2222-Women-T-Bar-Sandals-In-Black-Sizes-35-41-i.77422583.15945035877?sp_atk=17f3e86c-fde3-4df8-ae86-cf322b253570&xptdk=17f3e86c-fde3-4df8-ae86-cf322b253570,"Kiki Kinsley K2222 Women T-Bar Sandals In Black, Sizes 35-41",5,04-08-2023
https://shopee.sg/Melissa-Boemia-Ladies-Sandals-i.127473736.16862856530?sp_atk=bcd70f53-2157-4925-8dbb-b9413396819d&xptdk=bcd70f53-2157-4925-8dbb-b9413396819d,Melissa Boemia  Ladies Sandals,5,04-08-2023
https://shopee.sg/Shondo-F7-Racing-Women's-Sandals-Dark-Blue-White-i.427005440.9745992713?sp_atk=6767f162-9368-47e5-b24c-70ac085b5905&xptdk=6767f162-9368-47e5-b24c-70ac085b5905,Shondo F7 Racing Women's Sandals - Dark Blue/White,5,04-08-2023
https://shopee.sg/BATA-Women-Comfit-Flat-Toe-Post-Slides-571X133-i.324728427.16565539344?sp_atk=dbb5df85-0d38-4f53-a18e-44239f8dfbb7&xptdk=dbb5df85-0d38-4f53-a18e-44239f8dfbb7,BATA Women Comfit Flat Toe-Post Slides 571X133,5,04-08-2023
https://shopee.sg/-COCORO-Japanese-Shoes-Store-AMERICAYA-8206A-Flex-Sole-Slip-on-Sandal-i.690571420.15885264723?sp_atk=ac1dfddf-6258-4921-97a6-2b6d6852b65a&xptdk=ac1dfddf-6258-4921-97a6-2b6d6852b65a,[COCORO Japanese Shoes Store] AMERICAYA 8206A Flex Sole Slip-on Sandal,5,04-08-2023
https://shopee.sg/Havaianas-Women-Sunny-II-Black-Sandals-i.138141373.8167839360?sp_atk=218d7e76-bfad-4265-8211-d657a5fbc631&xptdk=218d7e76-bfad-4265-8211-d657a5fbc631,Havaianas Women Sunny II - Black Sandals,5,04-08-2023
https://shopee.sg/ECCO-DAMARA-POC-WOMEN'S-FLAT-SANDALS-i.456133957.19520146243?sp_atk=958cc5f4-03da-4b42-ab54-590fcfe022f9&xptdk=958cc5f4-03da-4b42-ab54-590fcfe022f9,ECCO DAMARA POC WOMEN'S FLAT SANDALS,5,04-08-2023
https://shopee.sg/ZANETTA-Mallorca-Women-Sandals-i.87193491.4436365269?sp_atk=20d4a01d-53b0-486f-8280-c542e8a41578&xptdk=20d4a01d-53b0-486f-8280-c542e8a41578,ZANETTA Mallorca Women Sandals,5,04-08-2023
https://shopee.sg/Teva-Women's-Hurricane-XLT2-Sandal-Light-Multi-(1019235-LTML)-Hiking-Sandal-i.911403529.22418812287?sp_atk=95925fff-6dad-4eb6-81fd-13ae4a122acc&xptdk=95925fff-6dad-4eb6-81fd-13ae4a122acc,Teva Women's Hurricane XLT2 Sandal - Light Multi (1019235-LTML) | Hiking Sandal,5,04-08-2023
https://shopee.sg/Skechers-Online-Exclusive-Women-On-The-GO-Hyper-Slide-Sandals-140456-NVY-i.84710867.16386920064?sp_atk=1a2b83e2-f06c-43fd-aec3-69325ebebe93&xptdk=1a2b83e2-f06c-43fd-aec3-69325ebebe93,Skechers Online Exclusive Women On-The-GO Hyper Slide Sandals - 140456-NVY,5,04-08-2023
https://shopee.sg/Family-Sandals-Anti-slip-Waterproof.-i.268363008.3968521369?sp_atk=0d69e2fd-10eb-41fe-b5eb-5aa7f5b666a6&xptdk=0d69e2fd-10eb-41fe-b5eb-5aa7f5b666a6,"Family Sandals, Anti-slip, Waterproof.",5,04-08-2023
https://shopee.sg/ECCO-FLOWT-POC-MEN'S-FLAT-SANDALS-i.456133957.15590688375?sp_atk=dd1e441b-0b0f-493e-a266-23e4b3147bcf&xptdk=dd1e441b-0b0f-493e-a266-23e4b3147bcf,ECCO FLOWT POC MEN'S FLAT SANDALS,5,04-08-2023
https://shopee.sg/ZANETTA-Cuenca-Women-Sandals-i.87193491.6036400294?sp_atk=ab1d8927-41ff-4256-b4e4-9c1e0fbffe19&xptdk=ab1d8927-41ff-4256-b4e4-9c1e0fbffe19,ZANETTA Cuenca Women Sandals,5,04-08-2023
https://shopee.sg/Kiki-Fun5-Sandals-In-Black-W2092-B-i.77422583.2757461178?sp_atk=a76234e5-2c88-42f3-a264-9ccb3360bf2c&xptdk=a76234e5-2c88-42f3-a264-9ccb3360bf2c,"Kiki Fun5 Sandals In Black, W2092-B",5,04-08-2023
https://shopee.sg/KEEN-Women's-Newport-H2-Sandal-Original-Tie-Dye-i.242190735.10216772658?sp_atk=bca73bae-2502-425c-a999-92b381ecb94b&xptdk=bca73bae-2502-425c-a999-92b381ecb94b,KEEN Women's Newport H2 Sandal - Original/Tie Dye,5,04-08-2023
https://shopee.sg/Skechers-Online-Exclusive-Women-Foamies-Darvon-Hartleb-Walking-Sandals-8730071-WBK-i.84710867.20037579763?sp_atk=3a5b2408-e235-4549-a635-026b4007111a&xptdk=3a5b2408-e235-4549-a635-026b4007111a,Skechers Online Exclusive Women Foamies Darvon Hartleb Walking Sandals - 8730071-WBK,5,04-08-2023
https://shopee.sg/Teva-Women's-Zymic-Sandal-Black-(1124039-BLK)-Travel-Sandal-i.911403529.20171108459?sp_atk=d0878c64-490f-446d-b2b3-fd39d896635a&xptdk=d0878c64-490f-446d-b2b3-fd39d896635a,Teva Women's Zymic Sandal - Black (1124039-BLK) | Travel Sandal,5,04-08-2023
https://shopee.sg/Teva-Women's-Midform-Universal-Sandal-Clay-Multi-(1090969-CYM)-i.911403529.22214106727?sp_atk=720053fa-b187-4b4e-816c-1b8d49791964&xptdk=720053fa-b187-4b4e-816c-1b8d49791964,Teva Women's Midform Universal Sandal - Clay Multi (1090969-CYM),5,04-08-2023
https://shopee.sg/Skechers-Women-Cali-Pop-Ups-Undisturbed-Sandals-119250-NVY-Hanger-Optional-Machine-Washable-Luxe-Foam-Vegan-i.84710867.20925462818?sp_atk=dfdee519-53db-49e7-97c8-5bd2902979f6&xptdk=dfdee519-53db-49e7-97c8-5bd2902979f6,"Skechers Women Cali Pop Ups Undisturbed Sandals - 119250-NVY Hanger Optional, Machine Washable, Luxe Foam, Vegan",5,04-08-2023
https://shopee.sg/Melissa-Mar-II-Ladie's-Sandals-i.127473736.18666332162?sp_atk=fb3adbea-8f2c-41a7-96f8-5e12cb7c7e13&xptdk=fb3adbea-8f2c-41a7-96f8-5e12cb7c7e13,Melissa Mar II Ladie's Sandals,5,04-08-2023
https://shopee.sg/Teva-Men's-Hurricane-XLT2-Sandal-Black-(1019234-BLK)-Hiking-Sandal-i.911403529.18071377860?sp_atk=34c7f4a8-8f7f-4cbc-9098-87b96985a78a&xptdk=34c7f4a8-8f7f-4cbc-9098-87b96985a78a,Teva Men's Hurricane XLT2 Sandal - Black (1019234-BLK) | Hiking Sandal,5,04-08-2023
https://shopee.sg/Skechers-Men-Foamies-Arch-Fit-Easy-Break-Walking-Sandals-243156-CHOC-Slipper-Casual-i.84710867.21232641391?sp_atk=0c7edc0a-3e77-46aa-8d7a-63e9c65aa993&xptdk=0c7edc0a-3e77-46aa-8d7a-63e9c65aa993,"Skechers Men Foamies Arch Fit Easy Break Walking Sandals - 243156-CHOC - Slipper, Casual",5,04-08-2023
https://shopee.sg/Kiki-Elena-K2198-5-Women-Flat-Duo-Bands-Sandals-In-Black-Sizes-36-41-i.77422583.14415132919?sp_atk=e337a6e9-d6ff-46e5-9e89-742019cf3a88&xptdk=e337a6e9-d6ff-46e5-9e89-742019cf3a88,"Kiki Elena K2198-5 Women Flat Duo Bands Sandals In Black, Sizes 36-41",5,04-08-2023
https://shopee.sg/BATA-Men-Weinbrenner-Sandals-861X321-i.324728427.18231425640?sp_atk=d070a3b8-7ceb-4c23-bc0d-7e44b7fab649&xptdk=d070a3b8-7ceb-4c23-bc0d-7e44b7fab649,BATA Men Weinbrenner Sandals 861X321,6,04-08-2023
https://shopee.sg/Skechers-Women-Cali-Pop-Ups-Undisturbed-Sandals-119250-SLT-Hanger-Optional-Machine-Washable-Luxe-Foam-Vegan-i.84710867.23112762085?sp_atk=cc3bdd62-ab25-4e9d-8bcd-8fbd2c756e95&xptdk=cc3bdd62-ab25-4e9d-8bcd-8fbd2c756e95,"Skechers Women Cali Pop Ups Undisturbed Sandals - 119250-SLT Hanger Optional, Machine Washable, Luxe Foam, Vegan",6,04-08-2023
https://shopee.sg/ZANETTA-Barcelona-Women-Sandals-i.87193491.4436374285?sp_atk=3bf5e4e5-a80d-4228-9308-b9aefad2f337&xptdk=3bf5e4e5-a80d-4228-9308-b9aefad2f337,ZANETTA Barcelona Women Sandals,6,04-08-2023
https://shopee.sg/Teva-Men's-Hurricane-Verge-Strappy-Sandal-Golden-Orange-(1121534-GORNG)-Hiking-Sandal-i.911403529.21371376500?sp_atk=7f327b73-0518-494f-abee-b10fc22d9d99&xptdk=7f327b73-0518-494f-abee-b10fc22d9d99,Teva Men's Hurricane Verge Strappy Sandal - Golden Orange (1121534-GORNG) | Hiking Sandal,6,04-08-2023
https://shopee.sg/BATA-Women-Comfit-Wedged-Sandals-661X836-i.324728427.13791854277?sp_atk=f26d60f0-b139-4e89-ba47-ff84a4918102&xptdk=f26d60f0-b139-4e89-ba47-ff84a4918102,BATA Women Comfit Wedged Sandals 661X836,6,04-08-2023
https://shopee.sg/ECCO-ONROADS-POC-MEN'S-FLAT-SANDALS-i.456133957.21930412227?sp_atk=a0a5f5b9-a07d-45bb-b2fb-5446faeb2bbc&xptdk=a0a5f5b9-a07d-45bb-b2fb-5446faeb2bbc,ECCO ONROADS POC MEN'S FLAT SANDALS,6,04-08-2023
https://shopee.sg/ZANETTA-Cuenca-Women-Sandals-i.87193491.7936066656?sp_atk=6528220a-77d9-4296-a347-48b0fe802724&xptdk=6528220a-77d9-4296-a347-48b0fe802724,ZANETTA Cuenca Women Sandals,6,04-08-2023
https://shopee.sg/New-Balance-DynaSoft-200v2-Mens-Sandals-D-i.82375312.23032299588?sp_atk=7c74d38f-999b-4c3f-b2a1-dde5d16d98b4&xptdk=7c74d38f-999b-4c3f-b2a1-dde5d16d98b4,New Balance DynaSoft 200v2 Mens Sandals D,6,04-08-2023
https://shopee.sg/Skechers-Men-Foamies-Arch-Fit-Arch-Fit-Foamies-Walking-Sandals-243158-CHAR-Slipper-Casual-i.84710867.15051968935?sp_atk=1fe69e3a-ac2d-4a5f-8dcf-832ed6c6c51b&xptdk=1fe69e3a-ac2d-4a5f-8dcf-832ed6c6c51b,"Skechers Men Foamies Arch Fit Arch Fit Foamies Walking Sandals - 243158-CHAR - Slipper, Casual",6,04-08-2023
https://shopee.sg/Mini-Melissa-Wide-Sandal-II-Baby-Sandals-i.127473736.10181691612?sp_atk=6c1dc57f-8c00-46c8-97d3-f4a0856c8466&xptdk=6c1dc57f-8c00-46c8-97d3-f4a0856c8466,Mini Melissa Wide Sandal II Baby  Sandals,6,04-08-2023
https://shopee.sg/Melissa-Lucy-Ladies-Flat-Sandals-i.127473736.18973147597?sp_atk=28e0d82b-b39f-40fd-99fe-1a20a0720609&xptdk=28e0d82b-b39f-40fd-99fe-1a20a0720609,Melissa Lucy Ladies Flat Sandals,6,04-08-2023
https://shopee.sg/ZANETTA-Murcia-Women-Sandals-i.87193491.1507525471?sp_atk=fe5381ae-ef65-4eb4-ba82-c18c0d888b1d&xptdk=fe5381ae-ef65-4eb4-ba82-c18c0d888b1d,ZANETTA Murcia Women Sandals,6,04-08-2023
https://shopee.sg/BATA-Men-Weinbrenner-Active-Sandals-861X122-i.324728427.11992591017?sp_atk=9d1d1a49-8efb-49da-9bea-a25baa411d7e&xptdk=9d1d1a49-8efb-49da-9bea-a25baa411d7e,BATA Men Weinbrenner Active Sandals 861X122,6,04-08-2023
https://shopee.sg/ECCO-YUCATAN-WOMEN'S-SANDALS-i.456133957.15036644718?sp_atk=63e88dd9-4716-4c85-8b3e-49e8a2a4b7c3&xptdk=63e88dd9-4716-4c85-8b3e-49e8a2a4b7c3,ECCO YUCATAN WOMEN'S SANDALS,6,04-08-2023
https://shopee.sg/NEW-BALANCE-SDL750O2-Sandals-Olive-Black-(LF)-i.280432311.20517683883?sp_atk=46ee4c55-b100-478b-bd89-37a59434f986&xptdk=46ee4c55-b100-478b-bd89-37a59434f986,NEW BALANCE SDL750O2 Sandals Olive Black (LF),6,04-08-2023
https://shopee.sg/Birkenstock-Arizona-EVA-Men's-Regular-Width-Sandals-In-Anthracite-(Dark-Gray)-i.46900382.2275005046?sp_atk=f1f00f14-7744-475c-9652-2c1aedcd3eb3&xptdk=f1f00f14-7744-475c-9652-2c1aedcd3eb3,Birkenstock Arizona EVA Men's Regular Width Sandals In Anthracite (Dark Gray),6,04-08-2023
https://shopee.sg/Geox-Men-Shoes-Sandal-U-Artie-Black-i.267920682.7745989852?sp_atk=ce506045-7efa-4429-afdf-f0f98f802cb0&xptdk=ce506045-7efa-4429-afdf-f0f98f802cb0,Geox Men Shoes Sandal U Artie Black,6,04-08-2023
https://shopee.sg/Shondo-F6-Sport-Women's-Sandals-Smooth-Green-i.427005440.4886715171?sp_atk=adccf0ff-ea94-475c-a6f3-3be8f0c1ec92&xptdk=adccf0ff-ea94-475c-a6f3-3be8f0c1ec92,Shondo F6 Sport Women's Sandals - Smooth/Green,6,04-08-2023
https://shopee.sg/Birkenstock-Arizona-Birko-Flor-SFB-Men's-Regular-Width-Sandals-in-Desert-Soil-Camo-Green-i.46900382.18846013408?sp_atk=59a39b34-72f5-4e4f-9508-1fb596638271&xptdk=59a39b34-72f5-4e4f-9508-1fb596638271,Birkenstock Arizona Birko-Flor SFB Men's Regular Width Sandals in Desert Soil Camo Green,6,04-08-2023
https://shopee.sg/Moda-Paolo-Women-Slippers-in-2-Colours-(662)-i.82022023.21828726124?sp_atk=29a5a646-4a9f-4113-8023-fb3fb1be310f&xptdk=29a5a646-4a9f-4113-8023-fb3fb1be310f,Moda Paolo Women Slippers in 2 Colours (662),6,04-08-2023
https://shopee.sg/Skechers-Online-Exclusive-Men-Outdoor-Side-Lines-2.0-Breaker-Trail-Hiking-Sandals-8790164-NVY-i.84710867.17292727031?sp_atk=00730891-5fdf-4a70-baf9-83b31236b6b1&xptdk=00730891-5fdf-4a70-baf9-83b31236b6b1,Skechers Online Exclusive Men Outdoor Side Lines 2.0 Breaker Trail & Hiking Sandals - 8790164-NVY,6,04-08-2023
https://shopee.sg/Kiki-Ivy-K2221-Women-Flat-Sandals-In-Navy-Sizes-35-41-i.77422583.13273330300?sp_atk=14ecd5eb-a351-4e50-becf-5de3e3752760&xptdk=14ecd5eb-a351-4e50-becf-5de3e3752760,"Kiki Ivy K2221 Women Flat Sandals In Navy, Sizes 35-41",6,04-08-2023
https://shopee.sg/Shondo-F6-Sport-Men's-Sandals-Navy-Green-i.427005440.3986805367?sp_atk=dc3a5dfe-e9d5-4cd9-a89e-89b560c8429b&xptdk=dc3a5dfe-e9d5-4cd9-a89e-89b560c8429b,Shondo F6 Sport Men's Sandals - Navy Green,6,04-08-2023
https://shopee.sg/Melissa-Possession-Ladies-Sandal's-i.127473736.20835814857?sp_atk=0a3b8466-7149-4592-97cc-67cd43df4197&xptdk=0a3b8466-7149-4592-97cc-67cd43df4197,Melissa Possession Ladies Sandal's,6,04-08-2023
https://shopee.sg/ZANETTA-Madrid-Women-Sandals-i.87193491.1500363495?sp_atk=0c58cf9b-fc62-4e75-8b75-dc47f46d55c3&xptdk=0c58cf9b-fc62-4e75-8b75-dc47f46d55c3,ZANETTA Madrid Women Sandals,6,04-08-2023
https://shopee.sg/Birkenstock-Florida-Birko-Flor-Soft-Footbed-Unisex-Regular-Width-Sandals-in-Black-i.46900382.2422951532?sp_atk=91571064-165a-4bef-bf2b-c67f4f7ae8de&xptdk=91571064-165a-4bef-bf2b-c67f4f7ae8de,Birkenstock Florida Birko-Flor Soft Footbed Unisex Regular Width Sandals in Black,6,04-08-2023
https://shopee.sg/FitFlop-LULU-Women's-Leather-Toepost-Sandals-White-(I88-024)-i.524040819.10744714460?sp_atk=dfb58496-6e45-4f65-9612-8d54364f4e61&xptdk=dfb58496-6e45-4f65-9612-8d54364f4e61,FitFlop LULU Women's Leather Toepost Sandals - White (I88-024),6,04-08-2023
https://shopee.sg/-COCORO-Japanese-Shoes-Store-COCORO-1010-Duo-way-Thong-Sandal-i.690571420.12481988486?sp_atk=1162350f-b3c8-45f7-8863-8c379e52c119&xptdk=1162350f-b3c8-45f7-8863-8c379e52c119,[COCORO Japanese Shoes Store] COCORO 1010 Duo-way Thong Sandal,6,04-08-2023
https://shopee.sg/Birkenstock-Milano-Birko-Flor-Unisex-Regular-Width-Sandals-in-Black-i.46900382.6468162152?sp_atk=3a535395-88cf-426f-aa52-5e186598a172&xptdk=3a535395-88cf-426f-aa52-5e186598a172,Birkenstock Milano Birko-Flor Unisex Regular Width Sandals in Black,6,04-08-2023
https://shopee.sg/BATA-Women-Slippers-671X235-i.324728427.16965540142?sp_atk=cbbed388-c7b7-45bd-bafa-c37f0711f75f&xptdk=cbbed388-c7b7-45bd-bafa-c37f0711f75f,BATA Women Slippers 671X235,6,04-08-2023
https://shopee.sg/PAZZION-6529-6-Embellished-Strappy-Open-Toe-Sandals-i.261446965.14491655595?sp_atk=f219dd3e-05df-491d-a849-dd67be377ea5&xptdk=f219dd3e-05df-491d-a849-dd67be377ea5,PAZZION 6529-6 Embellished Strappy Open Toe Sandals,6,04-08-2023
https://shopee.sg/Moda-Paolo-Women-Slippers-in-2-Colours-(510)-i.82022023.15991151463?sp_atk=bc25c85a-7a48-4485-9f2a-6ceba47cc602&xptdk=bc25c85a-7a48-4485-9f2a-6ceba47cc602,Moda Paolo Women Slippers in 2 Colours (510),6,04-08-2023
https://shopee.sg/ECCO-ONROADS-POC-WOMEN'S-FLAT-SANDALS-i.456133957.18430373231?sp_atk=b592acf4-05ed-4e39-923c-948953590ba8&xptdk=b592acf4-05ed-4e39-923c-948953590ba8,ECCO ONROADS POC WOMEN'S FLAT SANDALS,6,04-08-2023
https://shopee.sg/Skechers-Women-Demon-Slayer-Pop-Ups-Bold-Together-Walking-Sandals-800012-BKW-i.84710867.22719017801?sp_atk=8f263d53-41cf-4ff7-b314-a3bd958e2cff&xptdk=8f263d53-41cf-4ff7-b314-a3bd958e2cff,Skechers Women Demon Slayer Pop Ups Bold Together Walking Sandals - 800012-BKW,6,04-08-2023
https://shopee.sg/Birkenstock-Arizona-Natural-Leather-Unisex-Regular-Width-Sandals-in-Blue-i.46900382.1394462642?sp_atk=3d4b15dc-9bd8-4cd4-9170-f90bc1fa7ffb&xptdk=3d4b15dc-9bd8-4cd4-9170-f90bc1fa7ffb,Birkenstock Arizona Natural Leather Unisex Regular Width Sandals in Blue,6,04-08-2023
https://shopee.sg/Ripples-Astrial-Aztec-Laser-Embossed-Ladies-Sandals-(More-Colours)-i.28337387.5252497191?sp_atk=93db4646-dca8-4022-b333-6ed1f53872cf&xptdk=93db4646-dca8-4022-b333-6ed1f53872cf,Ripples Astrial Aztec Laser Embossed Ladies Sandals (More Colours),6,04-08-2023
https://shopee.sg/Adidas-Comfort-Infant-Sandal-Clear-Pink-Super-Pop-Cloud-White-Color-i.273536930.3085270449?sp_atk=7747dcfb-9ebc-43cd-8dc4-fd84acaa6408&xptdk=7747dcfb-9ebc-43cd-8dc4-fd84acaa6408,Adidas Comfort Infant Sandal Clear Pink/Super Pop/Cloud White Color,6,04-08-2023
https://shopee.sg/FitFlop-LULU-Women's-Sequined-Slide-Sandals-Midnight-Navy-(FL8-399)-Dark-Blue-i.524040819.18845946810?sp_atk=8a029637-46ec-4da3-8985-94b795bddfbe&xptdk=8a029637-46ec-4da3-8985-94b795bddfbe,FitFlop LULU Women's Sequined Slide Sandals - Midnight Navy (FL8-399) Dark Blue,6,04-08-2023
https://shopee.sg/Teva-Men's-Hurricane-4-Sandal-Black-(1093379-BLK)-Hiking-Sandal-i.911403529.21371375915?sp_atk=0b3d43e5-4a6b-47a8-ac06-d5dc3ca3fe94&xptdk=0b3d43e5-4a6b-47a8-ac06-d5dc3ca3fe94,Teva Men's Hurricane 4 Sandal - Black (1093379-BLK) | Hiking Sandal,6,04-08-2023
https://shopee.sg/Melissa-Sun-Torrance-Ladies-Sandals-i.127473736.22719159667?sp_atk=586da2b4-9947-4262-8ba4-dcb71e7f4a07&xptdk=586da2b4-9947-4262-8ba4-dcb71e7f4a07,Melissa Sun Torrance Ladies Sandals,6,04-08-2023
https://shopee.sg/Teva-Women's-Hurricane-XLT2-Sandal-Diamond-Air-Blue-(1019235-DABL)-i.911403529.22214106725?sp_atk=fab83f8f-3a82-41e5-ad1c-2af873c1e6a8&xptdk=fab83f8f-3a82-41e5-ad1c-2af873c1e6a8,Teva Women's Hurricane XLT2 Sandal - Diamond Air Blue (1019235-DABL),6,04-08-2023
https://shopee.sg/Mix-Match-Own-Favourite-Style-Anti-Slip-Sandals-i.268363008.3193480820?sp_atk=392d0519-8ca3-4046-aa6c-149174be3341&xptdk=392d0519-8ca3-4046-aa6c-149174be3341,Mix & Match Own Favourite Style Anti Slip Sandals,6,04-08-2023
https://shopee.sg/BATA-Men-Weinbrenner-Active-Sandals-874X223-i.324728427.9286308301?sp_atk=35d575a7-3acd-442c-ba59-58634eab2c71&xptdk=35d575a7-3acd-442c-ba59-58634eab2c71,BATA Men Weinbrenner Active Sandals 874X223,6,04-08-2023
https://shopee.sg/Kiki-Loreen-Women-T-Bar-Sandals-With-Crystals-In-Black-BF396-12-i.77422583.9359685841?sp_atk=28ab5a98-2e68-4dc4-8002-013dfd69f96d&xptdk=28ab5a98-2e68-4dc4-8002-013dfd69f96d,"Kiki Loreen Women T-Bar Sandals With Crystals In Black, BF396-12",6,04-08-2023
https://shopee.sg/-Walk-Safari-Singapore-SM1656-Ladies-Vibrant-Colour-Genuine-Leather-sandals-i.114866093.7132997752?sp_atk=83a5705b-5ecb-43c7-9bd3-34d25b597386&xptdk=83a5705b-5ecb-43c7-9bd3-34d25b597386,[Walk Safari Singapore SM1656] Ladies Vibrant Colour Genuine Leather sandals,6,04-08-2023
https://shopee.sg/Skechers-Men-On-The-GO-GOwalk-6-Walking-Sandals-894211-BBK-i.84710867.19179439000?sp_atk=690eea35-0cab-4553-8bd8-01a8d9137a3e&xptdk=690eea35-0cab-4553-8bd8-01a8d9137a3e,Skechers Men On-The-GO GOwalk 6 Walking Sandals - 894211-BBK,6,04-08-2023
https://shopee.sg/ZANETTA-Cordoba-Women-Sandals-i.87193491.1500363570?sp_atk=7495e2f3-a3da-4f84-b897-00739dd779c5&xptdk=7495e2f3-a3da-4f84-b897-00739dd779c5,ZANETTA Cordoba Women Sandals,6,04-08-2023
https://shopee.sg/ZANETTA-Seville-Men-Sandals-i.87193491.1511758134?sp_atk=4f349c15-a276-4274-a233-3a4956420c79&xptdk=4f349c15-a276-4274-a233-3a4956420c79,ZANETTA Seville Men Sandals,6,04-08-2023
https://shopee.sg/BATA-Women-Comfit-Toe-Post-Sandals-571X249-i.324728427.20740285550?sp_atk=d296069d-95b3-4bba-81c9-64defa6e9161&xptdk=d296069d-95b3-4bba-81c9-64defa6e9161,BATA Women Comfit Toe Post Sandals 571X249,6,04-08-2023
https://shopee.sg/Skechers-Women-Foamies-Arch-Fit-Wave-Lovable-Walking-Sandals-111435-LIL-Arch-Fit-Machine-Washable-i.84710867.22733317649?sp_atk=6b9172b6-3276-4cf5-8da5-70a87ec96f1d&xptdk=6b9172b6-3276-4cf5-8da5-70a87ec96f1d,"Skechers Women Foamies Arch Fit Wave Lovable Walking Sandals - 111435-LIL Arch Fit, Machine Washable",6,04-08-2023
https://shopee.sg/Skechers-Women-Foamies-Top-Level-Sandals-111450-LAV-i.84710867.17994299695?sp_atk=a08ab329-37be-4eed-ba30-efd5f955b307&xptdk=a08ab329-37be-4eed-ba30-efd5f955b307,Skechers Women Foamies Top-Level Sandals - 111450-LAV,6,04-08-2023
https://shopee.sg/Skechers-Men-On-The-GO-GOwalk-Flex-Vallejo-Walking-Sandals-229202-TPMT-Flex-Machine-Washable-Ultra-Go-i.84710867.22239656797?sp_atk=2b9eb395-ba78-4138-9694-732eb060a79a&xptdk=2b9eb395-ba78-4138-9694-732eb060a79a,"Skechers Men On-The-GO GOwalk Flex Vallejo Walking Sandals - 229202-TPMT Flex, Machine Washable, Ultra Go",6,04-08-2023
https://shopee.sg/Everbest-Women-Shoes-QH8823-Platform-Stiletto-Heel-Sandals-i.273529824.17888466817?sp_atk=dfccd34c-8fe8-4301-b087-d87b9bb205cb&xptdk=dfccd34c-8fe8-4301-b087-d87b9bb205cb,Everbest Women Shoes - QH8823 Platform Stiletto Heel Sandals,6,04-08-2023
https://shopee.sg/Skechers-Men-On-The-GO-GOwalk-Arch-Fit-Walking-Sandals-229020-BKCC-i.84710867.22368621228?sp_atk=41423c6f-1cf2-46c1-9aa8-f59360592ddd&xptdk=41423c6f-1cf2-46c1-9aa8-f59360592ddd,Skechers Men On-The-GO GOwalk Arch Fit Walking Sandals - 229020-BKCC,6,04-08-2023
https://shopee.sg/Teva-Men's-Hurricane-Verge-Slide-Sandal-Black-(1136230-BLK)-Sporty-Sandal-i.911403529.18671109844?sp_atk=f478274d-1c01-4ded-b317-61189fd8488c&xptdk=f478274d-1c01-4ded-b317-61189fd8488c,Teva Men's Hurricane Verge Slide Sandal - Black (1136230-BLK) | Sporty Sandal,6,04-08-2023
https://shopee.sg/Melissa-Bae-stylish-Ladie's-Sandals-i.127473736.22918425357?sp_atk=879effb5-4349-445d-8c15-fa1bf12be59c&xptdk=879effb5-4349-445d-8c15-fa1bf12be59c,Melissa Bae stylish Ladie's Sandals,6,04-08-2023
https://shopee.sg/Skechers-Men-On-The-GO-GOwalk-6-Walking-Sandals-894212-GYOR-i.84710867.21779427496?sp_atk=d38acbe8-7aa2-4ab9-826c-f07872e4b80e&xptdk=d38acbe8-7aa2-4ab9-826c-f07872e4b80e,Skechers Men On-The-GO GOwalk 6 Walking Sandals - 894212-GYOR,6,04-08-2023
https://shopee.sg/ZANETTA-Pamplona-Women-Sandals-i.87193491.1508163309?sp_atk=50aee1c0-bd27-4c78-b8f3-e3d07ff210a1&xptdk=50aee1c0-bd27-4c78-b8f3-e3d07ff210a1,ZANETTA Pamplona Women Sandals,6,04-08-2023
https://shopee.sg/KEEN-Men's-Zerraport-II-Sandal-Safari-Black-i.242190735.12534808616?sp_atk=ea3c7fd9-27ef-4350-8179-e0e2ebd1176c&xptdk=ea3c7fd9-27ef-4350-8179-e0e2ebd1176c,KEEN Men's Zerraport II Sandal - Safari/Black,6,04-08-2023
https://shopee.sg/FitFlop-GOGH-MOC-Men's-Adjustable-Leather-Slide-Sandals-Midnight-Navy-(L05-399)-i.524040819.12002065369?sp_atk=76e161c0-51f4-421e-911c-f57c49a3aeb7&xptdk=76e161c0-51f4-421e-911c-f57c49a3aeb7,FitFlop GOGH MOC Men's Adjustable Leather Slide Sandals - Midnight Navy (L05-399),6,04-08-2023
