https://shopee.sg/Under-Armour-UA-Women's-Charged-Pursuit-3-Running-Shoes-i.252648730.22131472422?sp_atk=2d412e2e-adae-4b11-a6ee-6a2719a5380b&xptdk=2d412e2e-adae-4b11-a6ee-6a2719a5380b,Under Armour UA Women's Charged Pursuit 3 Running Shoes,1,04-08-2023
https://shopee.sg/Under-Armour-UA-Men's-Charged-Rogue-3-Knit-Running-Shoes-i.252648730.23730982432?sp_atk=f5863b3b-d713-42f6-b84d-ff599febe6bb&xptdk=f5863b3b-d713-42f6-b84d-ff599febe6bb,Under Armour UA Men's Charged Rogue 3 Knit Running Shoes,1,04-08-2023
https://shopee.sg/Skechers-Men-Sport-Flection-2.0-Floma-Shoes-8790148-NVY-Memory-Foam-i.84710867.22368628734?sp_atk=3e724746-664b-4e25-ac92-3b10633db051&xptdk=3e724746-664b-4e25-ac92-3b10633db051,Skechers Men Sport Flection 2.0 Floma Shoes - 8790148-NVY Memory Foam,1,04-08-2023
https://shopee.sg/Under-Armour-UA-Women's-Charged-Impulse-3-Running-Shoes-i.252648730.18956556308?sp_atk=27aa7701-6af9-4ca7-bace-dc1186b0e9a4&xptdk=27aa7701-6af9-4ca7-bace-dc1186b0e9a4,Under Armour UA Women's Charged Impulse 3 Running Shoes,1,04-08-2023
https://shopee.sg/Under-Armour-UA-Mens'-Flow-Velociti-Wind-2-Running-Shoes-i.252648730.22026560549?sp_atk=8d8cab03-ec80-42e2-aecb-44feee0a2de9&xptdk=8d8cab03-ec80-42e2-aecb-44feee0a2de9,Under Armour UA Mens' Flow Velociti Wind 2 Running Shoes,1,04-08-2023
https://shopee.sg/Skechers-Women-On-The-GO-Dreamy-City-Chic-Walking-Shoes-136251-BBK-Air-Cooled-Goga-Mat-Sneakers-Sport-i.84710867.21871551056?sp_atk=31e60cac-27c3-4360-92d5-3803d7f31be0&xptdk=31e60cac-27c3-4360-92d5-3803d7f31be0,"Skechers Women On-The-GO Dreamy City Chic Walking Shoes - 136251-BBK - Air-Cooled Goga Mat, Sneakers, Sport",1,04-08-2023
https://shopee.sg/PUMA-Softride-Sophia-Women's-Running-Shoes-i.341363989.23907410462?sp_atk=7212a64d-48c4-4464-83b9-5aa0a09cc472&xptdk=7212a64d-48c4-4464-83b9-5aa0a09cc472,PUMA Softride Sophia Women's Running Shoes,1,04-08-2023
https://shopee.sg/Skechers-Men-Sport-Flection-Kelvis-Shoes-8790194-BBK-Memory-Foam-i.84710867.23870481264?sp_atk=3580c8c6-3de4-4521-a8f4-6ef357cfc01f&xptdk=3580c8c6-3de4-4521-a8f4-6ef357cfc01f,Skechers Men Sport Flection Kelvis Shoes - 8790194-BBK Memory Foam,1,04-08-2023
https://shopee.sg/Skechers-Online-Exclusive-Women-Sport-Social-Muse-Walking-Shoes-8730031-BBK-i.84710867.15550101348?sp_atk=45602277-b56b-4462-8df2-4a64f016a633&xptdk=45602277-b56b-4462-8df2-4a64f016a633,Skechers Online Exclusive Women Sport Social Muse Walking Shoes - 8730031-BBK,1,04-08-2023
https://shopee.sg/Skechers-Women-Sport-Active-Arch-Fit-Refine-Don't-Go-Shoes-104164-BBK-Arch-Fit-Machine-Washable-Stretch-Fit-Vegan-i.84710867.22024559530?sp_atk=f3a1fe9a-911a-459a-807c-f4125156a5ad&xptdk=f3a1fe9a-911a-459a-807c-f4125156a5ad,"Skechers Women Sport Active Arch Fit Refine Don't Go Shoes - 104164-BBK Arch Fit, Machine Washable, Stretch Fit, Vegan",1,04-08-2023
https://shopee.sg/Under-Armour-UA-Women's-Charged-Pursuit3-Running-Shoes-i.252648730.20987984275?sp_atk=6d225ac8-1bfa-48d6-98c5-e703f6d3127d&xptdk=6d225ac8-1bfa-48d6-98c5-e703f6d3127d,Under Armour UA Women's Charged Pursuit3 Running Shoes,1,04-08-2023
https://shopee.sg/Skechers-Women-BOBS-Sport-B-Flex-Color-Connect-Walking-Shoes-117121-LAV-Memory-Foam-Machine-Washable-Stretch-Fit-i.84710867.19634712609?sp_atk=3346bba6-e68d-4131-959c-f6eeebf7f8c9&xptdk=3346bba6-e68d-4131-959c-f6eeebf7f8c9,"Skechers Women BOBS Sport B Flex Color Connect Walking Shoes - 117121-LAV Memory Foam Machine Washable,Stretch Fit",1,04-08-2023
https://shopee.sg/Skechers-Men-Sport-Flection-Shoes-8790087-BBK-Air-Cooled-Memory-Foam-i.84710867.23428519350?sp_atk=a535acc3-279d-4529-80c7-181fddefa271&xptdk=a535acc3-279d-4529-80c7-181fddefa271,Skechers Men Sport Flection Shoes - 8790087-BBK Air-Cooled Memory Foam,1,04-08-2023
https://shopee.sg/Under-Armour-UA-Women's-HOVR-™-Turbulence-Running-Shoes-i.252648730.20774449238?sp_atk=9fae7c46-4f69-4f0f-a4ba-00967a10843a&xptdk=9fae7c46-4f69-4f0f-a4ba-00967a10843a,Under Armour UA Women's HOVR ™ Turbulence Running Shoes,1,04-08-2023
https://shopee.sg/PUMA-Enzo-Sport-Men's-Running-Shoes-i.341363989.10915653313?sp_atk=fead42b4-876c-4ced-bc79-5824cd2cfbc3&xptdk=fead42b4-876c-4ced-bc79-5824cd2cfbc3,PUMA Enzo Sport Men's Running Shoes,1,04-08-2023
https://shopee.sg/Under-Armour-UA-Women's-Charged-Escape-4-Running-Shoes-i.252648730.19156555763?sp_atk=215031ff-61ce-48fb-a62a-7d3e8ba1539f&xptdk=215031ff-61ce-48fb-a62a-7d3e8ba1539f,Under Armour UA Women's Charged Escape 4 Running Shoes,1,04-08-2023
https://shopee.sg/Skechers-Online-Exclusive-Women-Sport-Graceful-2.0-Joy-Space-Walking-Shoes-8730018-GYLP-Memory-Foam-i.84710867.13175793090?sp_atk=bbf3d654-bfa8-4704-a888-45336f913b6d&xptdk=bbf3d654-bfa8-4704-a888-45336f913b6d,Skechers Online Exclusive Women Sport Graceful 2.0 Joy-Space Walking Shoes - 8730018-GYLP Memory Foam,1,04-08-2023
https://shopee.sg/ASICS-Women-GEL-CHALLENGER-13-Tennis-Shoes-in-White-Cranberry-i.455553838.19876220258?sp_atk=3b649d60-bc32-4d2c-8503-5572e282ad83&xptdk=3b649d60-bc32-4d2c-8503-5572e282ad83,ASICS Women GEL-CHALLENGER 13 Tennis Shoes in White/Cranberry,1,04-08-2023
https://shopee.sg/Power-Women-Running-Shoe-509X973-i.324728427.23123447367?sp_atk=8c307b29-a83c-4a28-ade1-d5968b7dcb44&xptdk=8c307b29-a83c-4a28-ade1-d5968b7dcb44,Power Women Running Shoe 509X973,1,04-08-2023
https://shopee.sg/Moda-Paolo-Women-Sport-Shoes-in-2-Colors-(36Y)-i.82022023.1673047662?sp_atk=b63b89e9-08c0-45d7-9472-b112b76b1136&xptdk=b63b89e9-08c0-45d7-9472-b112b76b1136,Moda Paolo Women Sport Shoes in 2 Colors (36Y),1,04-08-2023
https://shopee.sg/adidas-Running-Run-Falcon-2.0-Shoes-Women-White-FY9621-i.265436651.9384081265?sp_atk=0b5bbb47-39f2-4ccc-9651-c43f6f2b8001&xptdk=0b5bbb47-39f2-4ccc-9651-c43f6f2b8001,adidas Running Run Falcon 2.0 Shoes Women White FY9621,1,04-08-2023
https://shopee.sg/Under-Armour-UA-Women's-Charged-Bandit-TR-2-Running-Shoes-i.252648730.23027429326?sp_atk=ffb89d71-31d7-4760-88f1-2dde07837947&xptdk=ffb89d71-31d7-4760-88f1-2dde07837947,Under Armour UA Women's Charged Bandit TR 2 Running Shoes,1,04-08-2023
https://shopee.sg/Under-Armour-UA-Women's-Charged-Rogues-3-Running-Shoes-i.252648730.23066706011?sp_atk=175ec81a-0d79-4b48-8ea6-dfc0cfd5bd30&xptdk=175ec81a-0d79-4b48-8ea6-dfc0cfd5bd30,Under Armour UA Women's Charged Rogues 3 Running Shoes,1,04-08-2023
https://shopee.sg/ASICS-Women-GEL-EXCITE-9-Running-Shoes-in-Piedmont-Grey-Sea-Glass-i.455553838.21057030936?sp_atk=dae237b7-2cff-4948-9ef3-cac547a10205&xptdk=dae237b7-2cff-4948-9ef3-cac547a10205,ASICS Women GEL-EXCITE 9 Running Shoes in Piedmont Grey/Sea Glass,1,04-08-2023
https://shopee.sg/ASICS-Men-GEL-CONTEND-8-Running-Shoes-in-Black-White-i.455553838.20557031229?sp_atk=fce2b031-7036-4c44-8f01-78e30b438dd8&xptdk=fce2b031-7036-4c44-8f01-78e30b438dd8,ASICS Men GEL-CONTEND 8 Running Shoes in Black/White,1,04-08-2023
https://shopee.sg/Under-Armour-UA-Women's-Charged-Assert-9-Running-Shoes-i.252648730.12805431185?sp_atk=f5075055-3532-4a97-a9c8-0e8bb88903bc&xptdk=f5075055-3532-4a97-a9c8-0e8bb88903bc,Under Armour UA Women's Charged Assert 9 Running Shoes,1,04-08-2023
https://shopee.sg/Under-Armour-UA-Men's-HOVR™-Infinite-4-Running-Shoes-i.252648730.19472262170?sp_atk=f5a9ea23-7dfd-48b9-b775-7b8516b9bc68&xptdk=f5a9ea23-7dfd-48b9-b775-7b8516b9bc68,Under Armour UA Men's HOVR™ Infinite 4 Running Shoes,1,04-08-2023
https://shopee.sg/ASICS-Men-GEL-CONTEND-SL-Running-Shoes-in-Black-Black-i.455553838.23305500822?sp_atk=91e37743-2736-40f0-8463-2c80426c538c&xptdk=91e37743-2736-40f0-8463-2c80426c538c,ASICS Men GEL-CONTEND SL Running Shoes in Black/Black,1,04-08-2023
https://shopee.sg/Skechers-Women-Sport-D'Lux-Fitness-Perfect-Timing-Shoes-149836-NVMT-Air-Cooled-Memory-Foam-Relaxed-Fit-i.84710867.14493036957?sp_atk=5f839149-a9b7-42b8-b8e2-3cd9f10dcdc8&xptdk=5f839149-a9b7-42b8-b8e2-3cd9f10dcdc8,Skechers Women Sport D'Lux Fitness Perfect Timing Shoes - 149836-NVMT Air-Cooled Memory Foam Relaxed Fit,1,04-08-2023
https://shopee.sg/Power-Men-Running-Shoes-Nx-Walk-Jola-809X360-i.324728427.19575940689?sp_atk=7e41b2f8-861b-48ae-8204-b9f7e91470cf&xptdk=7e41b2f8-861b-48ae-8204-b9f7e91470cf,Power Men Running Shoes Nx-Walk Jola 809X360,1,04-08-2023
https://shopee.sg/Skechers-Women-Sport-Graceful-2.0-Sanya-Shoes-8730082-TPE-Memory-Foam-i.84710867.22468628415?sp_atk=37bac8d1-bad1-4907-8b3f-d9fba9c8bab7&xptdk=37bac8d1-bad1-4907-8b3f-d9fba9c8bab7,Skechers Women Sport Graceful 2.0 Sanya Shoes - 8730082-TPE Memory Foam,1,04-08-2023
https://shopee.sg/Under-Armour-UA-Women's-HOVR™-Phantom-3-Reflect-Running-Shoes-i.252648730.23726497346?sp_atk=ca1f5f25-cdbc-4eef-b5d9-41127a1d69d9&xptdk=ca1f5f25-cdbc-4eef-b5d9-41127a1d69d9,Under Armour UA Women's HOVR™ Phantom 3 Reflect Running Shoes,1,04-08-2023
https://shopee.sg/ON-Men-Cloudflyer-4-Running-Shoes-Glacier-Meadow-i.258374675.22944322600?sp_atk=01d3b606-be8b-4061-92bf-abc1432eebbd&xptdk=01d3b606-be8b-4061-92bf-abc1432eebbd,ON Men Cloudflyer 4 Running Shoes - Glacier / Meadow,1,04-08-2023
https://shopee.sg/Under-Armour-UA-Women's-HOVR™-Phantom-3-Metallic-Running-Shoes-i.252648730.14296549051?sp_atk=4b57e7bb-577a-4601-90b0-8d1787027fb6&xptdk=4b57e7bb-577a-4601-90b0-8d1787027fb6,Under Armour UA Women's HOVR™ Phantom 3 Metallic Running Shoes,1,04-08-2023
https://shopee.sg/Kappa-Authentic-Sport-Flyknit-Shoes-KAAFA928-i.88612805.19634680705?sp_atk=a6bdc364-cc45-46e7-8cdf-1b8269675734&xptdk=a6bdc364-cc45-46e7-8cdf-1b8269675734,Kappa Authentic Sport Flyknit Shoes KAAFA928,1,04-08-2023
https://shopee.sg/Skechers-Women-Sport-Graceful-2.0-Sanya-Shoes-8730082-GRY-Memory-Foam-i.84710867.22568628337?sp_atk=e235ceff-8446-4021-8177-0e6e58163c77&xptdk=e235ceff-8446-4021-8177-0e6e58163c77,Skechers Women Sport Graceful 2.0 Sanya Shoes - 8730082-GRY Memory Foam,1,04-08-2023
https://shopee.sg/Under-Armour-UA-Men's-UA-Charged-Vantage-2-Running-Shoes-i.252648730.22665581911?sp_atk=673b09a9-31c3-4ab3-9f72-81ff09e1c89f&xptdk=673b09a9-31c3-4ab3-9f72-81ff09e1c89f,Under Armour UA Men's UA Charged Vantage 2 Running Shoes,1,04-08-2023
https://shopee.sg/adidas-Running-EQ19-Run-Shoes-Women-White-H68092-i.265436651.20577137536?sp_atk=df5df617-24d5-4ba7-a8d9-5f115c305279&xptdk=df5df617-24d5-4ba7-a8d9-5f115c305279,adidas Running EQ19 Run Shoes Women White H68092,1,04-08-2023
https://shopee.sg/Skechers-Online-Exclusive-Women-Sport-Roseate-Look-Club-Shoes-8730064-WPK-Memory-Foam-i.84710867.22141404543?sp_atk=bf15f3d4-2541-4df8-8445-dd329f6ffa4b&xptdk=bf15f3d4-2541-4df8-8445-dd329f6ffa4b,Skechers Online Exclusive Women Sport Roseate Look Club Shoes - 8730064-WPK Memory Foam,1,04-08-2023
https://shopee.sg/ASICS-Women-GEL-CONTEND-SL-Running-Shoes-in-Black-Black-i.455553838.19162495661?sp_atk=07b82837-51b6-4ae2-8bf6-a20116b8cc61&xptdk=07b82837-51b6-4ae2-8bf6-a20116b8cc61,ASICS Women GEL-CONTEND SL Running Shoes in Black/Black,1,04-08-2023
https://shopee.sg/Under-Armour-UA-Unisex-HOVR™-Ridge-Trek-Trail-Running-Shoes-i.252648730.21774084993?sp_atk=248a7655-e8e9-42b6-a0ab-1cb66ef0e573&xptdk=248a7655-e8e9-42b6-a0ab-1cb66ef0e573,Under Armour UA Unisex HOVR™ Ridge Trek Trail Running Shoes,1,04-08-2023
https://shopee.sg/Under-Armour-UA-Women's-HOVR™-Turbulence-Running-Shoes-i.252648730.20572280125?sp_atk=8dbfe8f4-17db-41cd-b34b-ce7339ccf39c&xptdk=8dbfe8f4-17db-41cd-b34b-ce7339ccf39c,Under Armour UA Women's HOVR™ Turbulence Running Shoes,1,04-08-2023
https://shopee.sg/Under-Armour-UA-Women's-Mojo-2-Sportstyle-Shoe-i.252648730.20457483471?sp_atk=137cddd6-fd4a-4d60-8466-c8e78b9039e9&xptdk=137cddd6-fd4a-4d60-8466-c8e78b9039e9,Under Armour UA Women's Mojo 2 Sportstyle Shoe,1,04-08-2023
https://shopee.sg/Under-Armour-UA-Women's-Charged-Breeze-Running-Shoes-i.252648730.16570721572?sp_atk=2edbd838-9ed4-4560-88b5-c99253c79054&xptdk=2edbd838-9ed4-4560-88b5-c99253c79054,Under Armour UA Women's Charged Breeze Running Shoes,1,04-08-2023
https://shopee.sg/Under-Armour-UA-Men-Charged-Verssert-Speckle-Running-Shoes-i.252648730.23830982253?sp_atk=e01b93e0-9870-4fff-a440-d0ae2cd2742f&xptdk=e01b93e0-9870-4fff-a440-d0ae2cd2742f,Under Armour UA Men Charged Verssert Speckle Running Shoes,1,04-08-2023
https://shopee.sg/Moda-Paolo-Men-Sports-Shoes-in-2-Colours-(601)-i.82022023.21238356597?sp_atk=99318147-8137-4c5c-a049-acf56d17ae7f&xptdk=99318147-8137-4c5c-a049-acf56d17ae7f,Moda Paolo Men Sports Shoes in 2 Colours (601),1,04-08-2023
https://shopee.sg/Under-Armour-UA-Unisex-HOVR-™-Ridge-Trail-Running-Shoes-i.252648730.17292910726?sp_atk=9fe9687d-68d5-45a0-b882-3b8443e94185&xptdk=9fe9687d-68d5-45a0-b882-3b8443e94185,Under Armour UA Unisex HOVR ™ Ridge Trail Running Shoes,1,04-08-2023
https://shopee.sg/Skechers-Online-Exclusive-Women-On-The-GO-Flex-Remedy-Walking-Shoes-136500-NVY-Air-Cooled-Goga-Mat-Sneakers-Sport-i.84710867.23423933149?sp_atk=8c6a5a35-5ddc-4911-a20c-d338e3e6739c&xptdk=8c6a5a35-5ddc-4911-a20c-d338e3e6739c,"Skechers Online Exclusive Women On-The-GO Flex Remedy Walking Shoes - 136500-NVY - Air-Cooled Goga Mat, Sneakers, Sport",1,04-08-2023
https://shopee.sg/Salomon-Men-Speedcross-6-Wide-Running-Shoes-Black-Black-Phantom-i.382766669.19970943579?sp_atk=ce5267c8-0f1f-4322-bfa7-978fc981130d&xptdk=ce5267c8-0f1f-4322-bfa7-978fc981130d,Salomon Men Speedcross 6 Wide Running Shoes - Black/Black/Phantom,1,04-08-2023
https://shopee.sg/adidas-Running-Duramo-SL-Shoes-Men-White-FW7391-i.265436651.7345588718?sp_atk=29f7fbe7-8d2c-482d-ba65-6ad26191681b&xptdk=29f7fbe7-8d2c-482d-ba65-6ad26191681b,adidas Running Duramo SL Shoes Men White FW7391,1,04-08-2023
https://shopee.sg/adidas-Running-Duramo-9-Shoes-Men-Grey-EG8662-i.265436651.9573477583?sp_atk=7663bca5-90a7-44b0-8594-5e6ab727242d&xptdk=7663bca5-90a7-44b0-8594-5e6ab727242d,adidas Running Duramo 9 Shoes Men Grey EG8662,1,04-08-2023
https://shopee.sg/Moda-Paolo-Women-Sport-Shoes-in-2-Colors-(119)-i.82022023.8497268228?sp_atk=9ef41405-c20f-4b78-9552-74e95f7fcc16&xptdk=9ef41405-c20f-4b78-9552-74e95f7fcc16,Moda Paolo Women Sport Shoes in 2 Colors (119),1,04-08-2023
https://shopee.sg/PUMA-Scorch-Runner-Men's-Running-Shoes-(Gray)-i.341363989.22342426349?sp_atk=85ea018c-5c14-4a57-809f-2b1565cbcfa6&xptdk=85ea018c-5c14-4a57-809f-2b1565cbcfa6,PUMA Scorch Runner Men's Running Shoes (Gray),1,04-08-2023
https://shopee.sg/Adidas-Running-Shoes-Lightwieght-Cloudfoam-midsole-i.158170818.3196647467?sp_atk=409d4e38-4d0b-4c2e-beea-4cf5913ffad0&xptdk=409d4e38-4d0b-4c2e-beea-4cf5913ffad0,Adidas Running Shoes Lightwieght Cloudfoam midsole,1,04-08-2023
https://shopee.sg/ASICS-Men-HYPER-SPEED-Running-Shoes-in-Shocking-Orange-Black-i.455553838.17592504176?sp_atk=672fc289-a5e4-4ae9-88d0-eec441591a86&xptdk=672fc289-a5e4-4ae9-88d0-eec441591a86,ASICS Men HYPER SPEED Running Shoes in Shocking Orange/Black,1,04-08-2023
https://shopee.sg/Under-Armour-UA-Men's-Moj-2-Sportstyle-Shoe-i.252648730.20657483495?sp_atk=b7fa5fc9-91c6-4473-9e97-e6c02dfb7951&xptdk=b7fa5fc9-91c6-4473-9e97-e6c02dfb7951,Under Armour UA Men's Moj 2 Sportstyle Shoe,1,04-08-2023
https://shopee.sg/adidas-Running-Response-Super-3.0-Shoes-Women-Black-GW6692-i.265436651.18572580469?sp_atk=179cbe8d-a943-414d-9c41-204d81678c9e&xptdk=179cbe8d-a943-414d-9c41-204d81678c9e,adidas Running Response Super 3.0 Shoes Women Black GW6692,1,04-08-2023
https://shopee.sg/PUMA-Unisex-NRGY-Star-Running-Shoes-i.341363989.5888917345?sp_atk=ace669d6-e447-42fc-9ea3-89afb1cc98df&xptdk=ace669d6-e447-42fc-9ea3-89afb1cc98df,PUMA Unisex NRGY Star Running Shoes,1,04-08-2023
https://shopee.sg/Under-Armour-Men-UA-Charged-Pursuit-3-Running-Shoes-i.252648730.16915169397?sp_atk=fa5bdcf5-30f0-4346-a896-f32a4c5fd450&xptdk=fa5bdcf5-30f0-4346-a896-f32a4c5fd450,Under Armour Men UA Charged Pursuit 3 Running Shoes,1,04-08-2023
https://shopee.sg/Skechers-Women-Sport-Arch-Fit-Modern-Rhythm-Shoes-149717-NVLV-Air-Cooled-Arch-Fit-Machine-Washable-Vegan-i.84710867.17741241148?sp_atk=36d905b8-98d4-460c-8bfe-aa012af42c7e&xptdk=36d905b8-98d4-460c-8bfe-aa012af42c7e,"Skechers Women Sport Arch Fit Modern Rhythm Shoes - 149717-NVLV Air-Cooled, Arch Fit, Machine Washable, Vegan",1,04-08-2023
https://shopee.sg/Skechers-Women-Sport-Arch-Fit-Modern-Rhythm-Shoes-149717-NVLV-Air-Cooled-Arch-Fit-Machine-Washable-Vegan-i.84710867.17741241148?sp_atk=c0151872-ca41-40f5-b394-8e811186cb6e&xptdk=c0151872-ca41-40f5-b394-8e811186cb6e,"Skechers Women Sport Arch Fit Modern Rhythm Shoes - 149717-NVLV Air-Cooled, Arch Fit, Machine Washable, Vegan",2,04-08-2023
https://shopee.sg/Skechers-Women-Sport-Skech-Air-Dynamight-Mad-Dash-Shoes-149757-NAT-Memory-Foam-Breathable-Machine-Washable-Vegan-i.84710867.19088991323?sp_atk=1773495a-90dc-4fa6-88e7-f7bca9fdadfd&xptdk=1773495a-90dc-4fa6-88e7-f7bca9fdadfd,"Skechers Women Sport Skech-Air Dynamight Mad Dash Shoes - 149757-NAT Memory Foam Breathable, Machine Washable, Vegan",2,04-08-2023
https://shopee.sg/ASICS-Men-SOLUTION-SPEED-FF-2-Tennis-Shoes-in-White-Tuna-Blue-i.455553838.20488085636?sp_atk=e20bd03e-c88e-4c0e-a156-b0e36dea99d1&xptdk=e20bd03e-c88e-4c0e-a156-b0e36dea99d1,ASICS Men SOLUTION SPEED FF 2 Tennis Shoes in White/Tuna Blue,2,04-08-2023
https://shopee.sg/adidas-Running-Duramo-SL-Shoes-Men-White-FW7391-i.265436651.7345588718?sp_atk=cedfa33e-6e2a-4b4e-a8c7-d0add7734277&xptdk=cedfa33e-6e2a-4b4e-a8c7-d0add7734277,adidas Running Duramo SL Shoes Men White FW7391,2,04-08-2023
https://shopee.sg/ASICS-Women-TRAIL-SCOUT-2-Trail-Running-Shoes-in-Indigo-Blue-Light-Sage-i.455553838.22666055603?sp_atk=a02a1e62-b3b0-4ed7-928c-24dd0f6e04cf&xptdk=a02a1e62-b3b0-4ed7-928c-24dd0f6e04cf,ASICS Women TRAIL SCOUT 2 Trail Running Shoes in Indigo Blue/Light Sage,2,04-08-2023
https://shopee.sg/Under-Armour-UA-Men's-HOVR™-Infinite-4-Running-Shoes-i.252648730.19472262170?sp_atk=2f45b747-aee9-4a5d-8b30-79ac03dda3c4&xptdk=2f45b747-aee9-4a5d-8b30-79ac03dda3c4,Under Armour UA Men's HOVR™ Infinite 4 Running Shoes,2,04-08-2023
https://shopee.sg/Under-Armour-UA-Women's-HOVR™-Phantom-3-Metallic-Running-Shoes-i.252648730.14296549051?sp_atk=cf4e83ee-a5e4-4f4e-a3ec-f81af67fa38d&xptdk=cf4e83ee-a5e4-4f4e-a3ec-f81af67fa38d,Under Armour UA Women's HOVR™ Phantom 3 Metallic Running Shoes,2,04-08-2023
https://shopee.sg/adidas-Running-Duramo-SL-2.0-Shoes-Women-Pink-HP2389-i.265436651.23641364364?sp_atk=59d19f1a-3ad9-4c1c-8db7-1b8f8d39214e&xptdk=59d19f1a-3ad9-4c1c-8db7-1b8f8d39214e,adidas Running Duramo SL 2.0 Shoes Women Pink HP2389,2,04-08-2023
https://shopee.sg/adidas-Running-Run-Falcon-2.0-Shoes-Men-White-G58098-i.265436651.11840427212?sp_atk=aaab53a7-ba5e-4781-8b6d-44fb3fffef33&xptdk=aaab53a7-ba5e-4781-8b6d-44fb3fffef33,adidas Running Run Falcon 2.0 Shoes Men White G58098,2,04-08-2023
https://shopee.sg/ON-Men-Cloudflow-Training-Shoes-Meadow-White-i.258374675.19989389236?sp_atk=2778af3e-2601-4433-bca2-def2d68d9898&xptdk=2778af3e-2601-4433-bca2-def2d68d9898,ON Men Cloudflow Training Shoes - Meadow / White,2,04-08-2023
https://shopee.sg/adidas-Running-Racer-TR21-Shoes-Men-Black-GX0902-i.265436651.19172578735?sp_atk=eae72155-6322-4cf4-ba29-d03eea182e23&xptdk=eae72155-6322-4cf4-ba29-d03eea182e23,adidas Running Racer TR21 Shoes Men Black GX0902,2,04-08-2023
https://shopee.sg/adidas-Running-Run-Falcon-2.0-Shoes-Men-Grey-GX8240-i.265436651.23022231917?sp_atk=4c340288-b146-4478-8241-a706b1824ca2&xptdk=4c340288-b146-4478-8241-a706b1824ca2,adidas Running Run Falcon 2.0 Shoes Men Grey GX8240,2,04-08-2023
https://shopee.sg/Skechers-Men-Sport-D'Lux-Fitness-Perfect-Timing-walking-Shoes-232359-BKW-Air-Cooled-Memory-Foam-Relaxed-Fit-i.84710867.11397650837?sp_atk=81ec630b-31a4-4ca3-9806-3a9bd614e728&xptdk=81ec630b-31a4-4ca3-9806-3a9bd614e728,Skechers Men Sport D'Lux Fitness Perfect Timing walking Shoes - 232359-BKW Air-Cooled Memory Foam Relaxed Fit,2,04-08-2023
https://shopee.sg/PUMA-Unisex-Aviator-ProFoam-Sky-Running-Shoes-i.341363989.23212493386?sp_atk=a7234cdf-d4fb-474b-811f-0cb200c1939f&xptdk=a7234cdf-d4fb-474b-811f-0cb200c1939f,PUMA Unisex Aviator ProFoam Sky Running Shoes,2,04-08-2023
https://shopee.sg/ASICS-Men-GEL-CHALLENGER-13-Tennis-Shoes-in-Black-Electric-Blue-i.455553838.21376208925?sp_atk=a5d5f0dd-2931-469c-81e7-28a65be56b78&xptdk=a5d5f0dd-2931-469c-81e7-28a65be56b78,ASICS Men GEL-CHALLENGER 13 Tennis Shoes in Black/Electric Blue,2,04-08-2023
https://shopee.sg/Under-Armour-UA-Women's-HOVR™-Infinite-4-Running-Shoes-i.252648730.23021385640?sp_atk=ce334e88-7375-434f-a6f7-bc00f3b5e943&xptdk=ce334e88-7375-434f-a6f7-bc00f3b5e943,Under Armour UA Women's HOVR™ Infinite 4 Running Shoes,2,04-08-2023
https://shopee.sg/Skechers-Women-Sport-D'Lux-Fitness-Perfect-Timing-Shoes-149836-NVMT-Air-Cooled-Memory-Foam-Relaxed-Fit-i.84710867.14493036957?sp_atk=94c4d6e1-1ee5-4e91-a4ce-b1f07d713981&xptdk=94c4d6e1-1ee5-4e91-a4ce-b1f07d713981,Skechers Women Sport D'Lux Fitness Perfect Timing Shoes - 149836-NVMT Air-Cooled Memory Foam Relaxed Fit,2,04-08-2023
https://shopee.sg/adidas-Running-Runfalcon-3.0-Shoes-Women-White-HP7561-i.265436651.19572580072?sp_atk=2aab8ea6-6d72-4032-b5b3-168b6251a7ea&xptdk=2aab8ea6-6d72-4032-b5b3-168b6251a7ea,adidas Running Runfalcon 3.0 Shoes Women White HP7561,2,04-08-2023
https://shopee.sg/PUMA-Unisex-Amare-Running-Shoes-(Black)-i.341363989.23727911624?sp_atk=78b5b4af-56ba-476a-a6ce-77e737003237&xptdk=78b5b4af-56ba-476a-a6ce-77e737003237,PUMA Unisex Amare Running Shoes (Black),2,04-08-2023
https://shopee.sg/ASICS-Men-PATRIOT-13-Running-Shoes-in-Island-Blue-White-i.455553838.23718109065?sp_atk=f91c42cf-24f1-4517-962b-c4af45e7dbd8&xptdk=f91c42cf-24f1-4517-962b-c4af45e7dbd8,ASICS Men PATRIOT 13 Running Shoes in Island Blue/White,2,04-08-2023
https://shopee.sg/ASICS-Women-GEL-VENTURE-9-Trail-Running-Shoes-in-Ivy-Papaya-i.455553838.23222234482?sp_atk=a0ae86d5-7716-48e0-90ee-0cfd2c58b83b&xptdk=a0ae86d5-7716-48e0-90ee-0cfd2c58b83b,ASICS Women GEL-VENTURE 9 Trail Running Shoes in Ivy/Papaya,2,04-08-2023
https://shopee.sg/Under-Armour-UA-Women's-Charged-Escape-4-Running-Shoes-i.252648730.19156555763?sp_atk=fc3de6c2-5ca9-4f0a-80a4-b174bfc98ce8&xptdk=fc3de6c2-5ca9-4f0a-80a4-b174bfc98ce8,Under Armour UA Women's Charged Escape 4 Running Shoes,2,04-08-2023
https://shopee.sg/Skechers-Online-Exclusive-Men-Sport-Summits-Torre-walking-Shoes-232395-BKCC-Memory-Foam-Machine-Washable-i.84710867.16190690744?sp_atk=7b6bd095-1343-4a05-90b9-9d0c33387fe7&xptdk=7b6bd095-1343-4a05-90b9-9d0c33387fe7,Skechers Online Exclusive Men Sport Summits Torre walking Shoes - 232395-BKCC Memory Foam Machine Washable,2,04-08-2023
https://shopee.sg/Skechers-Women-Sport-Active-Arch-Fit-Refine-Don't-Go-Shoes-104164-SLT-Arch-Fit-Machine-Washable-Stretch-Fit-Vegan-i.84710867.17092726551?sp_atk=8e5daf6d-d3d0-446f-9e1b-70e0bbe6ed5a&xptdk=8e5daf6d-d3d0-446f-9e1b-70e0bbe6ed5a,"Skechers Women Sport Active Arch Fit Refine Don't Go Shoes - 104164-SLT Arch Fit, Machine Washable, Stretch Fit, Vegan",2,04-08-2023
https://shopee.sg/Skechers-Men-Sport-D'Lux-Fitness-Roam-Free-walking-Shoes-232358-TPE-Air-Cooled-Memory-Foam-Machine-Washable-i.84710867.21309573790?sp_atk=32251285-b4f5-4a71-825d-36e0349b27f1&xptdk=32251285-b4f5-4a71-825d-36e0349b27f1,Skechers Men Sport D'Lux Fitness Roam Free walking Shoes - 232358-TPE Air-Cooled Memory Foam Machine Washable,2,04-08-2023
https://shopee.sg/ASICS-Women-NOVABLAST-2-LE-Running-Shoes-in-Deep-Plum-Barely-Rose-i.455553838.21750009425?sp_atk=6605960d-daf6-4309-9d35-becd844637db&xptdk=6605960d-daf6-4309-9d35-becd844637db,ASICS Women NOVABLAST 2 LE Running Shoes in Deep Plum/Barely Rose,2,04-08-2023
https://shopee.sg/ASICS-Men-GEL-KAYANO-29-PLATINUM-Running-Shoes-in-Black-Black-i.455553838.23166058509?sp_atk=18d76a43-c18c-49d1-9919-520b6b6ec4a7&xptdk=18d76a43-c18c-49d1-9919-520b6b6ec4a7,ASICS Men GEL-KAYANO 29 PLATINUM Running Shoes in Black/Black,2,04-08-2023
https://shopee.sg/ASICS-Men-DYNABLAST-2-Running-Shoes-in-Lake-Drive-Hazard-Green-i.455553838.17373339307?sp_atk=6f8d38e5-97de-474a-808a-3c947d6db9ff&xptdk=6f8d38e5-97de-474a-808a-3c947d6db9ff,ASICS Men DYNABLAST 2 Running Shoes in Lake Drive/Hazard Green,2,04-08-2023
https://shopee.sg/Skechers-Online-Exclusive-Women-Sport-Arch-Fit-Big-Appeal-Shoes-149057-NVCL-Sneakers-Sport-i.84710867.19509568402?sp_atk=c36c152b-802c-4428-a8d3-78b750503ead&xptdk=c36c152b-802c-4428-a8d3-78b750503ead,"Skechers Online Exclusive Women Sport Arch Fit Big Appeal Shoes - 149057-NVCL - Sneakers, Sport",2,04-08-2023
https://shopee.sg/Skechers-Online-Exclusive-Women-Sport-Lander-S-Petal-Pusher-Shoes-149895-BKW-Air-Cooled-Memory-Foam-Goodyear-Rubber-i.84710867.21838935709?sp_atk=6c99c8a1-30eb-4522-aa3e-0d88d59a283b&xptdk=6c99c8a1-30eb-4522-aa3e-0d88d59a283b,Skechers Online Exclusive Women Sport Lander S Petal Pusher Shoes - 149895-BKW Air-Cooled Memory Foam Goodyear Rubber,2,04-08-2023
https://shopee.sg/ADIDAS-RUN-FALCON-2.0-G58098-i.228636149.19234880977?sp_atk=a71e872f-a0c0-42c4-9ad5-ccc73c3d74eb&xptdk=a71e872f-a0c0-42c4-9ad5-ccc73c3d74eb,ADIDAS RUN FALCON 2.0 G58098,2,04-08-2023
https://shopee.sg/ASICS-Women-GEL-KAYANO-29-Running-Shoes-in-White-Sea-Glass-i.455553838.21789167995?sp_atk=9afc2513-49d3-4965-892a-bbdff8279c13&xptdk=9afc2513-49d3-4965-892a-bbdff8279c13,ASICS Women GEL-KAYANO 29 Running Shoes in White/Sea Glass,2,04-08-2023
https://shopee.sg/adidas-Running-Adistar-2.0-Shoes-Men-Black-HP2335-i.265436651.22322232532?sp_atk=a6775836-15e5-4c5e-8ced-05b238264493&xptdk=a6775836-15e5-4c5e-8ced-05b238264493,adidas Running Adistar 2.0 Shoes Men Black HP2335,2,04-08-2023
https://shopee.sg/Skechers-Online-Exclusive-Women-Sport-Skech-Lite-Pro-High-Journey-Shoes-149993-GYBL-Air-Cooled-Memory-Foam-i.84710867.21030377215?sp_atk=fc1e2f5c-6c6f-4412-9005-e18141b68d88&xptdk=fc1e2f5c-6c6f-4412-9005-e18141b68d88,Skechers Online Exclusive Women Sport Skech-Lite Pro High Journey Shoes - 149993-GYBL Air-Cooled Memory Foam,2,04-08-2023
https://shopee.sg/adidas-Running-Runfalcon-3.0-Shoes-Women-Grey-HP7564-i.265436651.15498738654?sp_atk=7c7e656f-9a1d-426c-9eaf-8af351e0769b&xptdk=7c7e656f-9a1d-426c-9eaf-8af351e0769b,adidas Running Runfalcon 3.0 Shoes Women Grey HP7564,2,04-08-2023
https://shopee.sg/Under-Armour-UA-Women's-Charged-Pursuit-3-Running-Shoes-i.252648730.22131472422?sp_atk=c88ef693-95ec-4221-be59-60d303aae098&xptdk=c88ef693-95ec-4221-be59-60d303aae098,Under Armour UA Women's Charged Pursuit 3 Running Shoes,2,04-08-2023
https://shopee.sg/Under-Armour-UA-Unisex-HOVR™-Ridge-Trek-Trail-Running-Shoes-i.252648730.21774084993?sp_atk=a49145c8-fdb1-4b0d-a32b-60d30f493159&xptdk=a49145c8-fdb1-4b0d-a32b-60d30f493159,Under Armour UA Unisex HOVR™ Ridge Trek Trail Running Shoes,2,04-08-2023
https://shopee.sg/Skechers-Women-Sport-Skech-Air-Court-Good-News-Shoes-149945-NTGR-Air-Cooled-Memory-Foam-Machine-Washable-Skech-Air-i.84710867.22241408969?sp_atk=fd78eec3-bf52-4973-a00c-b80c4335e190&xptdk=fd78eec3-bf52-4973-a00c-b80c4335e190,"Skechers Women Sport Skech-Air Court Good News Shoes - 149945-NTGR Air-Cooled Memory Foam Machine Washable, Skech-Air",2,04-08-2023
https://shopee.sg/Under-Armour-UA-Men's-Charged-Rogue-3-Knit-Running-Shoes-i.252648730.23730982432?sp_atk=6f15abbb-bd1c-49f3-bf3a-302b0a8d87b5&xptdk=6f15abbb-bd1c-49f3-bf3a-302b0a8d87b5,Under Armour UA Men's Charged Rogue 3 Knit Running Shoes,2,04-08-2023
https://shopee.sg/adidas-Running-EQ21-Run-Shoes-Men-Grey-H00519-i.265436651.18348035402?sp_atk=0236b235-5db8-4997-8424-8bf876fd19cf&xptdk=0236b235-5db8-4997-8424-8bf876fd19cf,adidas Running EQ21 Run Shoes Men Grey H00519,2,04-08-2023
https://shopee.sg/adidas-Tennis-Advantage-Shoes-Men-White-GW9161-i.265436651.19472579375?sp_atk=cbe5df58-9d61-4958-b9b0-c830bc59b2e5&xptdk=cbe5df58-9d61-4958-b9b0-c830bc59b2e5,adidas Tennis Advantage Shoes Men White GW9161,2,04-08-2023
https://shopee.sg/Skechers-Women-Sport-Active-Arch-Fit-Vista-Gleaming-Shoes-104377-PNK-Air-Cooled-Arch-Fit-Machine-Washable-Vegan-i.84710867.23343138962?sp_atk=d0a2a2fb-b216-4f10-9072-369e9cd14eda&xptdk=d0a2a2fb-b216-4f10-9072-369e9cd14eda,"Skechers Women Sport Active Arch Fit Vista Gleaming Shoes - 104377-PNK Air-Cooled, Arch Fit, Machine Washable, Vegan",2,04-08-2023
https://shopee.sg/PUMA-Softride-Enzo-NXT-Women's-Running-Shoes-i.341363989.20651615867?sp_atk=fa47cc5e-4c07-444b-8277-efc4106731e4&xptdk=fa47cc5e-4c07-444b-8277-efc4106731e4,PUMA Softride Enzo NXT Women's Running Shoes,2,04-08-2023
https://shopee.sg/ASICS-Women-GEL-EXCITE-9-Running-Shoes-in-Piedmont-Grey-Sea-Glass-i.455553838.21057030936?sp_atk=a09c7b39-3053-4b08-8d48-0d4e87f31794&xptdk=a09c7b39-3053-4b08-8d48-0d4e87f31794,ASICS Women GEL-EXCITE 9 Running Shoes in Piedmont Grey/Sea Glass,2,04-08-2023
https://shopee.sg/ASICS-Men-GEL-CONTEND-8-Running-Shoes-in-Indigo-Blue-Island-Blue-i.455553838.21071128540?sp_atk=1579ef82-890a-49c3-8a66-6ec0cc5ddaa3&xptdk=1579ef82-890a-49c3-8a66-6ec0cc5ddaa3,ASICS Men GEL-CONTEND 8 Running Shoes in Indigo Blue/Island Blue,2,04-08-2023
https://shopee.sg/ASICS-Men-GEL-RESOLUTION-8-Tennis-Shoes-in-Velvet-Pine-White-i.455553838.19179151356?sp_atk=6897eeba-f05d-44b2-a270-6244375020c1&xptdk=6897eeba-f05d-44b2-a270-6244375020c1,ASICS Men GEL-RESOLUTION 8 Tennis Shoes in Velvet Pine/White,2,04-08-2023
https://shopee.sg/Skechers-Women-Sport-D'Lux-Fitness-Perfect-Timing-Shoes-149836-BKMT-Air-Cooled-Memory-Foam-Relaxed-Fit-i.84710867.14593036931?sp_atk=80c4fa70-25b2-4e26-b657-e3ba2c18c454&xptdk=80c4fa70-25b2-4e26-b657-e3ba2c18c454,Skechers Women Sport D'Lux Fitness Perfect Timing Shoes - 149836-BKMT Air-Cooled Memory Foam Relaxed Fit,2,04-08-2023
https://shopee.sg/PUMA-Softride-Ruby-Deco-Glam-Women's-Running-Shoes-i.341363989.17888678185?sp_atk=84173b56-2fa4-4c09-a3da-298671e9d9b0&xptdk=84173b56-2fa4-4c09-a3da-298671e9d9b0,PUMA Softride Ruby Deco Glam Women's Running Shoes,2,04-08-2023
https://shopee.sg/ASICS-Men-GT-2000-10-Running-Shoes-in-Deep-Ocean-Amber-i.455553838.20771129171?sp_atk=758a6ba9-88ac-4ee7-b965-e1bbf7d1f2a2&xptdk=758a6ba9-88ac-4ee7-b965-e1bbf7d1f2a2,ASICS Men GT-2000 10 Running Shoes in Deep Ocean/Amber,2,04-08-2023
https://shopee.sg/Under-Armour-UA-Unisex-HOVR™-Phantom-3-Storm-Running-Shoes-i.252648730.22226492634?sp_atk=70c685a6-129e-49a7-a619-c36ae5ca8701&xptdk=70c685a6-129e-49a7-a619-c36ae5ca8701,Under Armour UA Unisex HOVR™ Phantom 3 Storm Running Shoes,2,04-08-2023
https://shopee.sg/adidas-Running-Runfalcon-3.0-Shoes-Men-White-HQ3789-i.265436651.12498197146?sp_atk=d9c61c4a-b07c-4ee7-9261-72fb6560235c&xptdk=d9c61c4a-b07c-4ee7-9261-72fb6560235c,adidas Running Runfalcon 3.0 Shoes Men White HQ3789,2,04-08-2023
https://shopee.sg/Skechers-Men-Sport-Summits-Louvin-Shoes-232186-BBK-Memory-Foam-Machine-Washable-i.84710867.23415943006?sp_atk=921aea40-e37f-4468-81b4-bbd4628e9037&xptdk=921aea40-e37f-4468-81b4-bbd4628e9037,"Skechers Men Sport Summits Louvin Shoes - 232186-BBK Memory Foam 
Machine Washable",2,04-08-2023
https://shopee.sg/Skechers-Men-Slip-Ins-Sport-Ultra-Flex-3.0-Shoes-232451-NVOR-Air-Cooled-Memory-Foam-i.84710867.22944996487?sp_atk=fa418a53-e781-48cc-b1ce-dcb721e92914&xptdk=fa418a53-e781-48cc-b1ce-dcb721e92914,Skechers Men Slip-Ins Sport Ultra Flex 3.0 Shoes - 232451-NVOR Air-Cooled Memory Foam,2,04-08-2023
https://shopee.sg/ASICS-Men-DYNABLAST-3-Running-Shoes-in-Black-White-i.455553838.22040571122?sp_atk=f20eb044-fd6b-47f5-bd1d-9752d82e811b&xptdk=f20eb044-fd6b-47f5-bd1d-9752d82e811b,ASICS Men DYNABLAST 3 Running Shoes in Black/White,2,04-08-2023
https://shopee.sg/Under-Armour-UA-Mens'-HOVR-™-Turbulence-Running-Shoes-i.252648730.23065743385?sp_atk=eb787db1-53fd-45a0-8474-07bc09be5407&xptdk=eb787db1-53fd-45a0-8474-07bc09be5407,Under Armour UA Mens' HOVR ™ Turbulence Running Shoes,2,04-08-2023
https://shopee.sg/adidas-Running-Kaptir-2.0-Shoes-Men-Black-H00278-i.265436651.15773558597?sp_atk=136bd890-3596-4f84-9fc1-34aeec26251a&xptdk=136bd890-3596-4f84-9fc1-34aeec26251a,adidas Running Kaptir 2.0 Shoes Men Black H00278,2,04-08-2023
https://shopee.sg/Skechers-Men-Sport-Flection-2.0-Floma-Shoes-8790148-CHAR-Memory-Foam-i.84710867.22268628890?sp_atk=05ddc62f-f67b-4526-99b6-621e6e621222&xptdk=05ddc62f-f67b-4526-99b6-621e6e621222,Skechers Men Sport Flection 2.0 Floma Shoes - 8790148-CHAR Memory Foam,2,04-08-2023
https://shopee.sg/adidas-Running-Runfalcon-3.0-Shoes-Men-Black-HP7544-i.265436651.23740798806?sp_atk=679b3d89-802d-4228-bdd1-6d4edfe16825&xptdk=679b3d89-802d-4228-bdd1-6d4edfe16825,adidas Running Runfalcon 3.0 Shoes Men Black HP7544,2,04-08-2023
https://shopee.sg/Skechers-Online-Exclusive-Women-Sport-Roseate-Reeza-Shoes-8750053-LTPK-i.84710867.22141409342?sp_atk=a8fa1037-d11d-4aeb-a762-7ac071248233&xptdk=a8fa1037-d11d-4aeb-a762-7ac071248233,Skechers Online Exclusive Women Sport Roseate Reeza Shoes - 8750053-LTPK,2,04-08-2023
https://shopee.sg/adidas-Running-Response-Super-3.0-Shoes-Women-Black-GW6692-i.265436651.18572580469?sp_atk=1caf615a-d772-41b5-9d2c-d5d40143da1e&xptdk=1caf615a-d772-41b5-9d2c-d5d40143da1e,adidas Running Response Super 3.0 Shoes Women Black GW6692,2,04-08-2023
https://shopee.sg/DR.KONG-WOMEN-SPORT-SHOES-DK-C1003221-WGR-i.276299695.14643990791?sp_atk=44989add-7eef-40b1-9a99-375fcebb1cfb&xptdk=44989add-7eef-40b1-9a99-375fcebb1cfb,DR.KONG WOMEN SPORT SHOES DK-C1003221-WGR,3,04-08-2023
https://shopee.sg/Skechers-Online-Exclusive-Men-Sport-Summits-Torre-walking-Shoes-232395-BKCC-Memory-Foam-Machine-Washable-i.84710867.16190690744?sp_atk=8dd302b4-dc10-49cc-9fb4-138f99bd30ac&xptdk=8dd302b4-dc10-49cc-9fb4-138f99bd30ac,Skechers Online Exclusive Men Sport Summits Torre walking Shoes - 232395-BKCC Memory Foam Machine Washable,3,04-08-2023
https://shopee.sg/ASICS-Men-GEL-KAYANO-29-Running-Shoes-in-Black-New-Leaf-i.455553838.21257029840?sp_atk=6816c2ff-8a09-41bc-9c69-02e37b88343f&xptdk=6816c2ff-8a09-41bc-9c69-02e37b88343f,ASICS Men GEL-KAYANO 29 Running Shoes in Black/New Leaf,3,04-08-2023
https://shopee.sg/ASICS-Women-GEL-CUMULUS-24-Running-Shoes-in-Oasis-Green-Black-i.455553838.23118114359?sp_atk=0164e2ef-393e-449b-b2ca-f89b0c2f0ffd&xptdk=0164e2ef-393e-449b-b2ca-f89b0c2f0ffd,ASICS Women GEL-CUMULUS 24 Running Shoes in Oasis Green/Black,3,04-08-2023
https://shopee.sg/ASICS-Women-GT-1000-11-Running-Shoes-in-White-Dive-Blue-i.455553838.16886387730?sp_atk=d0a4df69-f673-414c-b45b-b953d9459763&xptdk=d0a4df69-f673-414c-b45b-b953d9459763,ASICS Women GT-1000 11 Running Shoes in White/Dive Blue,3,04-08-2023
https://shopee.sg/Skechers-Women-Sport-D'Lux-Walker-Daily-Beauty-Shoes-149815-NVY-Air-Cooled-Memory-Foam-Sneakers-Casual-i.84710867.18019616515?sp_atk=6f97e534-86de-4836-8889-6c13c2d45b15&xptdk=6f97e534-86de-4836-8889-6c13c2d45b15,"Skechers Women Sport D'Lux Walker Daily Beauty Shoes - 149815-NVY - Air-Cooled Memory Foam, Sneakers, Casual",3,04-08-2023
https://shopee.sg/PUMA-Unisex-Retaliate-2-Running-Shoes-(Pink)-i.341363989.17193201119?sp_atk=0734804c-03c9-4572-96e9-d5437de79b6f&xptdk=0734804c-03c9-4572-96e9-d5437de79b6f,PUMA Unisex Retaliate 2 Running Shoes (Pink),3,04-08-2023
https://shopee.sg/ON-Men-Cloudflow-Training-Shoes-Meadow-White-i.258374675.19989389236?sp_atk=b33e484c-092f-45eb-ac39-9cdf6bf91a3f&xptdk=b33e484c-092f-45eb-ac39-9cdf6bf91a3f,ON Men Cloudflow Training Shoes - Meadow / White,3,04-08-2023
https://shopee.sg/ASICS-Men-TRAIL-SCOUT-2-Trail-Running-Shoes-in-Indigo-Blue-Island-Blue-i.455553838.19588091410?sp_atk=3940cd5c-f941-46da-893f-b8a6746b4e20&xptdk=3940cd5c-f941-46da-893f-b8a6746b4e20,ASICS Men TRAIL SCOUT 2 Trail Running Shoes in Indigo Blue/Island Blue,3,04-08-2023
https://shopee.sg/Adidas-CourtJam-Control-Black-Blue-Men's-Tennis-Shoes-i.379296602.19489504697?sp_atk=3e104f87-cd1a-4237-a1f7-7aff8865245a&xptdk=3e104f87-cd1a-4237-a1f7-7aff8865245a,Adidas CourtJam Control Black/Blue Men's Tennis Shoes,3,04-08-2023
https://shopee.sg/Skechers-Men-Sport-Bounder-High-Degree-walking-Shoes-232279-BLK-Air-Cooled-Memory-Foam-Machine-Washable-i.84710867.20034712339?sp_atk=000dc291-ace6-409b-8629-93fc6da55c68&xptdk=000dc291-ace6-409b-8629-93fc6da55c68,Skechers Men Sport Bounder High Degree walking Shoes - 232279-BLK Air-Cooled Memory Foam Machine Washable,3,04-08-2023
https://shopee.sg/Skechers-Men-Sport-Arch-Fit-D'Lux-Key-Journey-walking-Shoes-232504-BBK-Arch-Fit-i.84710867.22726564247?sp_atk=91a6e9ac-59db-41bc-bdd0-8ec9d262dc5a&xptdk=91a6e9ac-59db-41bc-bdd0-8ec9d262dc5a,Skechers Men Sport Arch Fit D'Lux Key Journey walking Shoes - 232504-BBK Arch Fit,3,04-08-2023
https://shopee.sg/Under-Armour-UA-Womens'-HOVR™-Sonic-5-Running-Shoes-i.252648730.21974089772?sp_atk=9dcd1e56-6309-47c1-b7ba-2891ae6eb6b4&xptdk=9dcd1e56-6309-47c1-b7ba-2891ae6eb6b4,Under Armour UA Womens' HOVR™ Sonic 5 Running Shoes,3,04-08-2023
https://shopee.sg/adidas-Tennis-Advantage-Shoes-Men-White-GW9166-i.265436651.23922231592?sp_atk=8de9f0fe-32fe-4089-a3f0-1edc00c917db&xptdk=8de9f0fe-32fe-4089-a3f0-1edc00c917db,adidas Tennis Advantage Shoes Men White GW9166,3,04-08-2023
https://shopee.sg/Under-Armour-UA-Men's-Charged-Breeze-2-Running-Shoes-i.252648730.23830979857?sp_atk=b394cd4a-3f6a-495f-9c28-004954e8e0f7&xptdk=b394cd4a-3f6a-495f-9c28-004954e8e0f7,Under Armour UA Men's Charged Breeze 2 Running Shoes,3,04-08-2023
https://shopee.sg/Under-Armour-UA-Men's-HOVR™-Mega-2-Clone-Running-Shoes-i.252648730.9793488937?sp_atk=e7d45312-7c8f-43f6-b480-822d831232a3&xptdk=e7d45312-7c8f-43f6-b480-822d831232a3,Under Armour UA Men's HOVR™ Mega 2 Clone Running Shoes,3,04-08-2023
https://shopee.sg/ASICS-Men-GT-1000-11-Running-Shoes-in-Black-Electric-Blue-i.455553838.19650015492?sp_atk=5430ef77-825d-45ea-98a5-f23d94eeedfe&xptdk=5430ef77-825d-45ea-98a5-f23d94eeedfe,ASICS Men GT-1000 11 Running Shoes in Black/Electric Blue,3,04-08-2023
https://shopee.sg/ASICS-Men-SOLUTION-SPEED-FF-2-Tennis-Shoes-in-White-Tuna-Blue-i.455553838.20488085636?sp_atk=cc456cbd-415b-418d-86aa-19ff0678b00d&xptdk=cc456cbd-415b-418d-86aa-19ff0678b00d,ASICS Men SOLUTION SPEED FF 2 Tennis Shoes in White/Tuna Blue,3,04-08-2023
https://shopee.sg/Under-Armour-UA-Men's-Charged-Pursuit-3-Running-Shoes-i.252648730.17693445134?sp_atk=0441b102-f25c-4140-83c2-71c4a50e792c&xptdk=0441b102-f25c-4140-83c2-71c4a50e792c,Under Armour UA Men's Charged Pursuit 3 Running Shoes,3,04-08-2023
https://shopee.sg/Salomon-Men-X-Ultra-4-Gtx-Running-Shoes-Quiet-Shade-Black-Evening-Primrose-i.382766669.21770947845?sp_atk=688c1ed5-7cb2-4ac1-9f4f-4bb29533f421&xptdk=688c1ed5-7cb2-4ac1-9f4f-4bb29533f421,Salomon Men X Ultra 4 Gtx Running Shoes - Quiet Shade/Black/Evening Primrose,3,04-08-2023
https://shopee.sg/Under-Armour-UA-Men's-HOVR™-Mega-3-Clone-Running-Shoes-i.252648730.23926492607?sp_atk=363471b5-e5d2-40dc-8b7b-25b90d849bf1&xptdk=363471b5-e5d2-40dc-8b7b-25b90d849bf1,Under Armour UA Men's HOVR™ Mega 3 Clone Running Shoes,3,04-08-2023
https://shopee.sg/Skechers-Women-Sport-Graceful-2.0-Sanya-Shoes-8730082-NVY-i.84710867.23741404386?sp_atk=c84cb4f5-a23b-44dd-80e5-d271a3a8c891&xptdk=c84cb4f5-a23b-44dd-80e5-d271a3a8c891,Skechers Women Sport Graceful 2.0 Sanya Shoes - 8730082-NVY,3,04-08-2023
https://shopee.sg/Under-Armour-UA-Men's-Charged-Maven-Trek-Trail-Shoes-i.252648730.22965588209?sp_atk=1a829987-e5cc-4dd2-bbef-80ce88d158b1&xptdk=1a829987-e5cc-4dd2-bbef-80ce88d158b1,Under Armour UA Men's Charged Maven Trek Trail Shoes,3,04-08-2023
https://shopee.sg/PUMA-Retaliate-Mesh-Womens-Running-Shoes-i.341363989.19255627715?sp_atk=5dc6d4db-556f-4227-8081-5100a9e439bf&xptdk=5dc6d4db-556f-4227-8081-5100a9e439bf,PUMA Retaliate Mesh Womens Running Shoes,3,04-08-2023
https://shopee.sg/ASICS-Men-GEL-CONTEND-8-Running-Shoes-in-Indigo-Blue-Island-Blue-i.455553838.21071128540?sp_atk=a23a2acc-1096-4523-a854-04e25918fab8&xptdk=a23a2acc-1096-4523-a854-04e25918fab8,ASICS Men GEL-CONTEND 8 Running Shoes in Indigo Blue/Island Blue,3,04-08-2023
https://shopee.sg/Skechers-Men-Sport-Bounder-2.0-Balmore-Shoes-232676-BKW-Air-Cooled-Memory-Foam-Wide-Fit-i.84710867.22068624853?sp_atk=e75e12e2-be6e-40ea-b655-468102301415&xptdk=e75e12e2-be6e-40ea-b655-468102301415,Skechers Men Sport Bounder 2.0 Balmore Shoes - 232676-BKW Air-Cooled Memory Foam Wide Fit,3,04-08-2023
https://shopee.sg/ASICS-Men-COURT-FF-2-Tennis-Shoes-in-White-Mako-Blue-i.455553838.23232360583?sp_atk=e3f70540-7b64-4c35-b8ef-ff865fa6a300&xptdk=e3f70540-7b64-4c35-b8ef-ff865fa6a300,ASICS Men COURT FF 2 Tennis Shoes in White/Mako Blue,3,04-08-2023
https://shopee.sg/Hoka-Women-Speedgoat-5-Trail-Running-Shoes-Bellwether-Blue-Cyclamen-i.258374675.23341358611?sp_atk=c428ecba-93aa-442a-bb8b-17eeeed2d4ee&xptdk=c428ecba-93aa-442a-bb8b-17eeeed2d4ee,Hoka Women Speedgoat 5 Trail Running Shoes - Bellwether Blue / Cyclamen,3,04-08-2023
https://shopee.sg/ASICS-Men-NOVABLAST-2-LE-Running-Shoes-in-Black-Hazard-Green-i.455553838.18750015341?sp_atk=470c58f4-5104-4809-b0b8-7688c9a9b63c&xptdk=470c58f4-5104-4809-b0b8-7688c9a9b63c,ASICS Men NOVABLAST 2 LE Running Shoes in Black/Hazard Green,3,04-08-2023
https://shopee.sg/ASICS-Men-GEL-CONTEND-SL-Running-Shoes-in-White-White-i.455553838.23905500849?sp_atk=37d2adf8-b9bc-4845-a48b-11a83405c404&xptdk=37d2adf8-b9bc-4845-a48b-11a83405c404,ASICS Men GEL-CONTEND SL Running Shoes in White/White,3,04-08-2023
https://shopee.sg/Saucony-Women-Freedom-5-Running-Shoes-Cool-Mint-Acid-i.972850661.23735702069?sp_atk=9606337a-2f31-4c74-9f87-b8679082e6c9&xptdk=9606337a-2f31-4c74-9f87-b8679082e6c9,Saucony Women Freedom 5 Running Shoes - Cool Mint / Acid,3,04-08-2023
https://shopee.sg/adidas-Running-Lite-Racer-2.0-Shoes-Men-Black-EG3284-i.265436651.9384305192?sp_atk=0aacf65c-3411-479e-b0aa-756eba1a4ef7&xptdk=0aacf65c-3411-479e-b0aa-756eba1a4ef7,adidas Running Lite Racer 2.0 Shoes Men Black EG3284,3,04-08-2023
https://shopee.sg/Skechers-Women-Demon-Slayer-Sport-D'Lites-4.0-Walking-Shoes-800006-NTRD-Air-Cooled-Memory-Foam-i.84710867.17392194222?sp_atk=0e835074-84fd-4b03-8c31-7e1f0a4c0a0c&xptdk=0e835074-84fd-4b03-8c31-7e1f0a4c0a0c,Skechers Women Demon Slayer Sport D'Lites 4.0 Walking Shoes - 800006-NTRD Air-Cooled Memory Foam,3,04-08-2023
https://shopee.sg/ASICS-Women-GEL-CONTEND-SL-Running-Shoes-in-White-White-i.455553838.15094974963?sp_atk=4f8ba659-6383-435b-bc7f-e291f631f2bf&xptdk=4f8ba659-6383-435b-bc7f-e291f631f2bf,ASICS Women GEL-CONTEND SL Running Shoes in White/White,3,04-08-2023
https://shopee.sg/ASICS-Women-GEL-KAYANO-29-LITE-SHOW-Running-Shoes-in-Black-Orchid-i.455553838.22001820922?sp_atk=5c356f2b-962c-4d58-8a1e-aecd79438091&xptdk=5c356f2b-962c-4d58-8a1e-aecd79438091,ASICS Women GEL-KAYANO 29 LITE-SHOW Running Shoes in Black/Orchid,3,04-08-2023
https://shopee.sg/Skechers-Women-Sport-Skech-Air-Court-Good-News-Shoes-149945-NTGR-Air-Cooled-Memory-Foam-Machine-Washable-Skech-Air-i.84710867.22241408969?sp_atk=01a8426c-01c6-4b56-84a0-1b8194b123df&xptdk=01a8426c-01c6-4b56-84a0-1b8194b123df,"Skechers Women Sport Skech-Air Court Good News Shoes - 149945-NTGR Air-Cooled Memory Foam Machine Washable, Skech-Air",3,04-08-2023
https://shopee.sg/ASICS-Women-GEL-VENTURE-9-Trail-Running-Shoes-in-Ivy-Papaya-i.455553838.23222234482?sp_atk=03ebdc40-6d1e-48ca-a760-b83ff5deb97c&xptdk=03ebdc40-6d1e-48ca-a760-b83ff5deb97c,ASICS Women GEL-VENTURE 9 Trail Running Shoes in Ivy/Papaya,3,04-08-2023
https://shopee.sg/Skechers-Online-Exclusive-Women-GOwalk-Arch-Fit-Fun-Voyage-Walking-Shoes-124868-NVTQ-Sneakers-Sport-i.84710867.18019616537?sp_atk=e78a3281-ee93-455d-8045-d3844a43849d&xptdk=e78a3281-ee93-455d-8045-d3844a43849d,"Skechers Online Exclusive Women GOwalk Arch Fit Fun Voyage Walking Shoes - 124868-NVTQ - Sneakers, Sport",3,04-08-2023
https://shopee.sg/adidas-Running-EQ19-Run-Shoes-Men-Black-GV7373-i.265436651.23322229295?sp_atk=d0a46019-d648-40a9-abfa-e93b54031fba&xptdk=d0a46019-d648-40a9-abfa-e93b54031fba,adidas Running EQ19 Run Shoes Men Black GV7373,3,04-08-2023
https://shopee.sg/Under-Armour-UA-Men's-Flow-Velociti-Wind-2-Dark-Sky-Distance-Running-Shoes-i.252648730.21580411413?sp_atk=74c50249-3ff5-4edd-801b-a0c91f32a2ac&xptdk=74c50249-3ff5-4edd-801b-a0c91f32a2ac,Under Armour UA Men's Flow Velociti Wind 2 Dark Sky Distance Running Shoes,3,04-08-2023
https://shopee.sg/Skechers-Women-Sport-D'Lux-Fitness-Pure-Glam-Shoes-149837-GYSL-Air-Cooled-Memory-Foam-Sneakers-Casual-i.84710867.21871551027?sp_atk=ff3471bf-265c-4bc4-9806-90b6c9b6a2f2&xptdk=ff3471bf-265c-4bc4-9806-90b6c9b6a2f2,"Skechers Women Sport D'Lux Fitness Pure Glam Shoes - 149837-GYSL - Air-Cooled Memory Foam, Sneakers, Casual",3,04-08-2023
https://shopee.sg/Under-Armour-UA-Men's-Charge-Vantage-2-Running-Shoes-i.252648730.22422501226?sp_atk=f26db676-6d25-4bee-8e37-d3f9dc2c9cfc&xptdk=f26db676-6d25-4bee-8e37-d3f9dc2c9cfc,Under Armour UA Men's Charge Vantage 2 Running Shoes,3,04-08-2023
https://shopee.sg/Skechers-Men-Sport-Track-Ripkent-walking-Shoes-232399-NVBK-Memory-Foam-Machine-Washable-i.84710867.23530005828?sp_atk=7c9374d1-07d3-471c-91f6-541337a8f4b6&xptdk=7c9374d1-07d3-471c-91f6-541337a8f4b6,Skechers Men Sport Track Ripkent walking Shoes - 232399-NVBK Memory Foam Machine Washable,3,04-08-2023
https://shopee.sg/Moda-Paolo-Women-Sports-Shoe-in-2-Colours-(3021)-i.82022023.21626090455?sp_atk=dc9b1445-9bfa-413a-a472-c91d5e7d5caf&xptdk=dc9b1445-9bfa-413a-a472-c91d5e7d5caf,Moda Paolo Women Sports Shoe in 2 Colours (3021),3,04-08-2023
https://shopee.sg/ASICS-Men-GEL-CHALLENGER-13-Tennis-Shoes-in-Black-Electric-Blue-i.455553838.21376208925?sp_atk=087ba078-dd3b-4ea2-a6f1-676ee8b34f6a&xptdk=087ba078-dd3b-4ea2-a6f1-676ee8b34f6a,ASICS Men GEL-CHALLENGER 13 Tennis Shoes in Black/Electric Blue,3,04-08-2023
https://shopee.sg/Skechers-Online-Exclusive-Women-GOrun-Persistence-Running-Shoes-172053-BLK-HYPER-ARC-Sneakers-Sport-i.84710867.10797650831?sp_atk=d10dfd61-e878-4e70-98dc-d762994b92bd&xptdk=d10dfd61-e878-4e70-98dc-d762994b92bd,"Skechers Online Exclusive Women GOrun Persistence Running Shoes - 172053-BLK - HYPER ARC, Sneakers, Sport",3,04-08-2023
https://shopee.sg/Skechers-Women-GOrun-Pulse-Easy-Run-Running-Shoes-128667-BKBU-Air-Cooled-Goga-Mat-M-STRIKE-Sneakers-Sport-i.84710867.14493036959?sp_atk=4058dd0b-b987-467c-8c92-68b06a942248&xptdk=4058dd0b-b987-467c-8c92-68b06a942248,"Skechers Women GOrun Pulse Easy Run Running Shoes - 128667-BKBU - Air-Cooled Goga Mat, M-STRIKE, Sneakers, Sport",3,04-08-2023
https://shopee.sg/ON-Women-Cloudflow-Training-Shoes-Meadow-White-i.258374675.20780444048?sp_atk=0e714173-93ca-4186-8f7e-9f78856b74d0&xptdk=0e714173-93ca-4186-8f7e-9f78856b74d0,ON Women Cloudflow Training Shoes - Meadow / White,3,04-08-2023
https://shopee.sg/Adidas-Running-Shoes-GALAXY-6-light-and-airy-mesh-upper-to-keep-your-feet-cool-and-a-Cloudfoam-midsole-for-springiness-i.158170818.23766399789?sp_atk=972f75c9-af3b-4c01-afd8-d6ea7e27dde6&xptdk=972f75c9-af3b-4c01-afd8-d6ea7e27dde6,Adidas Running Shoes GALAXY 6 light and airy mesh upper to keep your feet cool and a Cloudfoam midsole for springiness,3,04-08-2023
https://shopee.sg/adidas-Running-Galaxy-6-Shoes-Men-White-HP2419-i.265436651.21372578314?sp_atk=e5093fb6-59c0-4bf3-b5e4-323854f0c75d&xptdk=e5093fb6-59c0-4bf3-b5e4-323854f0c75d,adidas Running Galaxy 6 Shoes Men White HP2419,3,04-08-2023
https://shopee.sg/Under-Armour-UA-Unisex-HOVR™-Phantom-3-Storm-Running-Shoes-i.252648730.22226492634?sp_atk=85d022e6-3b9e-4eb6-8e16-216e86503c3b&xptdk=85d022e6-3b9e-4eb6-8e16-216e86503c3b,Under Armour UA Unisex HOVR™ Phantom 3 Storm Running Shoes,3,04-08-2023
https://shopee.sg/adidas-Running-Puremotion-Shoes-Women-Black-H00589-i.265436651.10498038926?sp_atk=381b1286-9aa7-4452-9f7f-a05cdeb28e05&xptdk=381b1286-9aa7-4452-9f7f-a05cdeb28e05,adidas Running Puremotion Shoes Women Black H00589,3,04-08-2023
https://shopee.sg/adidas-Tennis-Advantage-Shoes-Men-White-GW9161-i.265436651.19472579375?sp_atk=67de5edb-defd-4e06-9dd7-a8ea3e9f65da&xptdk=67de5edb-defd-4e06-9dd7-a8ea3e9f65da,adidas Tennis Advantage Shoes Men White GW9161,3,04-08-2023
https://shopee.sg/adidas-Running-Runfalcon-3.0-Shoes-Women-Grey-HP7564-i.265436651.15498738654?sp_atk=62b1b500-6a71-4e0b-98dd-2102a8ef6a6b&xptdk=62b1b500-6a71-4e0b-98dd-2102a8ef6a6b,adidas Running Runfalcon 3.0 Shoes Women Grey HP7564,3,04-08-2023
https://shopee.sg/ASICS-Men-DYNABLAST-2-Running-Shoes-in-Lake-Drive-Hazard-Green-i.455553838.17373339307?sp_atk=0cbfa428-6b33-430d-88a6-d183934329b3&xptdk=0cbfa428-6b33-430d-88a6-d183934329b3,ASICS Men DYNABLAST 2 Running Shoes in Lake Drive/Hazard Green,3,04-08-2023
https://shopee.sg/Moda-Paolo-Men-Sports-Shoes-in-2-Colours-(3114)-i.82022023.14289991103?sp_atk=b8246eeb-5683-4818-9365-e4099977f048&xptdk=b8246eeb-5683-4818-9365-e4099977f048,Moda Paolo Men Sports Shoes in 2 Colours (3114),3,04-08-2023
https://shopee.sg/Under-Armour-UA-Men's-Charged-Escape-4-Printed-Running-Shoes-i.252648730.22630986573?sp_atk=eac80e66-2064-459b-a57c-60005e2d4089&xptdk=eac80e66-2064-459b-a57c-60005e2d4089,Under Armour UA Men's Charged Escape 4 Printed Running Shoes,3,04-08-2023
https://shopee.sg/Hoka-Women-Mach-Supersonic-Running-Shoes-Radiant-Yellow-Camellia-i.258374675.21438025220?sp_atk=1371bd9a-6fc3-42df-89ea-352a7dde5b2b&xptdk=1371bd9a-6fc3-42df-89ea-352a7dde5b2b,Hoka Women Mach Supersonic Running Shoes - Radiant Yellow / Camellia,3,04-08-2023
https://shopee.sg/Under-Armour-UA-Mens'-HOVR-™-Sonic-5-Running-Shoes-i.252648730.21174749046?sp_atk=e67eeeac-6e96-4327-a101-5272c9abe3cb&xptdk=e67eeeac-6e96-4327-a101-5272c9abe3cb,Under Armour UA Mens' HOVR ™ Sonic 5 Running Shoes,3,04-08-2023
https://shopee.sg/Skechers-Women-Sport-Summits-Bright-Charmer-Shoes-149536-LTMV-Memory-Foam-Machine-Washable-Vegan-i.84710867.16491301831?sp_atk=d8f5f9ba-27b6-4e82-b6f5-f5c2f8628bec&xptdk=d8f5f9ba-27b6-4e82-b6f5-f5c2f8628bec,"Skechers Women Sport Summits Bright Charmer Shoes - 149536-LTMV Memory Foam Machine Washable, Vegan",3,04-08-2023
https://shopee.sg/Skechers-Women-GOrun-Consistent-Energize-Running-Shoes-128286-MVE-Air-Cooled-Goga-Mat-M-STRIKE-Sneakers-Sport-i.84710867.21438935641?sp_atk=20ce5d9e-e8af-4116-9222-1690298fdaf9&xptdk=20ce5d9e-e8af-4116-9222-1690298fdaf9,"Skechers Women GOrun Consistent Energize Running Shoes - 128286-MVE - Air-Cooled Goga Mat, M-STRIKE, Sneakers, Sport",4,04-08-2023
https://shopee.sg/ASICS-Men-TARTHEREDGE-3-Running-Shoes-in-Safety-Yellow-Monaco-Blue-i.455553838.18240630880?sp_atk=df176457-2e24-4e4b-98a2-88ecae11bcd3&xptdk=df176457-2e24-4e4b-98a2-88ecae11bcd3,ASICS Men TARTHEREDGE 3 Running Shoes in Safety Yellow/Monaco Blue,4,04-08-2023
https://shopee.sg/Saucony-Women's-Freedom-5-Running-Shoes-Cool-Mint-Acid-i.258374675.20246272992?sp_atk=74225dd8-1dc2-4c3d-87b7-9ee0d0d00b11&xptdk=74225dd8-1dc2-4c3d-87b7-9ee0d0d00b11,Saucony Women's Freedom 5 Running Shoes - Cool Mint / Acid,4,04-08-2023
https://shopee.sg/Moda-Paolo-Unisex-Sports-in-2-Colours-(911)-i.82022023.21035326449?sp_atk=1d77a73b-f7dc-4fe6-89f5-d21973fe657b&xptdk=1d77a73b-f7dc-4fe6-89f5-d21973fe657b,Moda Paolo Unisex Sports in 2 Colours (911),4,04-08-2023
https://shopee.sg/Under-Armour-UA-Mens'-Charged-Rogue3-Knit-Running-Shoes-i.252648730.23765741348?sp_atk=a23cd51f-f2f3-485a-9b7e-8586b388e9e7&xptdk=a23cd51f-f2f3-485a-9b7e-8586b388e9e7,Under Armour UA Mens' Charged Rogue3 Knit Running Shoes,4,04-08-2023
https://shopee.sg/Salomon-Men-X-Ultra-4-GTX-Hiking-Shoes-Black-Vintage-Kaki-Vanilla-Ice-i.382766669.15219817668?sp_atk=8fa7ae31-33d9-480f-9cc6-993bffe4be40&xptdk=8fa7ae31-33d9-480f-9cc6-993bffe4be40,Salomon Men X Ultra 4 GTX Hiking Shoes - Black / Vintage Kaki / Vanilla Ice,4,04-08-2023
https://shopee.sg/ASICS-Women-GEL-KAYANO-29-Running-Shoes-in-White-Sea-Glass-i.455553838.21789167995?sp_atk=f3d4cb9f-8902-4125-864a-c155c079011c&xptdk=f3d4cb9f-8902-4125-864a-c155c079011c,ASICS Women GEL-KAYANO 29 Running Shoes in White/Sea Glass,4,04-08-2023
https://shopee.sg/Puma-Cali-Glow-Women's-Sneakers-i.331320512.11820843236?sp_atk=0773fb20-69be-46c0-9e76-dd3cb30833b2&xptdk=0773fb20-69be-46c0-9e76-dd3cb30833b2,Puma Cali Glow Women's Sneakers,4,04-08-2023
https://shopee.sg/Under-Armour-UA-Men's-Charg-Rogue-3-Running-Shoes-i.252648730.23402122526?sp_atk=128c6841-171c-4332-865c-eb907f81a319&xptdk=128c6841-171c-4332-865c-eb907f81a319,Under Armour UA Men's Charg Rogue 3 Running Shoes,4,04-08-2023
https://shopee.sg/adidas-Running-Pureboost-22-Shoes-Men-Black-HQ1455-i.265436651.18272579327?sp_atk=80199ef6-d7b8-4d46-99d6-6f49bceec5f9&xptdk=80199ef6-d7b8-4d46-99d6-6f49bceec5f9,adidas Running Pureboost 22 Shoes Men Black HQ1455,4,04-08-2023
https://shopee.sg/ASICS-Men-GEL-RESOLUTION-8-Tennis-Shoes-in-Velvet-Pine-White-i.455553838.19179151356?sp_atk=344f83ff-e864-4b8a-94c8-b2bf6f35929d&xptdk=344f83ff-e864-4b8a-94c8-b2bf6f35929d,ASICS Men GEL-RESOLUTION 8 Tennis Shoes in Velvet Pine/White,4,04-08-2023
https://shopee.sg/PUMA-Unisex-INTERFLEX-Running-Shoes-i.341363989.3365335491?sp_atk=00bb885b-9962-4f60-82c9-31f4c36493d2&xptdk=00bb885b-9962-4f60-82c9-31f4c36493d2,PUMA Unisex INTERFLEX Running Shoes,4,04-08-2023
https://shopee.sg/DR.KONG-WOMEN-EZWALK-SPORT-SHOES-DK-CE000807-BLU-i.276299695.16862430161?sp_atk=c7322076-83cf-44e7-9b45-7c60c1264503&xptdk=c7322076-83cf-44e7-9b45-7c60c1264503,DR.KONG WOMEN EZWALK SPORT SHOES DK-CE000807-BLU,4,04-08-2023
https://shopee.sg/Skechers-Women-Sport-Pure-Genius-Shoes-8750001-CCPR-i.84710867.22845002270?sp_atk=64338848-bb79-4c2e-8a71-6062a576f7ec&xptdk=64338848-bb79-4c2e-8a71-6062a576f7ec,Skechers Women Sport Pure Genius Shoes - 8750001-CCPR,4,04-08-2023
https://shopee.sg/Skechers-Men-Sport-D'Lux-Fitness-Perfect-Timing-walking-Shoes-232359-GRY-Air-Cooled-Memory-Foam-Relaxed-Fit-i.84710867.20037579891?sp_atk=8c7671b8-5292-46e2-9265-e7fc39afba34&xptdk=8c7671b8-5292-46e2-9265-e7fc39afba34,Skechers Men Sport D'Lux Fitness Perfect Timing walking Shoes - 232359-GRY Air-Cooled Memory Foam Relaxed Fit,4,04-08-2023
https://shopee.sg/Skechers-Online-Exclusive-Men-Sport-Flection-2.0-Marozas-Shoes-8790147-BBK-Memory-Foam-i.84710867.18079455012?sp_atk=efa592a6-26a3-4071-b233-c328e9255303&xptdk=efa592a6-26a3-4071-b233-c328e9255303,Skechers Online Exclusive Men Sport Flection 2.0 Marozas Shoes - 8790147-BBK Memory Foam,4,04-08-2023
https://shopee.sg/Skechers-Women-Transformers-Sport-Stamina-V3-Shoes-800017-GYMT-Air-Cooled-Memory-Foam-i.84710867.22466886025?sp_atk=ff9e3c85-8dc6-460a-b154-495f8e3d115d&xptdk=ff9e3c85-8dc6-460a-b154-495f8e3d115d,Skechers Women Transformers Sport Stamina V3 Shoes - 800017-GYMT Air-Cooled Memory Foam,4,04-08-2023
https://shopee.sg/Under-Armour-UA-Men's-HOVR™-Infinite-4-Run-Anywhere-Running-Shoes-i.252648730.22126497338?sp_atk=fc415889-bd96-4036-a1dd-6e358446723c&xptdk=fc415889-bd96-4036-a1dd-6e358446723c,Under Armour UA Men's HOVR™ Infinite 4 Run Anywhere Running Shoes,4,04-08-2023
https://shopee.sg/adidas-Running-Duramo-SL-2.0-Shoes-Women-Pink-HP2389-i.265436651.23641364364?sp_atk=a19e2a0f-00fa-49bf-b1e6-1fcbf7837981&xptdk=a19e2a0f-00fa-49bf-b1e6-1fcbf7837981,adidas Running Duramo SL 2.0 Shoes Women Pink HP2389,4,04-08-2023
https://shopee.sg/adidas-Lifestyle-Stan-Smith-Shoes-Kids-White-FX7519-i.265436651.9484093745?sp_atk=13209a95-2973-4116-bd59-7d9508f57e86&xptdk=13209a95-2973-4116-bd59-7d9508f57e86,adidas Lifestyle Stan Smith Shoes Kids White FX7519,4,04-08-2023
https://shopee.sg/ASICS-Women-GEL-KAYANO-29-PLATINUM-Running-Shoes-in-White-Pure-Silver-i.455553838.19789171774?sp_atk=082fc76b-341a-4e53-b23d-d0cb81d830cb&xptdk=082fc76b-341a-4e53-b23d-d0cb81d830cb,ASICS Women GEL-KAYANO 29 PLATINUM Running Shoes in White/Pure Silver,4,04-08-2023
https://shopee.sg/ASICS-Women-GT-2000-10-(D)-Running-Shoes-in-Dive-Blue-Orchid-i.455553838.11398370804?sp_atk=7df70403-bf6c-46e1-b9a7-0057917145cf&xptdk=7df70403-bf6c-46e1-b9a7-0057917145cf,ASICS Women GT-2000 10 (D) Running Shoes in Dive Blue/Orchid,4,04-08-2023
https://shopee.sg/ASICS-Women-GEL-RESOLUTION-8-Tennis-Shoes-in-Soft-Sky-Dive-Blue-i.455553838.21876191993?sp_atk=8b2739a0-cb9d-4e64-8fc6-a411f4b1c10e&xptdk=8b2739a0-cb9d-4e64-8fc6-a411f4b1c10e,ASICS Women GEL-RESOLUTION 8 Tennis Shoes in Soft Sky/Dive Blue,4,04-08-2023
https://shopee.sg/Under-Armour-UA-Men's-HOVR™-Sonic-5-Running-Shoes-i.252648730.21229922303?sp_atk=398317ad-a27c-432d-9a45-07c41d4cc5df&xptdk=398317ad-a27c-432d-9a45-07c41d4cc5df,Under Armour UA Men's HOVR™ Sonic 5 Running Shoes,4,04-08-2023
https://shopee.sg/ASICS-Men-GEL-CONTEND-8-Running-Shoes-in-Black-Cherry-Tomato-i.455553838.19657032819?sp_atk=990c7d81-2165-4fa2-b456-6adde874dd20&xptdk=990c7d81-2165-4fa2-b456-6adde874dd20,ASICS Men GEL-CONTEND 8 Running Shoes in Black/Cherry Tomato,4,04-08-2023
https://shopee.sg/Skechers-Women-Sport-Skech-Air-Dynamight-Shoes-149754-CCSL-Memory-Foam-i.84710867.22543130452?sp_atk=3db045f4-d174-4650-a6dd-f6c8bdf28150&xptdk=3db045f4-d174-4650-a6dd-f6c8bdf28150,Skechers Women Sport Skech-Air Dynamight Shoes - 149754-CCSL Memory Foam,4,04-08-2023
https://shopee.sg/Adidas-Combat-Sports-Teambag-ADIACC106-Size-M-and-L-i.158170818.2440972878?sp_atk=4e21138e-7762-491a-994a-d09c7c262ca1&xptdk=4e21138e-7762-491a-994a-d09c7c262ca1,Adidas Combat Sports Teambag ADIACC106  Size M and L,4,04-08-2023
https://shopee.sg/Nike-Kaishi-2.0-Se-Men-Shoes-(844838-004)-i.228636149.4834437581?sp_atk=1f941eaa-7f98-4661-a0ab-43bd39c4e40b&xptdk=1f941eaa-7f98-4661-a0ab-43bd39c4e40b,Nike Kaishi 2.0 Se Men Shoes (844838-004),4,04-08-2023
https://shopee.sg/adidas-Running-Start-Your-Run-Shoes-Women-Purple-HP5669-i.265436651.21372576901?sp_atk=1d50d5cb-f0e4-45a0-ae24-0040d305a049&xptdk=1d50d5cb-f0e4-45a0-ae24-0040d305a049,adidas Running Start Your Run Shoes Women Purple HP5669,4,04-08-2023
https://shopee.sg/ASICS-Men-PATRIOT-13-Running-Shoes-in-Island-Blue-White-i.455553838.23718109065?sp_atk=dcf805e3-5ee8-4784-931e-05f3e365d85a&xptdk=dcf805e3-5ee8-4784-931e-05f3e365d85a,ASICS Men PATRIOT 13 Running Shoes in Island Blue/White,4,04-08-2023
https://shopee.sg/adidas-Running-Lite-Racer-2.0-Shoes-Women-Black-FZ0383-i.265436651.21072577969?sp_atk=14d976bb-509c-4c67-bc92-dfc1b8bcaaa1&xptdk=14d976bb-509c-4c67-bc92-dfc1b8bcaaa1,adidas Running Lite Racer 2.0 Shoes Women Black FZ0383,4,04-08-2023
https://shopee.sg/Skechers-Women-Sport-Active-Arch-Fit-Vista-Gleaming-Shoes-104377-PNK-Air-Cooled-Arch-Fit-Machine-Washable-Vegan-i.84710867.23343138962?sp_atk=01468518-0eb4-46ba-af97-76dc6c94eb6d&xptdk=01468518-0eb4-46ba-af97-76dc6c94eb6d,"Skechers Women Sport Active Arch Fit Vista Gleaming Shoes - 104377-PNK Air-Cooled, Arch Fit, Machine Washable, Vegan",4,04-08-2023
https://shopee.sg/adidas-Running-Runfalcon-3.0-Shoes-Men-Black-HP7544-i.265436651.23740798806?sp_atk=f287a463-274f-4654-8377-fd4d92070601&xptdk=f287a463-274f-4654-8377-fd4d92070601,adidas Running Runfalcon 3.0 Shoes Men Black HP7544,4,04-08-2023
https://shopee.sg/Skechers-Women-Sport-D'Lux-Fitness-Shoes-149833-BKW-Air-Cooled-Memory-Foam-Machine-Washable-Relaxed-Fit-Vegan-i.84710867.23028516337?sp_atk=f350e3a3-0da9-41d1-a618-3e31e8cbd309&xptdk=f350e3a3-0da9-41d1-a618-3e31e8cbd309,"Skechers Women Sport D'Lux Fitness Shoes - 149833-BKW Air-Cooled Memory Foam Machine Washable, Relaxed Fit, Vegan",4,04-08-2023
https://shopee.sg/ASICS-Men-NOVABLAST-3-(2E)-Running-Shoes-in-Black-White-i.455553838.20879140912?sp_atk=a95b3134-8347-47d9-a09a-57b3d59d62b6&xptdk=a95b3134-8347-47d9-a09a-57b3d59d62b6,ASICS Men NOVABLAST 3 (2E) Running Shoes in Black/White,4,04-08-2023
https://shopee.sg/Under-Armour-UA-Men's-HOVR™-Infinite-3-Storm-Running-Shoes-i.252648730.16410094917?sp_atk=136ae0fa-981d-46f4-babd-27792cc9dbb0&xptdk=136ae0fa-981d-46f4-babd-27792cc9dbb0,Under Armour UA Men's HOVR™ Infinite 3 Storm Running Shoes,4,04-08-2023
https://shopee.sg/ASICS-Men-GEL-NIMBUS-24-Running-Shoes-in-Velvet-Pine-New-Leaf-i.455553838.18157031769?sp_atk=757e84a3-ae56-48f1-b410-9aa8240ab202&xptdk=757e84a3-ae56-48f1-b410-9aa8240ab202,ASICS Men GEL-NIMBUS 24 Running Shoes in Velvet Pine/New Leaf,4,04-08-2023
https://shopee.sg/ASICS-Women-GEL-KAYANO-28-Running-Shoes-in-Black-Sage-i.455553838.18919345500?sp_atk=4674d605-fbf4-43d7-8a2f-41073977978b&xptdk=4674d605-fbf4-43d7-8a2f-41073977978b,ASICS Women GEL-KAYANO 28 Running Shoes in Black/Sage,4,04-08-2023
https://shopee.sg/adidas-Running-EQ19-Run-Shoes-Men-White-H68091-i.265436651.20548032289?sp_atk=1e867f62-d05d-4a5a-a890-d75f48f9b6b7&xptdk=1e867f62-d05d-4a5a-a890-d75f48f9b6b7,adidas Running EQ19 Run Shoes Men White H68091,4,04-08-2023
https://shopee.sg/Saucony-Women-Triumph-20-Wide-Running-Shoe-Sundown-Rose-i.972850661.22435706869?sp_atk=375383b9-3be5-4268-98f5-d206134a18d9&xptdk=375383b9-3be5-4268-98f5-d206134a18d9,Saucony Women Triumph 20 Wide Running Shoe - Sundown / Rose,4,04-08-2023
https://shopee.sg/ASICS-Women-NOVABLAST-2-LE-Running-Shoes-in-White-Pure-Silver-i.455553838.19250013938?sp_atk=200b4513-c48a-4371-ac91-fe55366ce90c&xptdk=200b4513-c48a-4371-ac91-fe55366ce90c,ASICS Women NOVABLAST 2 LE Running Shoes in White/Pure Silver,4,04-08-2023
https://shopee.sg/adidas-Basketball-Hoops-2.0-Shoes-Men-Blue-FY8631-i.265436651.17862304524?sp_atk=fd14041f-568b-4324-8fa7-2219ac02ff07&xptdk=fd14041f-568b-4324-8fa7-2219ac02ff07,adidas Basketball Hoops 2.0 Shoes Men Blue FY8631,4,04-08-2023
https://shopee.sg/Skechers-Women-Sport-Arch-Fit-D'Lux-Key-Journey-Shoes-149684-BLK-Air-Cooled-Arch-Fit-i.84710867.21378798202?sp_atk=b6bb445c-8dcc-4f12-8ed9-c7b1d88a7a2a&xptdk=b6bb445c-8dcc-4f12-8ed9-c7b1d88a7a2a,"Skechers Women Sport Arch Fit D'Lux Key Journey Shoes - 149684-BLK Air-Cooled, Arch Fit",4,04-08-2023
https://shopee.sg/adidas-Running-Run-Falcon-2.0-Shoes-Men-White-G58098-i.265436651.11840427212?sp_atk=459bedb7-a695-4161-9a76-dd513a3e44ac&xptdk=459bedb7-a695-4161-9a76-dd513a3e44ac,adidas Running Run Falcon 2.0 Shoes Men White G58098,4,04-08-2023
https://shopee.sg/Asics-Patriot-II-Running-Shoes-i.228636149.20655618011?sp_atk=ca7361de-bbf3-4849-9b0c-e060401d809b&xptdk=ca7361de-bbf3-4849-9b0c-e060401d809b,Asics Patriot II Running Shoes,4,04-08-2023
https://shopee.sg/Under-Armour-UA-Unisex-HOVR™-Summit-Fat-Tire-Delta-Running-Shoes-i.252648730.22126493190?sp_atk=ff52e519-803a-4006-8d80-59e232290946&xptdk=ff52e519-803a-4006-8d80-59e232290946,Under Armour UA Unisex HOVR™ Summit Fat Tire Delta Running Shoes,4,04-08-2023
https://shopee.sg/Brooks-Ghost-14-GTX-Men's-Running-Shoes-(Black-Black-Ebony)-i.54763243.15250201676?sp_atk=524e44c5-b9b7-45e2-871d-b583433c4b7f&xptdk=524e44c5-b9b7-45e2-871d-b583433c4b7f,Brooks Ghost 14 GTX Men's Running Shoes (Black/Black/Ebony),4,04-08-2023
https://shopee.sg/Skechers-Women-Sport-Social-Muse-Quick-Bliss-Shoes-8730083-SLT-Memory-Foam-i.84710867.13298866709?sp_atk=ce261697-f1c0-4a48-9e50-f98fc87c9d67&xptdk=ce261697-f1c0-4a48-9e50-f98fc87c9d67,Skechers Women Sport Social Muse Quick Bliss Shoes - 8730083-SLT Memory Foam,4,04-08-2023
https://shopee.sg/Skechers-Women-Sport-D'Lux-Walker-Daily-Beauty-Shoes-149815-PLUM-Air-Cooled-Memory-Foam-Sneakers-Casual-i.84710867.18719615355?sp_atk=81833374-f0d4-463a-9339-0295f3ce4647&xptdk=81833374-f0d4-463a-9339-0295f3ce4647,"Skechers Women Sport D'Lux Walker Daily Beauty Shoes - 149815-PLUM - Air-Cooled Memory Foam, Sneakers, Casual",4,04-08-2023
https://shopee.sg/ASICS-Women-GT-2000-10-Running-Shoes-in-Metropolis-Frosted-Rose-i.455553838.18357032882?sp_atk=e30b22a8-eb2d-4174-a7e2-51e76e6850c5&xptdk=e30b22a8-eb2d-4174-a7e2-51e76e6850c5,ASICS Women GT-2000 10 Running Shoes in Metropolis/Frosted Rose,4,04-08-2023
https://shopee.sg/ASICS-Men-GT-1000-11-Running-Shoes-in-Piedmont-Grey-Indigo-Blue-i.455553838.22118112250?sp_atk=de1cc645-0a87-40b0-95ad-f8d6d3e0dc46&xptdk=de1cc645-0a87-40b0-95ad-f8d6d3e0dc46,ASICS Men GT-1000 11 Running Shoes in Piedmont Grey/Indigo Blue,4,04-08-2023
https://shopee.sg/ON-Women-Cloudgo-Running-Shoes-White-Meadow-i.258374675.18489411066?sp_atk=db5e3c01-4901-481c-9c1a-886fe95e5faf&xptdk=db5e3c01-4901-481c-9c1a-886fe95e5faf,ON Women Cloudgo Running Shoes - White / Meadow,4,04-08-2023
https://shopee.sg/The-North-Face-Men's-Vectiv-Eminus-Trail-Running-Shoes-TNF-Cone-Orange-TNF-Black-i.257542938.23631741581?sp_atk=b335e023-2f67-4b17-bc79-6ec42c3713d1&xptdk=b335e023-2f67-4b17-bc79-6ec42c3713d1,The North Face Men's Vectiv Eminus Trail Running Shoes - TNF Cone Orange / TNF Black,4,04-08-2023
https://shopee.sg/HOKA-Women-Clifton-9-Running-Shoes-Airy-Blue-Ice-Water-i.258374675.18178930494?sp_atk=000516c9-445c-4f1c-bff4-aa80418a697a&xptdk=000516c9-445c-4f1c-bff4-aa80418a697a,HOKA Women Clifton 9 Running Shoes - Airy Blue / Ice Water,4,04-08-2023
https://shopee.sg/Under-Armour-UA-Women's-Flow-Synchronicity-Running-Shoes-i.252648730.21059108844?sp_atk=967af4ee-6d42-4e57-90d5-e7b85da1a7d7&xptdk=967af4ee-6d42-4e57-90d5-e7b85da1a7d7,Under Armour UA Women's Flow Synchronicity Running Shoes,4,04-08-2023
https://shopee.sg/ASICS-Women-HYPER-SPEED-2-Running-Shoes-in-Safety-Yellow-White-i.455553838.14396905269?sp_atk=54210044-cec7-4300-8716-1499223fbe31&xptdk=54210044-cec7-4300-8716-1499223fbe31,ASICS Women HYPER SPEED 2 Running Shoes in Safety Yellow/White,4,04-08-2023
https://shopee.sg/ASICS-Men-MAGIC-SPEED-2-Running-Shoes-in-Safety-Yellow-White-i.455553838.23418105453?sp_atk=059d5af6-6c3c-41b5-9463-d984a0c47850&xptdk=059d5af6-6c3c-41b5-9463-d984a0c47850,ASICS Men MAGIC SPEED 2 Running Shoes in Safety Yellow/White,4,04-08-2023
https://shopee.sg/Skechers-Women-Foamies-GOwalk-5-Astonished-Walking-Shoes-111103-LAV-Sneakers-Sport-i.84710867.18273177827?sp_atk=c5c6bd86-da60-459a-bb1f-d297d9a74669&xptdk=c5c6bd86-da60-459a-bb1f-d297d9a74669,"Skechers Women Foamies GOwalk 5 Astonished Walking Shoes - 111103-LAV - Sneakers, Sport",4,04-08-2023
https://shopee.sg/Skechers-Women-Sport-Stamina-Airy-Calm-Varsity-Shoes-149921-NTMT-Air-Cooled-Memory-Foam-i.84710867.16286920094?sp_atk=d91f7b35-898e-44c5-afa7-88a62df1beb4&xptdk=d91f7b35-898e-44c5-afa7-88a62df1beb4,Skechers Women Sport Stamina Airy Calm Varsity Shoes - 149921-NTMT Air-Cooled Memory Foam,4,04-08-2023
https://shopee.sg/PUMA-Softride-Ruby-Running-Shoes-Women-(Gray)-i.341363989.23534746296?sp_atk=473021d0-7607-446d-ad30-0701674138e3&xptdk=473021d0-7607-446d-ad30-0701674138e3,PUMA Softride Ruby Running Shoes Women (Gray),4,04-08-2023
https://shopee.sg/Skechers-Men-Sport-Bounder-2.0-Balmore-Shoes-232676-TPE-Air-Cooled-Memory-Foam-Wide-Fit-i.84710867.23543131365?sp_atk=9a734630-7fcf-4ebe-a8ff-ca31fd2f6145&xptdk=9a734630-7fcf-4ebe-a8ff-ca31fd2f6145,Skechers Men Sport Bounder 2.0 Balmore Shoes - 232676-TPE Air-Cooled Memory Foam Wide Fit,5,04-08-2023
https://shopee.sg/Saucony-Women-Triumph-20-Wide-Running-Shoe-Sundown-Rose-i.972850661.22435706869?sp_atk=91be29c7-1554-4df5-b77e-18b6b2fcb8c6&xptdk=91be29c7-1554-4df5-b77e-18b6b2fcb8c6,Saucony Women Triumph 20 Wide Running Shoe - Sundown / Rose,5,04-08-2023
https://shopee.sg/ASICS-Women-NOVABLAST-2-LE-Running-Shoes-in-White-Pure-Silver-i.455553838.19250013938?sp_atk=84818203-3319-47b1-9883-00fa752bec0f&xptdk=84818203-3319-47b1-9883-00fa752bec0f,ASICS Women NOVABLAST 2 LE Running Shoes in White/Pure Silver,5,04-08-2023
https://shopee.sg/Skechers-Men-Slip-Ins-Sport-Ultra-Flex-3.0-Shoes-232451-CCLM-Air-Cooled-Memory-Foam-i.84710867.22845002268?sp_atk=78789a98-bc16-4e51-9259-b73f0dc8b065&xptdk=78789a98-bc16-4e51-9259-b73f0dc8b065,Skechers Men Slip-Ins Sport Ultra Flex 3.0 Shoes - 232451-CCLM Air-Cooled Memory Foam,5,04-08-2023
https://shopee.sg/adidas-Basketball-Hoops-2.0-Shoes-Men-Blue-FY8631-i.265436651.17862304524?sp_atk=9065c4ab-f515-4de6-81ee-830cf066b606&xptdk=9065c4ab-f515-4de6-81ee-830cf066b606,adidas Basketball Hoops 2.0 Shoes Men Blue FY8631,5,04-08-2023
https://shopee.sg/Skechers-Women-Sport-Arch-Fit-D'Lux-Key-Journey-Shoes-149684-BLK-Air-Cooled-Arch-Fit-i.84710867.21378798202?sp_atk=d1361250-f0c7-4e8a-8334-46bf32d9a66f&xptdk=d1361250-f0c7-4e8a-8334-46bf32d9a66f,"Skechers Women Sport Arch Fit D'Lux Key Journey Shoes - 149684-BLK Air-Cooled, Arch Fit",5,04-08-2023
https://shopee.sg/adidas-Running-Run-Falcon-2.0-Shoes-Men-White-G58098-i.265436651.11840427212?sp_atk=7f4af466-2ac5-461b-8ceb-4c6dea191022&xptdk=7f4af466-2ac5-461b-8ceb-4c6dea191022,adidas Running Run Falcon 2.0 Shoes Men White G58098,5,04-08-2023
https://shopee.sg/Asics-Patriot-II-Running-Shoes-i.228636149.20655618011?sp_atk=207ec604-4588-4cdd-853c-8414d4fafe5b&xptdk=207ec604-4588-4cdd-853c-8414d4fafe5b,Asics Patriot II Running Shoes,5,04-08-2023
https://shopee.sg/Under-Armour-UA-Unisex-HOVR™-Summit-Fat-Tire-Delta-Running-Shoes-i.252648730.22126493190?sp_atk=b5d3acfa-ac10-4b2c-bb8b-ad1ee6b7b21d&xptdk=b5d3acfa-ac10-4b2c-bb8b-ad1ee6b7b21d,Under Armour UA Unisex HOVR™ Summit Fat Tire Delta Running Shoes,5,04-08-2023
https://shopee.sg/Brooks-Ghost-14-GTX-Men's-Running-Shoes-(Black-Black-Ebony)-i.54763243.15250201676?sp_atk=e326ea34-c710-482a-a17d-ca8a6fd8106e&xptdk=e326ea34-c710-482a-a17d-ca8a6fd8106e,Brooks Ghost 14 GTX Men's Running Shoes (Black/Black/Ebony),5,04-08-2023
https://shopee.sg/Skechers-Men-Slip-Ins-Sport-D'Lux-Walker-Orford-walking-Shoes-232455-BRN-Air-Cooled-Memory-Foam-Stretch-Fit-i.84710867.23028516322?sp_atk=6a6ddeb8-f8d5-41ac-8153-c7f418c4d25c&xptdk=6a6ddeb8-f8d5-41ac-8153-c7f418c4d25c,Skechers Men Slip-Ins Sport D'Lux Walker Orford walking Shoes - 232455-BRN Air-Cooled Memory Foam Stretch Fit,5,04-08-2023
https://shopee.sg/Skechers-Online-Exclusive-Men-Sport-Mira-Rylight-walking-Shoes-232219-WMLT-Air-Cooled-Memory-Foam-i.84710867.22308384147?sp_atk=4830edb9-0f9e-4262-a1ac-d788145bc5dc&xptdk=4830edb9-0f9e-4262-a1ac-d788145bc5dc,Skechers Online Exclusive Men Sport Mira Rylight walking Shoes - 232219-WMLT Air-Cooled Memory Foam,5,04-08-2023
https://shopee.sg/Skechers-Women-Sport-Social-Muse-Quick-Bliss-Shoes-8730083-SLT-Memory-Foam-i.84710867.13298866709?sp_atk=41543d2c-f9d3-45de-9fb5-9b39a206cba5&xptdk=41543d2c-f9d3-45de-9fb5-9b39a206cba5,Skechers Women Sport Social Muse Quick Bliss Shoes - 8730083-SLT Memory Foam,5,04-08-2023
https://shopee.sg/Skechers-Women-Sport-D'Lux-Walker-Daily-Beauty-Shoes-149815-PLUM-Air-Cooled-Memory-Foam-Sneakers-Casual-i.84710867.18719615355?sp_atk=fe7c20b8-9748-4269-8790-490f3785e638&xptdk=fe7c20b8-9748-4269-8790-490f3785e638,"Skechers Women Sport D'Lux Walker Daily Beauty Shoes - 149815-PLUM - Air-Cooled Memory Foam, Sneakers, Casual",5,04-08-2023
https://shopee.sg/ASICS-Women-GT-2000-10-Running-Shoes-in-Metropolis-Frosted-Rose-i.455553838.18357032882?sp_atk=8b0e89a1-ca29-419f-b38b-ca4cce3d1b5b&xptdk=8b0e89a1-ca29-419f-b38b-ca4cce3d1b5b,ASICS Women GT-2000 10 Running Shoes in Metropolis/Frosted Rose,5,04-08-2023
https://shopee.sg/ASICS-Men-GT-1000-11-Running-Shoes-in-Piedmont-Grey-Indigo-Blue-i.455553838.22118112250?sp_atk=365787e1-2501-4c23-80e7-f8edf61ae0d1&xptdk=365787e1-2501-4c23-80e7-f8edf61ae0d1,ASICS Men GT-1000 11 Running Shoes in Piedmont Grey/Indigo Blue,5,04-08-2023
https://shopee.sg/ON-Women-Cloudgo-Running-Shoes-White-Meadow-i.258374675.18489411066?sp_atk=e98a10ce-4043-4229-801c-88bf64059794&xptdk=e98a10ce-4043-4229-801c-88bf64059794,ON Women Cloudgo Running Shoes - White / Meadow,5,04-08-2023
https://shopee.sg/The-North-Face-Men's-Vectiv-Eminus-Trail-Running-Shoes-TNF-Cone-Orange-TNF-Black-i.257542938.23631741581?sp_atk=423c0651-6975-4afb-b4eb-a3697f6ff2a7&xptdk=423c0651-6975-4afb-b4eb-a3697f6ff2a7,The North Face Men's Vectiv Eminus Trail Running Shoes - TNF Cone Orange / TNF Black,5,04-08-2023
https://shopee.sg/HOKA-Women-Clifton-9-Running-Shoes-Airy-Blue-Ice-Water-i.258374675.18178930494?sp_atk=7359be28-5175-4bd9-b67e-c9cdb2794de7&xptdk=7359be28-5175-4bd9-b67e-c9cdb2794de7,HOKA Women Clifton 9 Running Shoes - Airy Blue / Ice Water,5,04-08-2023
https://shopee.sg/Under-Armour-UA-Women's-Flow-Synchronicity-Running-Shoes-i.252648730.21059108844?sp_atk=b7763133-2079-41fb-a926-9f9ec085f6a8&xptdk=b7763133-2079-41fb-a926-9f9ec085f6a8,Under Armour UA Women's Flow Synchronicity Running Shoes,5,04-08-2023
https://shopee.sg/ASICS-Women-HYPER-SPEED-2-Running-Shoes-in-Safety-Yellow-White-i.455553838.14396905269?sp_atk=a9116e1d-85b0-4905-9eca-ed4d7e30404e&xptdk=a9116e1d-85b0-4905-9eca-ed4d7e30404e,ASICS Women HYPER SPEED 2 Running Shoes in Safety Yellow/White,5,04-08-2023
https://shopee.sg/ASICS-Men-MAGIC-SPEED-2-Running-Shoes-in-Safety-Yellow-White-i.455553838.23418105453?sp_atk=73cede84-55d1-4d6a-8bef-8f451339ba14&xptdk=73cede84-55d1-4d6a-8bef-8f451339ba14,ASICS Men MAGIC SPEED 2 Running Shoes in Safety Yellow/White,5,04-08-2023
https://shopee.sg/Skechers-Women-Foamies-GOwalk-5-Astonished-Walking-Shoes-111103-LAV-Sneakers-Sport-i.84710867.18273177827?sp_atk=467aabf3-c74b-44db-8289-d5ad0963fe0e&xptdk=467aabf3-c74b-44db-8289-d5ad0963fe0e,"Skechers Women Foamies GOwalk 5 Astonished Walking Shoes - 111103-LAV - Sneakers, Sport",5,04-08-2023
https://shopee.sg/Skechers-Women-Sport-Stamina-Airy-Calm-Varsity-Shoes-149921-NTMT-Air-Cooled-Memory-Foam-i.84710867.16286920094?sp_atk=30f773a3-bd32-46b1-9be2-1c23462fc84d&xptdk=30f773a3-bd32-46b1-9be2-1c23462fc84d,Skechers Women Sport Stamina Airy Calm Varsity Shoes - 149921-NTMT Air-Cooled Memory Foam,5,04-08-2023
https://shopee.sg/PUMA-Softride-Ruby-Running-Shoes-Women-(Gray)-i.341363989.23534746296?sp_atk=90e2ba79-efd0-4142-b0e0-5ce9371d27f4&xptdk=90e2ba79-efd0-4142-b0e0-5ce9371d27f4,PUMA Softride Ruby Running Shoes Women (Gray),5,04-08-2023
https://shopee.sg/Adidas-Running-Shoes-for-the-ultimate-athletic-casual-vibe-i.158170818.18557452829?sp_atk=a48bec07-34c9-4bd6-a6c5-641dbea0e98f&xptdk=a48bec07-34c9-4bd6-a6c5-641dbea0e98f,Adidas Running Shoes for the ultimate athletic-casual vibe,5,04-08-2023
https://shopee.sg/DR.KONG-WOMEN-EZWALK-SPORT-SHOES-DK-CE000904-BLK-i.276299695.9238910575?sp_atk=eebff9a4-ba25-4561-b2e5-d7969e735797&xptdk=eebff9a4-ba25-4561-b2e5-d7969e735797,DR.KONG WOMEN EZWALK SPORT SHOES DK-CE000904-BLK,5,04-08-2023
https://shopee.sg/Skechers-Women-GOwalk-Flex-Bright-Summer-Walking-Shoes-124957-BURG-Air-Cooled-Goga-Mat-Sneakers-Sport-i.84710867.16878994790?sp_atk=7dd34489-961a-4e78-833e-2d3b06c843f5&xptdk=7dd34489-961a-4e78-833e-2d3b06c843f5,"Skechers Women GOwalk Flex Bright Summer Walking Shoes - 124957-BURG - Air-Cooled Goga Mat, Sneakers, Sport",5,04-08-2023
https://shopee.sg/Skechers-Online-Exclusive-Men-Sport-Glide-Step-Sport-walking-Shoes-232269-NVOR-Air-Cooled-Memory-Foam-Machine-Washable-i.84710867.17193664823?sp_atk=c22bf336-8399-4698-ad01-3857a7499993&xptdk=c22bf336-8399-4698-ad01-3857a7499993,Skechers Online Exclusive Men Sport Glide-Step Sport walking Shoes - 232269-NVOR Air-Cooled Memory Foam Machine Washable,5,04-08-2023
https://shopee.sg/ASICS-Men-DYNABLAST-3-Running-Shoes-in-Deep-Ocean-Light-Steel-i.455553838.23440566073?sp_atk=d4790c76-f592-485c-b266-c8a8bdde9775&xptdk=d4790c76-f592-485c-b266-c8a8bdde9775,ASICS Men DYNABLAST 3 Running Shoes in Deep Ocean/Light Steel,5,04-08-2023
https://shopee.sg/Skechers-Women-Sport-Arch-Fit-D'Lux-Key-Journey-Shoes-149684-ROS-Air-Cooled-Arch-Fit-i.84710867.23739664607?sp_atk=0d73b65c-4900-4e15-9569-0ee63b931945&xptdk=0d73b65c-4900-4e15-9569-0ee63b931945,"Skechers Women Sport Arch Fit D'Lux Key Journey Shoes - 149684-ROS Air-Cooled, Arch Fit",5,04-08-2023
https://shopee.sg/Puma-RS-2K-Messaging-Unisex-Sneakers-i.331320512.11522249683?sp_atk=17d80b10-7067-4983-b977-a0c732376d7b&xptdk=17d80b10-7067-4983-b977-a0c732376d7b,Puma RS-2K Messaging Unisex Sneakers,5,04-08-2023
https://shopee.sg/Skechers-Women-Sport-Social-Muse-Walking-Shoes-8730031-MVE-i.84710867.15250101332?sp_atk=5d376af8-4635-4e8b-b04b-c2bca48eb36d&xptdk=5d376af8-4635-4e8b-b04b-c2bca48eb36d,Skechers Women Sport Social Muse Walking Shoes - 8730031-MVE,5,04-08-2023
https://shopee.sg/Salomon-Women-Speedcross-6-Wide-Trail-Running-Shoes-Moonscape-Black-Ashes-Of-Roses-i.382766669.13493563715?sp_atk=2999d658-1f43-40c9-b1eb-118b995eb85e&xptdk=2999d658-1f43-40c9-b1eb-118b995eb85e,Salomon Women Speedcross 6 Wide Trail Running Shoes - Moonscape / Black / Ashes Of Roses,5,04-08-2023
https://shopee.sg/Skechers-Women-Sport-Arch-Fit-Comfy-Wave-Shoes-149414-BKLV-Air-Cooled-Arch-Fit-Machine-Washable-i.84710867.21438935720?sp_atk=f1fcbb54-0fe4-4ed6-b2d8-b6f3a91a9934&xptdk=f1fcbb54-0fe4-4ed6-b2d8-b6f3a91a9934,"Skechers Women Sport Arch Fit Comfy Wave Shoes - 149414-BKLV Air-Cooled, Arch Fit, Machine Washable",5,04-08-2023
https://shopee.sg/Under-Armour-UA-Mens'-Charged-Escape4-Running-Shoes-i.252648730.18976208088?sp_atk=cff189e0-20e1-4d6c-a64c-93beb9f0e127&xptdk=cff189e0-20e1-4d6c-a64c-93beb9f0e127,Under Armour UA Mens' Charged Escape4 Running Shoes,5,04-08-2023
https://shopee.sg/DR.KONG-WOMEN-SPORT-SHOES-DK-C1003649-GRB-i.276299695.9328493582?sp_atk=10ce57ef-79e6-41aa-b188-0b2b4020ae3c&xptdk=10ce57ef-79e6-41aa-b188-0b2b4020ae3c,DR.KONG WOMEN SPORT SHOES DK-C1003649-GRB,5,04-08-2023
https://shopee.sg/Under-Armour-UA-Women's-HOVR™-Infinite-3-Running-Shoes-i.252648730.8622943435?sp_atk=5d6b14c6-0855-430c-8d7b-de60047cc79a&xptdk=5d6b14c6-0855-430c-8d7b-de60047cc79a,Under Armour UA Women's HOVR™ Infinite 3 Running Shoes,5,04-08-2023
https://shopee.sg/PUMA-Unisex-Aviator-ProFoam-Sky-Running-Shoes-i.341363989.23212493386?sp_atk=3ccd83f1-989f-4ad2-8a14-8eda2aa99f21&xptdk=3ccd83f1-989f-4ad2-8a14-8eda2aa99f21,PUMA Unisex Aviator ProFoam Sky Running Shoes,5,04-08-2023
https://shopee.sg/Skechers-Women-Slip-Ins-Sport-Ultra-Flex-3.0-Shoes-149710-NVY-Air-Cooled-Memory-Foam-i.84710867.23870481265?sp_atk=709f7b31-59d2-410a-a8f1-3b1f7fd096aa&xptdk=709f7b31-59d2-410a-a8f1-3b1f7fd096aa,Skechers Women Slip-Ins Sport Ultra Flex 3.0 Shoes - 149710-NVY Air-Cooled Memory Foam,5,04-08-2023
https://shopee.sg/ASICS-Men-GEL-NIMBUS-24-Running-Shoes-in-Cherry-Tomato-Black-i.455553838.23501820145?sp_atk=859a7ca6-6b7f-4afc-8fc4-7cb747a6dc42&xptdk=859a7ca6-6b7f-4afc-8fc4-7cb747a6dc42,ASICS Men GEL-NIMBUS 24 Running Shoes in Cherry Tomato/Black,5,04-08-2023
https://shopee.sg/Under-Armour-UA-Mens'-HOVR™-Phantom-3-Running-Shoes-i.252648730.21074090203?sp_atk=40d41e4f-edb0-436d-8088-f59a6dbd0b63&xptdk=40d41e4f-edb0-436d-8088-f59a6dbd0b63,Under Armour UA Mens' HOVR™ Phantom 3 Running Shoes,5,04-08-2023
https://shopee.sg/Adidas-Cc-Sonic-Boost-W-Run-i.228656552.5623158462?sp_atk=b28d786c-aa79-4aa4-96b1-839a701ef66e&xptdk=b28d786c-aa79-4aa4-96b1-839a701ef66e,Adidas Cc Sonic Boost W Run,5,04-08-2023
https://shopee.sg/Nike-Kaishi-2.0-Se-Men-Shoes-(844838-200)-i.228636149.5634436454?sp_atk=8f882592-cc8e-4a06-b904-e59cb1f4d360&xptdk=8f882592-cc8e-4a06-b904-e59cb1f4d360,Nike Kaishi 2.0 Se Men Shoes (844838-200),5,04-08-2023
https://shopee.sg/Skechers-Women-Sport-Skech-Air-Dynamight-Perfect-Steps-Shoes-149754-BKRG-Memory-Foam-Skech-Air-Sneakers-Casual-i.84710867.20034712341?sp_atk=0b1dcd53-cad6-454c-9295-804a26dcc7d3&xptdk=0b1dcd53-cad6-454c-9295-804a26dcc7d3,"Skechers Women Sport Skech-Air Dynamight Perfect Steps Shoes - 149754-BKRG - Memory Foam, Skech-Air, Sneakers, Casual",5,04-08-2023
https://shopee.sg/ASICS-Men-GEL-CONTEND-8-Running-Shoes-in-Black-Pure-Silver-i.455553838.23840570895?sp_atk=614d9548-b4c6-400f-995f-ce671bbb8bfd&xptdk=614d9548-b4c6-400f-995f-ce671bbb8bfd,ASICS Men GEL-CONTEND 8 Running Shoes in Black/Pure Silver,5,04-08-2023
https://shopee.sg/Salomon-Men-Sense-Ride-5-Trail-Running-Shoes-Black-Fiery-Red-Black-i.382766669.17392301729?sp_atk=50ee9d8f-960e-4d5b-a7aa-7e4e47f76f59&xptdk=50ee9d8f-960e-4d5b-a7aa-7e4e47f76f59,Salomon Men Sense Ride 5 Trail Running Shoes - Black/Fiery Red/Black,5,04-08-2023
https://shopee.sg/adidas-Running-Runfalcon-3.0-Shoes-Women-Blue-HP7562-i.265436651.21972577846?sp_atk=3bd406d6-f59a-40c1-a5b8-c8921ad8afb0&xptdk=3bd406d6-f59a-40c1-a5b8-c8921ad8afb0,adidas Running Runfalcon 3.0 Shoes Women Blue HP7562,5,04-08-2023
https://shopee.sg/adidas-Running-Ultrabounce-Shoes-Women-Pink-HQ3787-i.265436651.22566644697?sp_atk=a175eb15-e8a3-423d-9404-dfecda41e4e8&xptdk=a175eb15-e8a3-423d-9404-dfecda41e4e8,adidas Running Ultrabounce Shoes Women Pink HQ3787,5,04-08-2023
https://shopee.sg/Under-Armour-UA-Men's-HOVR™-Machina-3-Storm-Running-Shoes-i.252648730.22127524392?sp_atk=f11fc86b-66a8-41ba-bbe4-845378555967&xptdk=f11fc86b-66a8-41ba-bbe4-845378555967,Under Armour UA Men's HOVR™ Machina 3 Storm Running Shoes,5,04-08-2023
https://shopee.sg/Under-Armour-UA-Mens'-Flow-Velociti-Wind-2-Running-Shoes-i.252648730.19174104758?sp_atk=717b37a8-de05-4f17-b684-d2d0ac2c972e&xptdk=717b37a8-de05-4f17-b684-d2d0ac2c972e,Under Armour UA Mens' Flow Velociti Wind 2 Running Shoes,5,04-08-2023
https://shopee.sg/adidas-Running-Run-Falcon-2.0-Shoes-Women-White-FY9623-i.265436651.8684103086?sp_atk=37d1c855-bc66-4d84-b874-c4194e433fb2&xptdk=37d1c855-bc66-4d84-b874-c4194e433fb2,adidas Running Run Falcon 2.0 Shoes Women White FY9623,5,04-08-2023
https://shopee.sg/ASICS-Women-VERSABLAST-2-Running-Shoes-in-Indigo-Blue-Pure-Silver-i.455553838.15796133071?sp_atk=f39e26eb-4a07-44f6-9b33-3ce827872c81&xptdk=f39e26eb-4a07-44f6-9b33-3ce827872c81,ASICS Women VERSABLAST 2 Running Shoes in Indigo Blue/Pure Silver,5,04-08-2023
https://shopee.sg/Saucony-Women-Kinvara-13-Running-Shoes-Night-Lite-i.972850661.22035703696?sp_atk=36d3279e-c3c7-4f96-9448-af1be5d20743&xptdk=36d3279e-c3c7-4f96-9448-af1be5d20743,Saucony Women Kinvara 13 Running Shoes - Night Lite,5,04-08-2023
https://shopee.sg/ASICS-Men-GT-2000-10-LITE-SHOW-Running-Shoes-in-Lite-Show-Shocking-Orange-i.455553838.18257034098?sp_atk=2ba3231f-b8f7-4a7f-93f4-44a15d7f426d&xptdk=2ba3231f-b8f7-4a7f-93f4-44a15d7f426d,ASICS Men GT-2000 10 LITE SHOW Running Shoes in Lite-Show/Shocking Orange,5,04-08-2023
https://shopee.sg/ASICS-Men-GT-2000-10-Running-Shoes-in-Deep-Ocean-Amber-i.455553838.20771129171?sp_atk=ad2c1031-1e31-4e21-9f10-33bcf8f179e9&xptdk=ad2c1031-1e31-4e21-9f10-33bcf8f179e9,ASICS Men GT-2000 10 Running Shoes in Deep Ocean/Amber,5,04-08-2023
https://shopee.sg/PUMA-Unisex-Amare-Running-Shoes-(Black)-i.341363989.23727911624?sp_atk=05629e06-3b13-4744-97c4-e307b241d1db&xptdk=05629e06-3b13-4744-97c4-e307b241d1db,PUMA Unisex Amare Running Shoes (Black),5,04-08-2023
https://shopee.sg/Brooks-Ghost-14-Women's-Running-Shoes-(Black-Black-Ebony)-i.54763243.9290605606?sp_atk=020ef26e-4009-4de2-ba2f-4e8356542a6c&xptdk=020ef26e-4009-4de2-ba2f-4e8356542a6c,Brooks Ghost 14 Women's Running Shoes (Black/Black/Ebony),5,04-08-2023
https://shopee.sg/ASICS-Men-GEL-KAYANO-29-LITE-SHOW-Running-Shoes-in-Black-New-Leaf-i.455553838.22901820501?sp_atk=0162a9b3-a9d8-4603-915e-5ed56d36d130&xptdk=0162a9b3-a9d8-4603-915e-5ed56d36d130,ASICS Men GEL-KAYANO 29 LITE-SHOW Running Shoes in Black/New Leaf,5,04-08-2023
https://shopee.sg/adidas-Running-Runfalcon-3.0-Shoes-Men-White-HQ3789-i.265436651.12498197146?sp_atk=0d66ab26-ef5a-4aa0-9a51-d70df07ad161&xptdk=0d66ab26-ef5a-4aa0-9a51-d70df07ad161,adidas Running Runfalcon 3.0 Shoes Men White HQ3789,5,04-08-2023
https://shopee.sg/Skechers-Men-Sport-Bounder-2.0-Balmore-Shoes-232676-TPE-Air-Cooled-Memory-Foam-Wide-Fit-i.84710867.23543131365?sp_atk=ecd51040-86c8-497d-83e9-71669cd4b0b7&xptdk=ecd51040-86c8-497d-83e9-71669cd4b0b7,Skechers Men Sport Bounder 2.0 Balmore Shoes - 232676-TPE Air-Cooled Memory Foam Wide Fit,6,04-08-2023
https://shopee.sg/Skechers-Women-Foamies-GOwalk-5-Astonished-Walking-Shoes-111103-NAT-Sneakers-Sport-i.84710867.23923931433?sp_atk=647ff7aa-b3a3-46e8-92fd-dc255f8ac875&xptdk=647ff7aa-b3a3-46e8-92fd-dc255f8ac875,"Skechers Women Foamies GOwalk 5 Astonished Walking Shoes - 111103-NAT - Sneakers, Sport",6,04-08-2023
https://shopee.sg/Asics-Gt-1000-4-Running-Shoes-T5A2N-5390-i.228636149.7634466812?sp_atk=49e1364f-b4f8-4836-b879-43dabd29ec93&xptdk=49e1364f-b4f8-4836-b879-43dabd29ec93,Asics Gt 1000 4 Running Shoes- T5A2N-5390,6,04-08-2023
https://shopee.sg/ASICS-Men-NOVABLAST-3-Running-Shoes-in-Safety-Yellow-Black-i.455553838.22266057297?sp_atk=ccab54dd-fe41-4216-8d0c-55c74696a5df&xptdk=ccab54dd-fe41-4216-8d0c-55c74696a5df,ASICS Men NOVABLAST 3 Running Shoes in Safety Yellow/Black,6,04-08-2023
https://shopee.sg/adidas-Running-adidas-4DFWD-Pulse-2-running-shoes-Men-Black-GX9282-i.265436651.23466169108?sp_atk=54770892-ba2b-4dc9-966f-a2b01fd35055&xptdk=54770892-ba2b-4dc9-966f-a2b01fd35055,adidas Running adidas 4DFWD Pulse 2 running shoes Men Black GX9282,6,04-08-2023
https://shopee.sg/Under-Armour-UA-Women's-Charged-Impulse3-Iridescent-Running-Shoes-i.252648730.23431461188?sp_atk=17f62362-297a-41f9-84f4-e80973f9f111&xptdk=17f62362-297a-41f9-84f4-e80973f9f111,Under Armour UA Women's Charged Impulse3 Iridescent Running Shoes,6,04-08-2023
https://shopee.sg/Skechers-Online-Exclusive-Women-Sport-Skech-Lite-Pro-High-Journey-Shoes-149993-BKW-Air-Cooled-Memory-Foam-i.84710867.18230378072?sp_atk=f1a99391-c402-4fb8-b336-3be960890d24&xptdk=f1a99391-c402-4fb8-b336-3be960890d24,Skechers Online Exclusive Women Sport Skech-Lite Pro High Journey Shoes - 149993-BKW Air-Cooled Memory Foam,6,04-08-2023
https://shopee.sg/adidas-Running-RapidaSport-Bounce-BOA-Closure-Shoes-Kids-Black-IE4239-i.265436651.19188284140?sp_atk=af1404e9-fe06-4228-a3c2-6cbf6dba5995&xptdk=af1404e9-fe06-4228-a3c2-6cbf6dba5995,adidas Running RapidaSport Bounce BOA Closure Shoes Kids Black IE4239,6,04-08-2023
https://shopee.sg/Skechers-Women-GOwalk-Arch-Fit-Lunar-Views-Walking-Shoes-124873-NVLM-Sneakers-Sport-i.84710867.20947947495?sp_atk=7b3c4af7-3dff-471e-b963-072373c3f583&xptdk=7b3c4af7-3dff-471e-b963-072373c3f583,"Skechers Women GOwalk Arch Fit Lunar Views Walking Shoes - 124873-NVLM - Sneakers, Sport",6,04-08-2023
https://shopee.sg/ADIDAS-MANA-BOUNCE-M-RUNNING-SHOES-AQ7695-AQ7860-i.228636149.4795950596?sp_atk=1db973a7-d05d-455c-97b8-328784d18df9&xptdk=1db973a7-d05d-455c-97b8-328784d18df9,ADIDAS MANA BOUNCE M RUNNING SHOES AQ7695/AQ7860,6,04-08-2023
https://shopee.sg/Skechers-Women-Slip-Ins-GOwalk-6-Fabulous-View-Walking-Shoes-124569-NVY-Air-Cooled-Memory-Foam-Sneakers-Sport-i.84710867.20350002339?sp_atk=8cc8bfe8-88c2-496c-8e3d-48cf2d2e6c9a&xptdk=8cc8bfe8-88c2-496c-8e3d-48cf2d2e6c9a,"Skechers Women Slip-Ins GOwalk 6 Fabulous View Walking Shoes - 124569-NVY - Air-Cooled Memory Foam, Sneakers, Sport",6,04-08-2023
https://shopee.sg/Under-Armour-UA-Women's-Charged-Impulse-2-Knit-Running-Shoes-i.252648730.10687964484?sp_atk=6a0fbca7-2356-4093-862a-2e21f11c85b2&xptdk=6a0fbca7-2356-4093-862a-2e21f11c85b2,Under Armour UA Women's Charged Impulse 2 Knit+ Running Shoes,6,04-08-2023
https://shopee.sg/ASICS-Men-GEL-RESOLUTION-8-(2E)-Tennis-Shoes-in-Dive-Blue-White-i.455553838.23332366915?sp_atk=a46f7baa-aa61-4ae7-8548-e95f4041d04d&xptdk=a46f7baa-aa61-4ae7-8548-e95f4041d04d,ASICS Men GEL-RESOLUTION 8 (2E) Tennis Shoes in Dive Blue/White,6,04-08-2023
https://shopee.sg/Adidas-Running-Shoes-GALAXY-STAR-made-with-a-full-length-Cloudfoam-midsole-for-superior-comfort-i.158170818.23140906608?sp_atk=02dc332b-d5c2-43b2-b587-30d6f896276b&xptdk=02dc332b-d5c2-43b2-b587-30d6f896276b,Adidas Running Shoes GALAXY STAR made with a full-length Cloudfoam midsole for superior comfort,6,04-08-2023
https://shopee.sg/adidas-Running-Start-Your-Run-Shoes-Women-Black-GY9234-i.265436651.16692501393?sp_atk=48e060d8-6151-4738-a078-77007f38b480&xptdk=48e060d8-6151-4738-a078-77007f38b480,adidas Running Start Your Run Shoes Women Black GY9234,6,04-08-2023
https://shopee.sg/ASICS-Women-GT-1000-11-(D)-Running-Shoes-in-Dusk-Violet-Violet-Quartz-i.455553838.18671131476?sp_atk=85373b2f-42c5-4762-842c-5acb3cf16dd4&xptdk=85373b2f-42c5-4762-842c-5acb3cf16dd4,ASICS Women GT-1000 11 (D) Running Shoes in Dusk Violet/Violet Quartz,6,04-08-2023
https://shopee.sg/ASICS-Men-SOLUTION-SPEED-FF-2-Tennis-Shoes-in-Velvet-Pine-White-i.455553838.22440571200?sp_atk=e7b55cf9-0c04-450a-8105-b4e4a9d1a3ca&xptdk=e7b55cf9-0c04-450a-8105-b4e4a9d1a3ca,ASICS Men SOLUTION SPEED FF 2 Tennis Shoes in Velvet Pine/White,6,04-08-2023
https://shopee.sg/The-North-Face-Men's-Flight-Series-Vectiv-Trail-Running-Shoes-TNF-Cone-Orange-i.257542938.23331736179?sp_atk=e83af60d-2d4b-4e86-9c70-5e4351033417&xptdk=e83af60d-2d4b-4e86-9c70-5e4351033417,The North Face Men's Flight Series Vectiv Trail Running Shoes - TNF Cone Orange,6,04-08-2023
https://shopee.sg/Skechers-Women-GOwalk-Flex-Bright-Summer-Walking-Shoes-124957-NVY-Air-Cooled-Goga-Mat-Sneakers-Sport-i.84710867.23422702241?sp_atk=6b5e3394-953d-426d-a97d-b2f876243712&xptdk=6b5e3394-953d-426d-a97d-b2f876243712,"Skechers Women GOwalk Flex Bright Summer Walking Shoes - 124957-NVY - Air-Cooled Goga Mat, Sneakers, Sport",6,04-08-2023
https://shopee.sg/Skechers-Women-Sport-Dynamight-2.0-Soft-Expressions-Shoes-149693-NVY-Memory-Foam-Machine-Washable-Vegan-i.84710867.16585096963?sp_atk=cf45a0ee-ee87-4313-94cf-42a7bffd08c3&xptdk=cf45a0ee-ee87-4313-94cf-42a7bffd08c3,"Skechers Women Sport Dynamight 2.0 Soft Expressions Shoes - 149693-NVY Memory Foam Machine Washable, Vegan",6,04-08-2023
https://shopee.sg/Skechers-Men-California-Pack-Sport-Court-92-Shoes-237188-OLV-Air-Cooled-Memory-Foam-i.84710867.21865697539?sp_atk=1af938ad-dbf7-403c-8f4e-55ae754cf960&xptdk=1af938ad-dbf7-403c-8f4e-55ae754cf960,Skechers Men California Pack Sport Court 92 Shoes - 237188-OLV Air-Cooled Memory Foam,6,04-08-2023
https://shopee.sg/Skechers-Women-Sport-Skech-Air-Dynamight-Mad-Dash-Shoes-149757-NAT-Memory-Foam-Breathable-Machine-Washable-Vegan-i.84710867.19088991323?sp_atk=ade57098-f019-4393-a423-f74ba4f87267&xptdk=ade57098-f019-4393-a423-f74ba4f87267,"Skechers Women Sport Skech-Air Dynamight Mad Dash Shoes - 149757-NAT Memory Foam Breathable, Machine Washable, Vegan",6,04-08-2023
https://shopee.sg/ASICS-Women-GEL-KAYANO-28-Running-Shoes-in-Fuchsia-Red-Pink-Glo-i.455553838.22727873513?sp_atk=a1104bc6-2743-4e8d-a106-8d8fc8316a6d&xptdk=a1104bc6-2743-4e8d-a106-8d8fc8316a6d,ASICS Women GEL-KAYANO 28 Running Shoes in Fuchsia Red/Pink Glo,6,04-08-2023
https://shopee.sg/Skechers-Women-Sport-Arch-Fit-Big-Appeal-Shoes-149057-BKFS-Sneakers-Sport-i.84710867.18732639157?sp_atk=ad7b8ef7-5a25-43b4-94f5-a9bedba7d86c&xptdk=ad7b8ef7-5a25-43b4-94f5-a9bedba7d86c,"Skechers Women Sport Arch Fit Big Appeal Shoes - 149057-BKFS - Sneakers, Sport",6,04-08-2023
https://shopee.sg/Adidas-Court-Team-Bounce-i.228656552.6122800661?sp_atk=08ffc606-5ec3-4974-8bb2-483b623dc3f6&xptdk=08ffc606-5ec3-4974-8bb2-483b623dc3f6,Adidas Court Team Bounce,6,04-08-2023
https://shopee.sg/Under-Armour-UA-Women's-HOVR™-Phantom-3-Running-Shoes-i.252648730.20874086479?sp_atk=54b7ba8b-ad08-4a68-9a11-6648855d2d2e&xptdk=54b7ba8b-ad08-4a68-9a11-6648855d2d2e,Under Armour UA Women's HOVR™ Phantom 3 Running Shoes,6,04-08-2023
https://shopee.sg/Asics-GT-1000-4-Women's-Running-Shoes-T5A7N-4007-i.228636149.4634460007?sp_atk=e64bcc86-9425-4f11-97af-b74e4ddd2ec6&xptdk=e64bcc86-9425-4f11-97af-b74e4ddd2ec6,Asics GT 1000 4 Women's Running Shoes - T5A7N-4007,6,04-08-2023
https://shopee.sg/adidas-Running-EQ21-Run-Shoes-Men-Grey-H00519-i.265436651.18348035402?sp_atk=d1fdbde0-cd02-4365-9582-08e1f3cda99e&xptdk=d1fdbde0-cd02-4365-9582-08e1f3cda99e,adidas Running EQ21 Run Shoes Men Grey H00519,6,04-08-2023
https://shopee.sg/Skechers-Women-Sport-Arch-Fit-Infinity-Cozy-Aura-Shoes-149987-LBLV-Air-Cooled-Arch-Fit-i.84710867.23442714885?sp_atk=e39ffc9a-2994-4fcb-8969-59047ea3edbc&xptdk=e39ffc9a-2994-4fcb-8969-59047ea3edbc,"Skechers Women Sport Arch Fit Infinity Cozy Aura Shoes - 149987-LBLV Air-Cooled, Arch Fit",6,04-08-2023
https://shopee.sg/Skechers-Women-Sport-Arch-Fit-D'Lux-Rich-Facets-Shoes-149685-MVE-Air-Cooled-Arch-Fit-Relaxed-Fit-i.84710867.23427226043?sp_atk=94af4013-e555-4a18-8f1b-1ab2f91268fd&xptdk=94af4013-e555-4a18-8f1b-1ab2f91268fd,"Skechers Women Sport Arch Fit D'Lux Rich Facets Shoes - 149685-MVE Air-Cooled, Arch Fit, Relaxed Fit",6,04-08-2023
https://shopee.sg/DR.KONG-WOMEN-EZWALK-SPORT-SHOES-DK-CE000861-BEI-i.276299695.5140040912?sp_atk=6790aee4-7be5-433f-a6de-8f12f63581d8&xptdk=6790aee4-7be5-433f-a6de-8f12f63581d8,DR.KONG WOMEN EZWALK SPORT SHOES DK-CE000861-BEI,6,04-08-2023
https://shopee.sg/Skechers-Women-Sport-D'Lux-Walker-Fresh-Finesse-Shoes-149368-BKPR-Air-Cooled-Memory-Foam-Sneakers-Casual-i.84710867.20037579745?sp_atk=8efa586f-d999-4d33-8ace-838c8c582e49&xptdk=8efa586f-d999-4d33-8ace-838c8c582e49,"Skechers Women Sport D'Lux Walker Fresh Finesse Shoes - 149368-BKPR - Air-Cooled Memory Foam, Sneakers, Casual",6,04-08-2023
https://shopee.sg/ON-Women-Cloud-X-3-Running-Shoes-Rose-Sand-i.258374675.23669814946?sp_atk=9c62de4a-3a14-4481-b763-26ed6419e5c7&xptdk=9c62de4a-3a14-4481-b763-26ed6419e5c7,ON Women Cloud X 3 Running Shoes - Rose / Sand,6,04-08-2023
https://shopee.sg/ASICS-Men-GEL-KAYANO-28-(2E)-Running-Shoes-in-Lake-Drive-Black-i.455553838.14573926273?sp_atk=bad8551e-a41a-4717-bc1c-38d848717139&xptdk=bad8551e-a41a-4717-bc1c-38d848717139,ASICS Men GEL-KAYANO 28 (2E) Running Shoes in Lake Drive/Black,6,04-08-2023
https://shopee.sg/Skechers-Men-Sport-D'Lux-Walker-Get-Oasis-walking-Shoes-232362-NTRD-Air-Cooled-Memory-Foam-Relaxed-Fit-i.84710867.20037579751?sp_atk=776e46ed-2e9c-4da0-9309-4649d2fae166&xptdk=776e46ed-2e9c-4da0-9309-4649d2fae166,Skechers Men Sport D'Lux Walker Get Oasis walking Shoes - 232362-NTRD Air-Cooled Memory Foam Relaxed Fit,6,04-08-2023
https://shopee.sg/Skechers-Women-Sport-Arch-Fit-D'Lux-Cozy-Path-Shoes-149686-MVE-Air-Cooled-Arch-Fit-Relaxed-Fit-i.84710867.12097090838?sp_atk=39cef9c3-53d9-436a-a3cc-0e514e00b09d&xptdk=39cef9c3-53d9-436a-a3cc-0e514e00b09d,"Skechers Women Sport Arch Fit D'Lux Cozy Path Shoes - 149686-MVE Air-Cooled, Arch Fit, Relaxed Fit",6,04-08-2023
https://shopee.sg/adidas-Running-Energy-Falcon-X-Shoes-Women-Grey-FW4714-i.265436651.8784102380?sp_atk=2c7dbe65-91b9-4bde-b741-cc907f904c65&xptdk=2c7dbe65-91b9-4bde-b741-cc907f904c65,adidas Running Energy Falcon X Shoes Women Grey FW4714,6,04-08-2023
https://shopee.sg/ASICS-Women-GEL-KAYANO-29-Running-Shoes-in-Black-Red-Alert-i.455553838.21871128434?sp_atk=eef43237-050d-4534-acdf-b6a4c03315c4&xptdk=eef43237-050d-4534-acdf-b6a4c03315c4,ASICS Women GEL-KAYANO 29 Running Shoes in Black/Red Alert,6,04-08-2023
https://shopee.sg/Skechers-Women-Sport-Skech-Air-Dynamight-Mad-Dash-Shoes-149757-NVLV-Memory-Foam-Breathable-Machine-Washable-Vegan-i.84710867.18688997320?sp_atk=982eb188-aa2e-4994-b18e-ecf972de38a4&xptdk=982eb188-aa2e-4994-b18e-ecf972de38a4,"Skechers Women Sport Skech-Air Dynamight Mad Dash Shoes - 149757-NVLV Memory Foam Breathable, Machine Washable, Vegan",6,04-08-2023
https://shopee.sg/ASICS-Women-GEL-KAYANO-28-Running-Shoes-in-Barely-Rose-White-i.455553838.10895900810?sp_atk=69aae0fd-9f1a-4290-8506-ba9eaeac308a&xptdk=69aae0fd-9f1a-4290-8506-ba9eaeac308a,ASICS Women GEL-KAYANO 28 Running Shoes in Barely Rose/White,6,04-08-2023
https://shopee.sg/Skechers-Online-Exclusive-Men-Sport-Arch-Fit-Infinity-Cool-walking-Shoes-232303-BLK-Arch-Fit-i.84710867.18019615950?sp_atk=8a26c2b3-069d-4156-a827-834f4334a53b&xptdk=8a26c2b3-069d-4156-a827-834f4334a53b,Skechers Online Exclusive Men Sport Arch Fit Infinity Cool walking Shoes - 232303-BLK Arch Fit,6,04-08-2023
https://shopee.sg/New-Balance-997-Women's-Lifestyle-Shoes-i.331320512.8551931315?sp_atk=65e214fe-96b3-453b-90ce-80f3fe8fe9a7&xptdk=65e214fe-96b3-453b-90ce-80f3fe8fe9a7,New Balance 997 Women's Lifestyle Shoes,6,04-08-2023
https://shopee.sg/Skechers-Men-Slip-Ins-Sport-Ultra-Flex-3.0-Shoes-232451-NVOR-Air-Cooled-Memory-Foam-i.84710867.22944996487?sp_atk=12c84409-71f2-4930-8d7d-46dd42fd7934&xptdk=12c84409-71f2-4930-8d7d-46dd42fd7934,Skechers Men Slip-Ins Sport Ultra Flex 3.0 Shoes - 232451-NVOR Air-Cooled Memory Foam,6,04-08-2023
https://shopee.sg/HOKA-Women-Kawana-Running-Shoes-Short-Bread-Bluing-i.258374675.18359539642?sp_atk=1bf97d45-c667-4b61-ae78-e0fc4f649c0e&xptdk=1bf97d45-c667-4b61-ae78-e0fc4f649c0e,HOKA Women Kawana Running Shoes - Short Bread / Bluing,6,04-08-2023
https://shopee.sg/Under-Armour-UA-Women's-Flow-Synchronicity-Street-Running-Shoes-i.252648730.21659109465?sp_atk=a0c97356-c088-4cfe-96c5-4b1ffeada5c7&xptdk=a0c97356-c088-4cfe-96c5-4b1ffeada5c7,Under Armour UA Women's Flow Synchronicity Street Running Shoes,6,04-08-2023
https://shopee.sg/Saucony-Women-Endorphin-Speed-3-Running-Shoes-Horizon-Gold-i.972850661.20577369612?sp_atk=c2907eee-23ed-4f4c-a987-c5717a698064&xptdk=c2907eee-23ed-4f4c-a987-c5717a698064,Saucony Women Endorphin Speed 3 Running Shoes - Horizon / Gold,6,04-08-2023
https://shopee.sg/Saucony-Men-Kinvara-13-Wide-Running-Shoe-Black-Silver-i.972850661.22735706064?sp_atk=7134c959-7246-4556-bffa-32fb74d4175f&xptdk=7134c959-7246-4556-bffa-32fb74d4175f,Saucony Men Kinvara 13 Wide Running Shoe - Black / Silver,6,04-08-2023
https://shopee.sg/New-Balance-NYC-Marathon-Fuel-Cell-SuperComp-Elite-V3-Womens-Running-B-i.82375312.23927899809?sp_atk=d3c0dcc8-3643-4d55-b139-2051ede8eafd&xptdk=d3c0dcc8-3643-4d55-b139-2051ede8eafd,New Balance NYC Marathon Fuel Cell SuperComp Elite V3 Womens Running B,6,04-08-2023
https://shopee.sg/Skechers-Women-Sport-Arch-Fit-Big-Appeal-Shoes-149057-CCBL-Sneakers-Sport-i.84710867.21332640885?sp_atk=05aed593-85f7-4e94-9bd6-6912c18ac088&xptdk=05aed593-85f7-4e94-9bd6-6912c18ac088,"Skechers Women Sport Arch Fit Big Appeal Shoes - 149057-CCBL - Sneakers, Sport",6,04-08-2023
https://shopee.sg/adidas-Running-Adistar-2.0-Shoes-Men-Black-HP2335-i.265436651.22322232532?sp_atk=6e6ee2d8-8b86-4d4e-90bd-b0266299e02b&xptdk=6e6ee2d8-8b86-4d4e-90bd-b0266299e02b,adidas Running Adistar 2.0 Shoes Men Black HP2335,6,04-08-2023
https://shopee.sg/Skechers-Online-Exclusive-Women-GOwalk-Arch-Fit-Fun-Voyage-Walking-Shoes-124868-BKHP-Sneakers-Sport-i.84710867.18019615971?sp_atk=c2781f07-ee3f-4a92-ae6d-82aac168d587&xptdk=c2781f07-ee3f-4a92-ae6d-82aac168d587,"Skechers Online Exclusive Women GOwalk Arch Fit Fun Voyage Walking Shoes - 124868-BKHP - Sneakers, Sport",6,04-08-2023
https://shopee.sg/Skechers-Men-Sport-Skech-Fast-Shoes-232440-CHAR-Air-Cooled-Memory-Foam-i.84710867.22643138066?sp_atk=971b40ad-43d7-455a-88e0-a96d0b7ef026&xptdk=971b40ad-43d7-455a-88e0-a96d0b7ef026,Skechers Men Sport Skech Fast Shoes - 232440-CHAR Air-Cooled Memory Foam,6,04-08-2023
https://shopee.sg/Under-Armour-UA-Men's-Charged-Impulse-3-Running-Shoes-i.252648730.18156556884?sp_atk=99488319-651c-48e2-a331-092cf5b8bba2&xptdk=99488319-651c-48e2-a331-092cf5b8bba2,Under Armour UA Men's Charged Impulse 3 Running Shoes,6,04-08-2023
https://shopee.sg/Skechers-Women-Transformers-Sport-Stamina-V3-Shoes-800017-WMLT-Air-Cooled-Memory-Foam-i.84710867.23541409448?sp_atk=de273335-b29e-49f5-b463-a693c0830b81&xptdk=de273335-b29e-49f5-b463-a693c0830b81,Skechers Women Transformers Sport Stamina V3 Shoes - 800017-WMLT Air-Cooled Memory Foam,6,04-08-2023
https://shopee.sg/Saucony-Men-Kinvara-12-Running-Shoes-Cobalt-Citrus-Wide-i.258374675.18351575734?sp_atk=7bf6df08-383e-4f27-b47c-16c1c7f3c9a4&xptdk=7bf6df08-383e-4f27-b47c-16c1c7f3c9a4,Saucony Men Kinvara 12 Running Shoes - Cobalt/Citrus Wide,6,04-08-2023
https://shopee.sg/Adidas-Barricade-Blue-Red-Men's-Tennis-Shoes-i.379296602.23040539121?sp_atk=41075bf3-5810-4032-93b1-0b897ed74b13&xptdk=41075bf3-5810-4032-93b1-0b897ed74b13,Adidas Barricade Blue/Red Men's Tennis Shoes,6,04-08-2023
https://shopee.sg/Asics-Fuzex-Women's-Running-Shoes-T6K8N-9606-i.228636149.4634460006?sp_atk=941f570a-b9f2-4d70-9879-55520cc496af&xptdk=941f570a-b9f2-4d70-9879-55520cc496af,Asics Fuzex Women's Running Shoes - T6K8N-9606,6,04-08-2023
https://shopee.sg/Under-Armour-UA-Women's-Flow-Velociti-SE-Running-Shoes-i.252648730.15641072151?sp_atk=36fdbfe9-9922-445e-a855-6a11e36fdaa3&xptdk=36fdbfe9-9922-445e-a855-6a11e36fdaa3,Under Armour UA Women's Flow Velociti SE Running Shoes,6,04-08-2023
https://shopee.sg/Under-Armour-UA-Womens'-Flow-Velociti-Wind-2-Running-Shoes-i.252648730.22326496209?sp_atk=f4782ea4-58ee-49b4-93a9-9948be70b3e1&xptdk=f4782ea4-58ee-49b4-93a9-9948be70b3e1,Under Armour UA Womens' Flow Velociti Wind 2 Running Shoes,6,04-08-2023
https://shopee.sg/ASICS-Women-GEL-KAYANO-29-MK-Running-Shoes-in-Dive-Blue-Soft-Sky-i.455553838.20257032169?sp_atk=af0e40e9-c6d4-4e2e-ba23-63fc2515acfa&xptdk=af0e40e9-c6d4-4e2e-ba23-63fc2515acfa,ASICS Women GEL-KAYANO 29 MK Running Shoes in Dive Blue/Soft Sky,6,04-08-2023
