https://shopee.sg/Skechers-Online-Exclusive-Men-Foamies-Darvon-Walking-Sandals-8790145-BKGY-i.84710867.10697650833?sp_atk=22683e18-ad67-4a06-bf5f-08678f733293&xptdk=22683e18-ad67-4a06-bf5f-08678f733293,Skechers Online Exclusive Men Foamies Darvon Walking Sandals - 8790145-BKGY,1,04-08-2023
https://shopee.sg/Teva-Men's-Original-Universal-Sandal-Urban-Black-(1004010-BLK)-i.911403529.16390897147?sp_atk=6fc2b1f8-b172-4b18-bd5b-8a909812c51b&xptdk=6fc2b1f8-b172-4b18-bd5b-8a909812c51b,Teva Men's Original Universal Sandal - Urban - Black (1004010-BLK),1,04-08-2023
https://shopee.sg/Skechers-Online-Exclusive-Men-On-The-GO-GOwalk-Arch-Fit-Ultra-Span-Walking-Sandals-229023-NVY-Arch-Fit-Ultra-Go-i.84710867.23433316313?sp_atk=725883c5-b9ae-43d2-9006-10d7b955b5d8&xptdk=725883c5-b9ae-43d2-9006-10d7b955b5d8,"Skechers Online Exclusive Men On-The-GO GOwalk Arch Fit Ultra Span Walking Sandals - 229023-NVY Arch Fit, Ultra Go",1,04-08-2023
https://shopee.sg/Timberland-Men's-Lincoln-Peak-Strap-Sandal-i.179804792.22943595384?sp_atk=8685963c-0d5b-42f3-ab75-b5419ed64a7f&xptdk=8685963c-0d5b-42f3-ab75-b5419ed64a7f,Timberland Men's Lincoln Peak Strap Sandal,1,04-08-2023
https://shopee.sg/Hoka-Unisex-Hopara-Sandals-Shifting-Sand-Dune-i.258374675.18881794462?sp_atk=fca8e5c3-8954-411c-b688-295b8f7d22ee&xptdk=fca8e5c3-8954-411c-b688-295b8f7d22ee,Hoka Unisex Hopara Sandals - Shifting Sand / Dune,1,04-08-2023
https://shopee.sg/PUMA-Unisex-Leadcat-Slide-Sports-Sandals-(Black)-i.341363989.21476571576?sp_atk=595bc996-09eb-48a7-a911-d158429b33ca&xptdk=595bc996-09eb-48a7-a911-d158429b33ca,PUMA Unisex Leadcat Slide Sports Sandals (Black),1,04-08-2023
https://shopee.sg/Skechers-Men-On-The-GO-GOwalk-Flex-Vallejo-Walking-Sandals-229202-BBK-Flex-Machine-Washable-Ultra-Go-i.84710867.22039663860?sp_atk=ad2bb84b-77c1-47d3-9e22-e136c50257b4&xptdk=ad2bb84b-77c1-47d3-9e22-e136c50257b4,"Skechers Men On-The-GO GOwalk Flex Vallejo Walking Sandals - 229202-BBK Flex, Machine Washable, Ultra Go",1,04-08-2023
https://shopee.sg/ECCO-2ND-COZMO-MEN'S-SLIDES-i.456133957.18679880720?sp_atk=eb293288-cc54-487a-add4-3ed4bcba5b04&xptdk=eb293288-cc54-487a-add4-3ed4bcba5b04,ECCO 2ND COZMO MEN'S SLIDES,1,04-08-2023
https://shopee.sg/Timberland-Men's-Seaton-Bay-Cross-Strap-Sandals-i.179804792.22943602907?sp_atk=314ac17c-572a-4b21-87f7-c4578d97213b&xptdk=314ac17c-572a-4b21-87f7-c4578d97213b,Timberland Men's Seaton Bay Cross-Strap Sandals,1,04-08-2023
https://shopee.sg/Birkenstock-Arizona-EVA-Men's-Regular-Width-Sandals-in-Black-i.46900382.1350949422?sp_atk=b73ae4cf-86de-40f7-8070-3d099f3c5fa0&xptdk=b73ae4cf-86de-40f7-8070-3d099f3c5fa0,Birkenstock Arizona EVA Men's Regular Width Sandals in Black,1,04-08-2023
https://shopee.sg/BATA-Men-Weinbrenner-Sandals-861X321-i.324728427.18231425640?sp_atk=e44e6faa-3052-498f-9cf3-76dd6112ef87&xptdk=e44e6faa-3052-498f-9cf3-76dd6112ef87,BATA Men Weinbrenner Sandals 861X321,1,04-08-2023
https://shopee.sg/BATA-WEINBRENNER-Men-Active-Sandals-869X028-i.324728427.19601922396?sp_atk=592af988-5d44-49c7-817f-a4e91b9961ab&xptdk=592af988-5d44-49c7-817f-a4e91b9961ab,BATA WEINBRENNER Men Active Sandals 869X028,1,04-08-2023
https://shopee.sg/Skechers-Men-On-The-GO-GOwalk-Arch-Fit-Walking-Sandals-229020-NVBL-i.84710867.19280046152?sp_atk=489fc698-5187-44f8-843c-06f992c6536c&xptdk=489fc698-5187-44f8-843c-06f992c6536c,Skechers Men On-The-GO GOwalk Arch Fit Walking Sandals - 229020-NVBL,1,04-08-2023
https://shopee.sg/BATA-Men-Birki-Slides-871X688-i.324728427.16045177131?sp_atk=6c94cc7a-978c-410c-991d-beb33491d995&xptdk=6c94cc7a-978c-410c-991d-beb33491d995,BATA Men Birki Slides 871X688,1,04-08-2023
https://shopee.sg/Birkenstock-Tatacoa-Birko-Flor-Men's-Regular-Width-Sandals-in-Futura-Khaki-i.46900382.18940439814?sp_atk=05e28c99-31f5-45ac-9721-06425e1314d0&xptdk=05e28c99-31f5-45ac-9721-06425e1314d0,Birkenstock Tatacoa Birko-Flor Men's Regular Width Sandals in Futura Khaki,1,04-08-2023
https://shopee.sg/Skechers-Men-On-The-GO-GO-Consistent-Sandals-229030-WBK-i.84710867.23233335359?sp_atk=cb589f87-ee67-4dff-944e-5fd7c00d9562&xptdk=cb589f87-ee67-4dff-944e-5fd7c00d9562,Skechers Men On-The-GO GO Consistent Sandals - 229030-WBK,1,04-08-2023
https://shopee.sg/MONTBELL-Lock-On-Sandals-Bk-Black-1129475-(LF)-i.280432311.12764546963?sp_atk=207c94a1-62bb-4d2c-8b7c-d99b4b95a988&xptdk=207c94a1-62bb-4d2c-8b7c-d99b4b95a988,MONTBELL Lock On Sandals Bk Black 1129475 (LF),1,04-08-2023
https://shopee.sg/KEEN-Men's-Clearwater-CNX-Sandal-Black-Gargoyle-i.242190735.7293754923?sp_atk=ce83b381-446d-49ee-9599-b3a9a2a79841&xptdk=ce83b381-446d-49ee-9599-b3a9a2a79841,KEEN Men's Clearwater CNX Sandal - Black/Gargoyle,1,04-08-2023
https://shopee.sg/Birkenstock-Florida-Birko-Flor-Soft-Footbed-Unisex-Regular-Width-Sandals-in-Black-i.46900382.2422951532?sp_atk=ff327aca-734c-490a-b83b-b74288de43f8&xptdk=ff327aca-734c-490a-b83b-b74288de43f8,Birkenstock Florida Birko-Flor Soft Footbed Unisex Regular Width Sandals in Black,1,04-08-2023
https://shopee.sg/Birkenstock-Arizona-Birko-Flor-Unisex-Regular-Width-Sandals-in-Black-i.46900382.2435433689?sp_atk=0d0f080d-c3d2-48cd-98fb-2ac9127cbe72&xptdk=0d0f080d-c3d2-48cd-98fb-2ac9127cbe72,Birkenstock Arizona Birko-Flor Unisex Regular Width Sandals in Black,1,04-08-2023
https://shopee.sg/Teva-Men's-Hurricane-Drift-Sandal-Black-(1124073-BLK)-i.911403529.23109019108?sp_atk=79581ba5-2bf0-4072-be03-16acf24bd4f1&xptdk=79581ba5-2bf0-4072-be03-16acf24bd4f1,Teva Men's Hurricane Drift Sandal - Black (1124073-BLK),1,04-08-2023
https://shopee.sg/MONTBELL-Sock-On-Sandals-TN-Tan-Unisex-1129476-(LF)-i.280432311.22233595559?sp_atk=2727f1b3-483c-47c4-924e-11ca905b3aa0&xptdk=2727f1b3-483c-47c4-924e-11ca905b3aa0,MONTBELL Sock On Sandals TN Tan Unisex 1129476 (LF),1,04-08-2023
https://shopee.sg/MUJI-Cool-Touch-Sandal-i.257608708.18381119404?sp_atk=ef3ca7d3-b5a5-4810-889b-be7657940eac&xptdk=ef3ca7d3-b5a5-4810-889b-be7657940eac,MUJI Cool Touch Sandal,1,04-08-2023
https://shopee.sg/Skechers-Men-On-The-GO-GOwalk-6-Walking-Sandals-894212-NVRD-i.84710867.18188385498?sp_atk=8b3b3bb1-4e52-4d67-b186-c0a09ee06b36&xptdk=8b3b3bb1-4e52-4d67-b186-c0a09ee06b36,Skechers Men On-The-GO GOwalk 6 Walking Sandals - 894212-NVRD,1,04-08-2023
https://shopee.sg/Birkenstock-Atacama-Birko-Flor-Men's-Regular-Width-Sandals-in-Futura-Black-i.46900382.14692033002?sp_atk=77029841-92c4-45dc-9f1a-e39d16fe6892&xptdk=77029841-92c4-45dc-9f1a-e39d16fe6892,Birkenstock Atacama Birko-Flor Men's Regular Width Sandals in Futura Black,1,04-08-2023
https://shopee.sg/Birkenstock-Gizeh-EVA-Unisex-Regular-Width-Sandals-in-Anthracite-(Dark-Gray)-i.46900382.1857176560?sp_atk=197e4744-1a96-4871-91d7-9b446d2e16b1&xptdk=197e4744-1a96-4871-91d7-9b446d2e16b1,Birkenstock Gizeh EVA Unisex Regular Width Sandals in Anthracite (Dark Gray),1,04-08-2023
https://shopee.sg/Teva-Men's-Hurricane-4-Sandal-Black-(1093379-BLK)-Hiking-Sandal-i.911403529.21371375915?sp_atk=2fc94405-86b7-4508-b7c8-5326b1fe28bb&xptdk=2fc94405-86b7-4508-b7c8-5326b1fe28bb,Teva Men's Hurricane 4 Sandal - Black (1093379-BLK) | Hiking Sandal,1,04-08-2023
https://shopee.sg/KEEN-Men's-Uneek-Sandal-Black-Black-i.242190735.5125706668?sp_atk=49cbfe2a-5f56-4cdb-9bf4-71c28a4b14a5&xptdk=49cbfe2a-5f56-4cdb-9bf4-71c28a4b14a5,KEEN Men's Uneek Sandal - Black/Black,1,04-08-2023
https://shopee.sg/KEEN-Men's-Newport-H2-Sandal-Triple-Black-i.242190735.5427670858?sp_atk=c6232a61-3cc8-484f-b15e-2de0209ebafc&xptdk=c6232a61-3cc8-484f-b15e-2de0209ebafc,KEEN Men's Newport H2 Sandal - Triple/Black,1,04-08-2023
https://shopee.sg/KEEN-Men's-Newport-H2-Sandal-Forest-Night-Black-i.242190735.6432600999?sp_atk=df38c2bb-5193-4edb-a47e-46beaf5bc0ab&xptdk=df38c2bb-5193-4edb-a47e-46beaf5bc0ab,KEEN Men's Newport H2 Sandal - Forest Night/Black,1,04-08-2023
https://shopee.sg/Birkenstock-Gizeh-EVA-Unisex-Regular-Width-Sandals-in-Black-i.46900382.1350949441?sp_atk=6fbb54ce-f3cd-4c5d-8470-b4977ee71b3f&xptdk=6fbb54ce-f3cd-4c5d-8470-b4977ee71b3f,Birkenstock Gizeh EVA Unisex Regular Width Sandals in Black,1,04-08-2023
https://shopee.sg/Teva-Men's-Omnium-2-Sandal-Black-(1019180-BLK)-Hiking-Sandal-i.911403529.22818044720?sp_atk=0c32f940-4169-4cce-bdce-96913ab109cc&xptdk=0c32f940-4169-4cce-bdce-96913ab109cc,Teva Men's Omnium 2 Sandal - Black (1019180-BLK) | Hiking Sandal,1,04-08-2023
https://shopee.sg/Skechers-Men-Foamies-Arch-Fit-Horizon-Sandals-243330-MUST-i.84710867.22939663357?sp_atk=0a7dd951-d7f5-4caa-a409-769f6ecbac62&xptdk=0a7dd951-d7f5-4caa-a409-769f6ecbac62,Skechers Men Foamies Arch Fit Horizon Sandals - 243330-MUST,1,04-08-2023
https://shopee.sg/FitFlop-TRAKK-II-Men's-Water-Resistant-Toe-Post-Sandals-Mossy-Green-(EJ3-967)-i.524040819.10498545729?sp_atk=f9b27f70-4ac2-4e8b-b12f-a417d3ba327f&xptdk=f9b27f70-4ac2-4e8b-b12f-a417d3ba327f,FitFlop TRAKK II Men's Water-Resistant Toe-Post Sandals - Mossy Green (EJ3-967),1,04-08-2023
https://shopee.sg/Everlast-Unisex-Double-Strap-Sandals-Black-(4025220120)-i.75762037.16894876348?sp_atk=fbc4b2c3-7996-4243-9451-b9eeaa5f279e&xptdk=fbc4b2c3-7996-4243-9451-b9eeaa5f279e,Everlast Unisex Double Strap Sandals - Black (4025220120),1,04-08-2023
https://shopee.sg/HOKA-Unisex-Ora-Recovery-Slide-3-Sandal-Coastal-Sky-All-Aboard-i.258374675.23339949200?sp_atk=beecc6c8-0bba-4137-a60c-d9190714f21e&xptdk=beecc6c8-0bba-4137-a60c-d9190714f21e,HOKA Unisex Ora Recovery Slide 3 Sandal - Coastal Sky / All Aboard,1,04-08-2023
https://shopee.sg/Timberland-Men's-Lincoln-Peak-Strap-Sandal-i.179804792.23243559198?sp_atk=ad232ff6-417e-4d42-b10b-a8ae36c535a3&xptdk=ad232ff6-417e-4d42-b10b-a8ae36c535a3,Timberland Men's Lincoln Peak Strap Sandal,1,04-08-2023
https://shopee.sg/Teva-Men's-Hurricane-XLT2-Sandal-Blue-Multi-(1019234-BLMU)-Hiking-Sandal-i.911403529.20171377338?sp_atk=b9e23fa5-c7ee-4532-aa3f-70ffd70505e9&xptdk=b9e23fa5-c7ee-4532-aa3f-70ffd70505e9,Teva Men's Hurricane XLT2 Sandal - Blue Multi (1019234-BLMU) | Hiking Sandal,1,04-08-2023
https://shopee.sg/Skechers-Men-On-The-GO-GOwalk-6-Walking-Sandals-894211-BBK-i.84710867.19179439000?sp_atk=e32915ca-6534-4799-b21e-216488fd021b&xptdk=e32915ca-6534-4799-b21e-216488fd021b,Skechers Men On-The-GO GOwalk 6 Walking Sandals - 894211-BBK,1,04-08-2023
https://shopee.sg/Skechers-Online-Exclusive-Men-SKECHERS-USA-Street-Wear-Sargo-Sunview-Sandals-210069-BLK-Memory-Foam-Relaxed-Fit-360-i.84710867.16208953842?sp_atk=bf1c58f8-8b6b-47b3-85e2-11069a9d6e4b&xptdk=bf1c58f8-8b6b-47b3-85e2-11069a9d6e4b,Skechers Online Exclusive Men SKECHERS USA Street Wear Sargo Sunview Sandals - 210069-BLK Memory Foam Relaxed Fit 360,1,04-08-2023
https://shopee.sg/FitFlop-TRAKK-II-Men's-Leather-Toe-Post-Sandals-All-Black-(279-090)-i.524040819.21749107479?sp_atk=5b268de6-080e-44f9-a08f-3116ace68778&xptdk=5b268de6-080e-44f9-a08f-3116ace68778,FitFlop TRAKK II Men's Leather Toe-Post Sandals - All Black (279-090),1,04-08-2023
https://shopee.sg/Under-Armour-UA-Men's-Ignite-7-Sandals-i.252648730.19980417955?sp_atk=ad6a296a-36a4-403d-a575-dafb36722ada&xptdk=ad6a296a-36a4-403d-a575-dafb36722ada,Under Armour UA Men's Ignite 7 Sandals,1,04-08-2023
https://shopee.sg/BATA-Men-Weinbrenner-Sandals-861X321-i.324728427.20531434554?sp_atk=8d1df688-f203-41b0-b483-6f6ce8bf3e38&xptdk=8d1df688-f203-41b0-b483-6f6ce8bf3e38,BATA Men Weinbrenner Sandals 861X321,1,04-08-2023
https://shopee.sg/Birkenstock-Arizona-EVA-Men's-Regular-Width-Sandals-In-Anthracite-(Dark-Gray)-i.46900382.2275005046?sp_atk=259450a4-1e19-4548-b8aa-b45aa56e8ff3&xptdk=259450a4-1e19-4548-b8aa-b45aa56e8ff3,Birkenstock Arizona EVA Men's Regular Width Sandals In Anthracite (Dark Gray),1,04-08-2023
https://shopee.sg/Teva-Men's-Original-Universal-Sandal-Macaroon-Multi-(1004006-MRML)-i.911403529.16390897180?sp_atk=76baddc8-7c22-4c88-9dfc-3dbaa1e22b58&xptdk=76baddc8-7c22-4c88-9dfc-3dbaa1e22b58,Teva Men's Original Universal Sandal - Macaroon Multi (1004006-MRML),1,04-08-2023
https://shopee.sg/BATA-Men-Weinbrenner-Fisherman-Sandals-861X322-i.324728427.20631423560?sp_atk=12711bcb-868d-4b44-9630-0e77954cf07a&xptdk=12711bcb-868d-4b44-9630-0e77954cf07a,BATA Men Weinbrenner Fisherman Sandals 861X322,1,04-08-2023
https://shopee.sg/Birkenstock-Arizona-EVA-Men's-Regular-Width-Sandals-in-White-i.46900382.1437042760?sp_atk=43b98cd7-fd33-469b-a3c2-cbe416cd76dc&xptdk=43b98cd7-fd33-469b-a3c2-cbe416cd76dc,Birkenstock Arizona EVA Men's Regular Width Sandals in White,1,04-08-2023
https://shopee.sg/Timberland-Men's-Lincoln-Peak-Strap-Sandal-i.179804792.18380190905?sp_atk=e5e0ea66-e4ea-4763-b534-993df95f79c7&xptdk=e5e0ea66-e4ea-4763-b534-993df95f79c7,Timberland Men's Lincoln Peak Strap Sandal,1,04-08-2023
https://shopee.sg/Skechers-Men-On-The-GO-GOwalk-6-Walking-Sandals-894211-BRN-i.84710867.23441404495?sp_atk=4a82e873-3c6a-40b7-99b2-80a7da1f93e9&xptdk=4a82e873-3c6a-40b7-99b2-80a7da1f93e9,Skechers Men On-The-GO GOwalk 6 Walking Sandals - 894211-BRN,1,04-08-2023
https://shopee.sg/Timberland-Men's-Seaton-Bay-Cross-Strap-Sandals-i.179804792.21089149158?sp_atk=de8f968c-69d4-447f-bff2-bb2353c49f64&xptdk=de8f968c-69d4-447f-bff2-bb2353c49f64,Timberland Men's Seaton Bay Cross-Strap Sandals,1,04-08-2023
https://shopee.sg/ECCO-CORKSPHERE-MEN'S-SANDALS-i.456133957.15036709858?sp_atk=ec4c7fb3-2062-4597-8cc3-b8478a9f1229&xptdk=ec4c7fb3-2062-4597-8cc3-b8478a9f1229,ECCO CORKSPHERE MEN'S SANDALS,1,04-08-2023
https://shopee.sg/PUMA-SOFTRIDE-Unisex-Sports-Sandals-Swimming-Beach-i.341363989.10571304257?sp_atk=04efd1b0-0786-4fa0-94a2-61c2512fe529&xptdk=04efd1b0-0786-4fa0-94a2-61c2512fe529,PUMA SOFTRIDE Unisex Sports Sandals Swimming/Beach,1,04-08-2023
https://shopee.sg/Birkenstock-Mayari-Birko-Flor-Unisex-Regular-Width-Sandals-in-Stone-i.46900382.4816947878?sp_atk=4be0cb52-287a-46eb-ad73-45223dd94383&xptdk=4be0cb52-287a-46eb-ad73-45223dd94383,Birkenstock Mayari Birko-Flor Unisex Regular Width Sandals in Stone,1,04-08-2023
https://shopee.sg/Teva-Men-Outflow-CT-Sandal-Black-(1134357-BLK)-i.911403529.22214106712?sp_atk=8c1987b6-e1cf-4352-a501-cbcd24a53486&xptdk=8c1987b6-e1cf-4352-a501-cbcd24a53486,Teva Men Outflow CT Sandal - Black (1134357-BLK),1,04-08-2023
https://shopee.sg/FitFlop-SURFER-Men's-Toe-Thongs-Sandals-Black-(AQ2-001)-i.524040819.16077323054?sp_atk=03d7972a-71f6-48da-bb75-e2a5086656a8&xptdk=03d7972a-71f6-48da-bb75-e2a5086656a8,FitFlop SURFER Men's Toe Thongs Sandals - Black (AQ2-001),1,04-08-2023
https://shopee.sg/Skechers-Online-Exclusive-Men-Outdoor-Side-Lines-2.0-Breaker-Trail-Hiking-Sandals-8790164-BBK-i.84710867.16192725327?sp_atk=a3693754-cd7d-4a3c-a69e-999e024b079a&xptdk=a3693754-cd7d-4a3c-a69e-999e024b079a,Skechers Online Exclusive Men Outdoor Side Lines 2.0 Breaker Trail & Hiking Sandals - 8790164-BBK,1,04-08-2023
https://shopee.sg/Skechers-Men-On-The-GO-GO-Recover-Walking-Sandals-229018-NVBL-Dual-Density-Goga-Mat-Technology-Ultra-Go-i.84710867.19976541317?sp_atk=f38424d1-ba54-474b-9e9d-a35c90dc5fd3&xptdk=f38424d1-ba54-474b-9e9d-a35c90dc5fd3,"Skechers Men On-The-GO GO Recover Walking Sandals - 229018-NVBL Dual-Density, Goga Mat Technology, Ultra Go",1,04-08-2023
https://shopee.sg/BATA-Men-Weinbrenner-Urban-Slides-851X065-i.324728427.18031406816?sp_atk=6e87a794-3697-4936-9ed4-2df6cb32c872&xptdk=6e87a794-3697-4936-9ed4-2df6cb32c872,BATA Men Weinbrenner Urban Slides 851X065,1,04-08-2023
https://shopee.sg/BATA-Men-Weinbrenner-Active-Sandals-861X122-i.324728427.11992591017?sp_atk=f1bf274e-5a5f-4e8d-935f-5798294ae6bb&xptdk=f1bf274e-5a5f-4e8d-935f-5798294ae6bb,BATA Men Weinbrenner Active Sandals 861X122,1,04-08-2023
https://shopee.sg/BATA-Men-Comfit-Sandals-871X073-i.324728427.20534597359?sp_atk=d62aef08-d1d7-4c40-983d-d6039ab5596f&xptdk=d62aef08-d1d7-4c40-983d-d6039ab5596f,BATA Men Comfit Sandals 871X073,1,04-08-2023
https://shopee.sg/Northstar-Men-Pool-Slides-Nash-i.324728427.22338695163?sp_atk=6cc3295c-a1dd-4129-bb17-10bf0b4b91e8&xptdk=6cc3295c-a1dd-4129-bb17-10bf0b4b91e8,Northstar Men Pool Slides Nash,2,04-08-2023
https://shopee.sg/Unisex-Slide-Sandals-in-2-Colours-(927)-i.82022023.18010032163?sp_atk=be26bd93-af59-4244-85c1-f9b9cbdaec4e&xptdk=be26bd93-af59-4244-85c1-f9b9cbdaec4e,Unisex Slide Sandals in 2 Colours (927),2,04-08-2023
https://shopee.sg/MEN'S-TOTAL-CONTACT-SANDALS-DK-S9000165-BLK-i.276299695.3339936361?sp_atk=4948ecec-c9d6-4b3f-95f4-3c8fbf2dfbce&xptdk=4948ecec-c9d6-4b3f-95f4-3c8fbf2dfbce,MEN'S TOTAL CONTACT SANDALS DK-S9000165-BLK,2,04-08-2023
https://shopee.sg/REEF-Men-Stash-Slide-Sandals-Tan-Palm-i.48785701.22720029197?sp_atk=5d14ce40-9786-4f43-bcb4-c06853fc0534&xptdk=5d14ce40-9786-4f43-bcb4-c06853fc0534,REEF Men Stash Slide Sandals - Tan Palm,2,04-08-2023
https://shopee.sg/BATA-Men-Weinbrenner-Urban-Slides-851X065-i.324728427.18031406816?sp_atk=099a3781-6716-414a-940e-ebb349f13a07&xptdk=099a3781-6716-414a-940e-ebb349f13a07,BATA Men Weinbrenner Urban Slides 851X065,2,04-08-2023
https://shopee.sg/-BY-FLIPS-Z-Strap-Men's-2-Way-Slip-On-Sandals-i.112777554.18905326022?sp_atk=2225ba81-ca3a-48c0-946a-dc88876d1c66&xptdk=2225ba81-ca3a-48c0-946a-dc88876d1c66,[BY FLIPS] Z-Strap Men's 2-Way Slip-On Sandals,2,04-08-2023
https://shopee.sg/Teva-Men's-Hurricane-Drift-Sandal-Dark-Grey-(1124073-DGRY)-i.911403529.23941730353?sp_atk=3c5f9185-34f3-4f02-858a-1a503b299924&xptdk=3c5f9185-34f3-4f02-858a-1a503b299924,Teva Men's Hurricane Drift Sandal - Dark Grey (1124073-DGRY),2,04-08-2023
https://shopee.sg/Birkenstock-Atacama-Birko-Flor-Men's-Regular-Width-Sandals-in-Futura-Black-i.46900382.14692033002?sp_atk=fe931101-5962-4ad1-a6a2-f7805c1ffbd5&xptdk=fe931101-5962-4ad1-a6a2-f7805c1ffbd5,Birkenstock Atacama Birko-Flor Men's Regular Width Sandals in Futura Black,2,04-08-2023
https://shopee.sg/FitFlop-GOGH-MOC-Men's-Adjustable-Leather-Slide-Sandals-Midnight-Navy-(L05-399)-i.524040819.12002065369?sp_atk=8adf9d99-499b-4355-92b4-213f0feefce4&xptdk=8adf9d99-499b-4355-92b4-213f0feefce4,FitFlop GOGH MOC Men's Adjustable Leather Slide Sandals - Midnight Navy (L05-399),2,04-08-2023
https://shopee.sg/ECCO-2ND-COZMO-MEN'S-SLIDEs-i.456133957.21179859186?sp_atk=8746708e-1c7c-4d1f-bc2c-02faf145888d&xptdk=8746708e-1c7c-4d1f-bc2c-02faf145888d,ECCO 2ND COZMO MEN'S SLIDEs,2,04-08-2023
https://shopee.sg/BATA-Weinbrenner-Men-Sandals-861X188-i.324728427.16281164385?sp_atk=0358430d-b8c9-4380-8589-07b153f4c1b4&xptdk=0358430d-b8c9-4380-8589-07b153f4c1b4,BATA Weinbrenner Men Sandals 861X188,2,04-08-2023
https://shopee.sg/adidas-Swimming-Adilette-Sandals-Unisex-Black-HP3007-i.265436651.23022370095?sp_atk=1133c4cf-a2be-4095-ad64-3494948e1d42&xptdk=1133c4cf-a2be-4095-ad64-3494948e1d42,adidas Swimming Adilette Sandals Unisex Black HP3007,2,04-08-2023
https://shopee.sg/Aldo-Taj-Men-Thong-Flat-Sandals-Brown-i.959254401.20780583519?sp_atk=d6b2b26b-fa6b-4343-96bf-e5c9bf8c6725&xptdk=d6b2b26b-fa6b-4343-96bf-e5c9bf8c6725,Aldo Taj Men Thong Flat Sandals - Brown,2,04-08-2023
https://shopee.sg/BATA-Men-Comfit-Toe-Post-Slides-871X788-i.324728427.16465833848?sp_atk=3d47b86f-c005-410b-ab4f-2a39af9089d9&xptdk=3d47b86f-c005-410b-ab4f-2a39af9089d9,BATA Men Comfit Toe-Post Slides 871X788,2,04-08-2023
https://shopee.sg/Skechers-Men-Outdoor-Side-Lines-2.0-Kraken-Trail-Hiking-Slides-8790192-OLV-i.84710867.23746524647?sp_atk=e472b425-c2b7-48dc-be84-6ad93ff12185&xptdk=e472b425-c2b7-48dc-be84-6ad93ff12185,Skechers Men Outdoor Side Lines 2.0 Kraken Trail & Hiking Slides - 8790192-OLV,2,04-08-2023
https://shopee.sg/Frank-Williams-Men-Shoes-Sandal-GSL-026-Black-i.328348563.10316323722?sp_atk=ad8cec6a-3dd5-46f2-84af-66eca75e0c9c&xptdk=ad8cec6a-3dd5-46f2-84af-66eca75e0c9c,Frank Williams Men Shoes Sandal GSL-026 Black,2,04-08-2023
https://shopee.sg/Everlast-Men's-Sandal-4021230480-(Navy)-i.75762037.21346343438?sp_atk=4a0651c4-7fa3-481b-ace9-43871b652255&xptdk=4a0651c4-7fa3-481b-ace9-43871b652255,Everlast Men's Sandal - 4021230480 (Navy),2,04-08-2023
https://shopee.sg/FitFlop-TRAKK-II-Men's-Water-Resistant-Toe-Post-Sandals-Mossy-Green-(EJ3-967)-i.524040819.10498545729?sp_atk=301d1c95-883c-4d0d-9f17-9becc5008195&xptdk=301d1c95-883c-4d0d-9f17-9becc5008195,FitFlop TRAKK II Men's Water-Resistant Toe-Post Sandals - Mossy Green (EJ3-967),2,04-08-2023
https://shopee.sg/Timberland-Men's-Lincoln-Peak-Strap-Sandal-i.179804792.18380190905?sp_atk=93b886c9-3f45-4a91-9bf6-dfdff1d0e72b&xptdk=93b886c9-3f45-4a91-9bf6-dfdff1d0e72b,Timberland Men's Lincoln Peak Strap Sandal,2,04-08-2023
https://shopee.sg/MONTBELL-Sock-On-Sandals-Bk-Black-Unisex-1129476-(LF)-i.280432311.14300049740?sp_atk=f852c87f-a4a6-41a8-abd3-49676161cb7f&xptdk=f852c87f-a4a6-41a8-abd3-49676161cb7f,MONTBELL Sock On Sandals Bk Black Unisex 1129476 (LF),2,04-08-2023
https://shopee.sg/Skechers-Online-Exclusive-Men-Outdoor-Side-Lines-2.0-Breaker-Trail-Hiking-Slides-8790164-CCBK-Slipper-Casual-i.84710867.22024559537?sp_atk=8c149d60-88b7-4a38-915d-1e7195d2d30d&xptdk=8c149d60-88b7-4a38-915d-1e7195d2d30d,"Skechers Online Exclusive Men Outdoor Side Lines 2.0 Breaker Trail & Hiking Slides - 8790164-CCBK - Slipper, Casual",2,04-08-2023
https://shopee.sg/MEN'S-TOTAL-CONTACT-SANDALS-DK-S9000202-BLK-i.276299695.13221693725?sp_atk=102a2dcb-4075-4bf6-b0bf-67a3938203a8&xptdk=102a2dcb-4075-4bf6-b0bf-67a3938203a8,MEN'S TOTAL CONTACT SANDALS DK-S9000202-BLK,2,04-08-2023
https://shopee.sg/BATA-Men-Weinbrenner-Active-Sandals-861X175-i.324728427.6390678516?sp_atk=5f1f4a3a-6013-48cc-b70e-f55901117e1c&xptdk=5f1f4a3a-6013-48cc-b70e-f55901117e1c,BATA Men Weinbrenner Active Sandals 861X175,2,04-08-2023
https://shopee.sg/PUMA-Unisex-Traek-Sports-Sandals-(Gray)-i.341363989.18974627167?sp_atk=b5841f19-a6d6-46cc-ade4-dce76934669f&xptdk=b5841f19-a6d6-46cc-ade4-dce76934669f,PUMA Unisex Traek Sports Sandals (Gray),2,04-08-2023
https://shopee.sg/Teva-Men's-Hurricane-4-Sandal-Wavy-Trail-Navy-(1093379-WTNV)-Hiking-Sandal-i.911403529.23346056580?sp_atk=1adfba8b-5ce6-4236-932a-b6dd9738d9d9&xptdk=1adfba8b-5ce6-4236-932a-b6dd9738d9d9,Teva Men's Hurricane 4 Sandal - Wavy Trail Navy (1093379-WTNV) | Hiking Sandal,2,04-08-2023
https://shopee.sg/Moda-Paolo-Women-Sandals-in-2-Colours-(74802)-i.82022023.23313738590?sp_atk=5ea779a3-fb8e-4200-98d6-2fd9b3e29412&xptdk=5ea779a3-fb8e-4200-98d6-2fd9b3e29412,Moda Paolo Women Sandals in 2 Colours (74802),2,04-08-2023
https://shopee.sg/ZANETTA-Malaga-Men-Rubber-Sandals-i.87193491.1511899297?sp_atk=a7b619b8-6df4-4bfe-b3a3-e1c3330373df&xptdk=a7b619b8-6df4-4bfe-b3a3-e1c3330373df,ZANETTA Malaga Men Rubber Sandals,2,04-08-2023
https://shopee.sg/Teva-Men-Outflow-CT-Sandal-Black-(1134357-BLK)-i.911403529.22214106712?sp_atk=1c9c9859-88b6-4758-9bc5-8b3a2b5be8b4&xptdk=1c9c9859-88b6-4758-9bc5-8b3a2b5be8b4,Teva Men Outflow CT Sandal - Black (1134357-BLK),2,04-08-2023
https://shopee.sg/Kappa-Authentic-Unisex-Slippers-KL3FD932-i.88612805.19927529280?sp_atk=0c950886-57db-4536-bcc5-6958069f07bb&xptdk=0c950886-57db-4536-bcc5-6958069f07bb,Kappa Authentic Unisex Slippers KL3FD932,2,04-08-2023
https://shopee.sg/BATA-Men-Pool-Slides-Black-872X413-i.324728427.12991805215?sp_atk=1dfe2eeb-bac6-4fe1-8378-2ea1aaaae6c3&xptdk=1dfe2eeb-bac6-4fe1-8378-2ea1aaaae6c3,BATA Men Pool Slides Black 872X413,2,04-08-2023
https://shopee.sg/REEF-Men-Stash-Slide-Sandals-Black-Blue-i.48785701.22620030406?sp_atk=18251e69-c842-45b3-9f56-5fe463dee31e&xptdk=18251e69-c842-45b3-9f56-5fe463dee31e,REEF Men Stash Slide Sandals - Black/Blue,2,04-08-2023
https://shopee.sg/Timberland-Men's-Seaton-Bay-Cross-Strap-Sandals-i.179804792.21089149158?sp_atk=8d03f0cb-d693-47aa-ac1b-64417ccecab9&xptdk=8d03f0cb-d693-47aa-ac1b-64417ccecab9,Timberland Men's Seaton Bay Cross-Strap Sandals,2,04-08-2023
https://shopee.sg/PUMA-Unisex-RoyalCat-Comfort-Chinese-New-Year-Slides-Slippers-(Black)-i.341363989.22419982820?sp_atk=e1eae029-b8fc-435f-b291-3fc9eeda6bd2&xptdk=e1eae029-b8fc-435f-b291-3fc9eeda6bd2,PUMA Unisex RoyalCat Comfort Chinese New Year Slides Slippers (Black),2,04-08-2023
https://shopee.sg/BATA-Men-Sandals-871X077-i.324728427.15283103023?sp_atk=01885b31-9c56-4269-ad92-dc825e119cc6&xptdk=01885b31-9c56-4269-ad92-dc825e119cc6,BATA Men Sandals 871X077,2,04-08-2023
https://shopee.sg/BATA-COMFIT-Men-Sandals-871X245-i.324728427.14583102977?sp_atk=e9e1956f-5433-479b-a65d-d0f1579c1433&xptdk=e9e1956f-5433-479b-a65d-d0f1579c1433,BATA COMFIT Men Sandals 871X245,2,04-08-2023
https://shopee.sg/Teva-Men's-Original-Universal-Sandal-Bandana-Total-Eclipse-(1004006-BTEC)-i.911403529.16390897156?sp_atk=164bf06a-b9d2-40ce-9f0d-2a64179bb2bd&xptdk=164bf06a-b9d2-40ce-9f0d-2a64179bb2bd,Teva Men's Original Universal Sandal - Bandana Total Eclipse (1004006-BTEC),2,04-08-2023
https://shopee.sg/DR.KONG-MEN'S-TOTAL-CONTACT-SANDALS-DK-S9000129-BLK-i.276299695.9915167620?sp_atk=e7d39b29-753f-4764-abc9-c640da8ab62b&xptdk=e7d39b29-753f-4764-abc9-c640da8ab62b,DR.KONG MEN'S TOTAL CONTACT SANDALS DK-S9000129-BLK,2,04-08-2023
https://shopee.sg/BATA-Men-Weinbrenner-Active-Sandals-861X122-i.324728427.11992591017?sp_atk=3e4a9359-bb47-4a22-bb26-a33381be1693&xptdk=3e4a9359-bb47-4a22-bb26-a33381be1693,BATA Men Weinbrenner Active Sandals 861X122,2,04-08-2023
https://shopee.sg/DR.KONG-MEN'S-TOTAL-CONTACT-SANDALS-DK-S9000273-BLK-i.276299695.2917969050?sp_atk=3b7a8c33-31e0-468e-8375-4c4e1edd7f61&xptdk=3b7a8c33-31e0-468e-8375-4c4e1edd7f61,DR.KONG MEN'S TOTAL CONTACT SANDALS DK-S9000273-BLK,2,04-08-2023
https://shopee.sg/Skechers-Men-On-The-GO-GOwalk-6-Walking-Sandals-894212-GYOR-i.84710867.21779427496?sp_atk=32cb72bd-16dc-45d6-806c-396401e8a433&xptdk=32cb72bd-16dc-45d6-806c-396401e8a433,Skechers Men On-The-GO GOwalk 6 Walking Sandals - 894212-GYOR,2,04-08-2023
https://shopee.sg/Skechers-Men-Demon-Slayer-Gambix-2.0-Walking-Sandals-802007-WHT-i.84710867.17392194219?sp_atk=76d1e2a4-f8ed-4ff8-b9d8-895f0063c10b&xptdk=76d1e2a4-f8ed-4ff8-b9d8-895f0063c10b,Skechers Men Demon Slayer Gambix 2.0 Walking Sandals - 802007-WHT,2,04-08-2023
https://shopee.sg/BATA-Men-Weinbrenner-Urban-Slides-851X065-i.324728427.15383245641?sp_atk=f6f9a8f1-83fb-4679-bb3f-477f731b963b&xptdk=f6f9a8f1-83fb-4679-bb3f-477f731b963b,BATA Men Weinbrenner Urban Slides 851X065,2,04-08-2023
https://shopee.sg/Birkenstock-Tatacoa-Birko-flor-Men's-Regular-Width-Sandals-in-Futura-Black-i.46900382.18640431249?sp_atk=88d67003-e591-4088-a612-f0f02fc6799f&xptdk=88d67003-e591-4088-a612-f0f02fc6799f,Birkenstock Tatacoa Birko-flor Men's Regular Width Sandals in Futura Black,2,04-08-2023
https://shopee.sg/DR.KONG-MEN'S-TOTAL-CONTACT-SANDALS-DK-S9000277-GRN-i.276299695.5439840027?sp_atk=d223a0b5-d7aa-4874-9cb0-1b0d4b67b5fe&xptdk=d223a0b5-d7aa-4874-9cb0-1b0d4b67b5fe,DR.KONG MEN'S TOTAL CONTACT SANDALS DK-S9000277-GRN,2,04-08-2023
https://shopee.sg/ECCO-CORKSPHERE-MEN'S-SANDALS-i.456133957.15036709858?sp_atk=d42e6ab5-4127-4fbf-bd31-db949fad8d61&xptdk=d42e6ab5-4127-4fbf-bd31-db949fad8d61,ECCO CORKSPHERE MEN'S SANDALS,2,04-08-2023
https://shopee.sg/Skechers-Men-On-The-GO-GO-Recover-Sandals-229018-LMBK-i.84710867.20079157189?sp_atk=e8fc525b-e107-451d-9089-b0826570d8ed&xptdk=e8fc525b-e107-451d-9089-b0826570d8ed,Skechers Men On-The-GO GO Recover Sandals - 229018-LMBK,2,04-08-2023
https://shopee.sg/Teva-Men's-Hurricane-Drift-Sandal-Navy-(1124073-NAVY)-i.911403529.22846054455?sp_atk=a556f7e7-85fe-4ac8-9590-80ad5230ea62&xptdk=a556f7e7-85fe-4ac8-9590-80ad5230ea62,Teva Men's Hurricane Drift Sandal -  Navy (1124073-NAVY),2,04-08-2023
https://shopee.sg/Birkenstock-Arizona-EVA-Men's-Regular-Width-Sandals-in-Black-i.46900382.1350949422?sp_atk=7d9aac1c-a612-40bd-af05-7f10ef512ec2&xptdk=7d9aac1c-a612-40bd-af05-7f10ef512ec2,Birkenstock Arizona EVA Men's Regular Width Sandals in Black,2,04-08-2023
https://shopee.sg/Skechers-Men-Demon-Slayer-Gambix-2.0-Walking-Sandals-802007-BKGR-i.84710867.22819016985?sp_atk=41e185fc-7dfc-41fc-a2a4-ef528a4803af&xptdk=41e185fc-7dfc-41fc-a2a4-ef528a4803af,Skechers Men Demon Slayer Gambix 2.0 Walking Sandals - 802007-BKGR,2,04-08-2023
https://shopee.sg/Under-Armour-UA-Men's-Ignite-7-Sandals-i.252648730.19980417955?sp_atk=c7ec77f6-6610-4865-8bb1-68d2668ddfe7&xptdk=c7ec77f6-6610-4865-8bb1-68d2668ddfe7,Under Armour UA Men's Ignite 7 Sandals,2,04-08-2023
https://shopee.sg/Skechers-Online-Exclusive-Men-Outdoor-Side-Lines-2.0-Breaker-Trail-Hiking-Sandals-8790164-NVY-i.84710867.17292727031?sp_atk=8c9a946e-065e-4812-83c2-e7adadbd2055&xptdk=8c9a946e-065e-4812-83c2-e7adadbd2055,Skechers Online Exclusive Men Outdoor Side Lines 2.0 Breaker Trail & Hiking Sandals - 8790164-NVY,2,04-08-2023
https://shopee.sg/Shondo-F6-Sport-Men's-Sandals-Camo-Black-i.427005440.8045969762?sp_atk=fbeb8127-cfc2-43ff-abe1-0e5df143c7ea&xptdk=fbeb8127-cfc2-43ff-abe1-0e5df143c7ea,Shondo F6 Sport Men's Sandals - Camo Black,2,04-08-2023
https://shopee.sg/REEF-Men-Cushion-Phantom-Sandal-Ivy-Black-i.48785701.23320028416?sp_atk=697fdc04-8e6f-4236-aea4-24ecacd8467b&xptdk=697fdc04-8e6f-4236-aea4-24ecacd8467b,REEF Men Cushion Phantom Sandal - Ivy/Black,2,04-08-2023
https://shopee.sg/Skechers-Men-On-The-GO-GOwalk-6-Walking-Sandals-894211-BBK-i.84710867.19179439000?sp_atk=d563846d-4238-4a7f-a64d-f664dcc3acdd&xptdk=d563846d-4238-4a7f-a64d-f664dcc3acdd,Skechers Men On-The-GO GOwalk 6 Walking Sandals - 894211-BBK,2,04-08-2023
https://shopee.sg/Skechers-Men-Foamies-Arch-Fit-Horizon-Sandals-243330-MUST-i.84710867.22939663357?sp_atk=1741495e-fcd1-4005-bb25-179c606ed34e&xptdk=1741495e-fcd1-4005-bb25-179c606ed34e,Skechers Men Foamies Arch Fit Horizon Sandals - 243330-MUST,2,04-08-2023
https://shopee.sg/Everlast-Men's-Sandal-4021230420-(Black)-i.75762037.19646320770?sp_atk=1d3c9450-b5b0-4e25-a597-60e63edbd5b7&xptdk=1d3c9450-b5b0-4e25-a597-60e63edbd5b7,Everlast Men's Sandal - 4021230420 (Black),2,04-08-2023
https://shopee.sg/Teva-Men's-Original-Universal-Sandal-Dark-Olive-(1004006-DOL)-i.911403529.23138162082?sp_atk=04b624f9-2b24-4b75-bff7-e62230287b72&xptdk=04b624f9-2b24-4b75-bff7-e62230287b72,Teva Men's Original Universal Sandal -  Dark Olive (1004006-DOL),2,04-08-2023
https://shopee.sg/PUMA-Leadcat-2.0-Men's-Sports-Sandals-(Pink)-i.341363989.23140086325?sp_atk=7bf1bbc0-94d2-4d8f-b337-55fa9bbff1ee&xptdk=7bf1bbc0-94d2-4d8f-b337-55fa9bbff1ee,PUMA Leadcat 2.0 Men's Sports Sandals (Pink),2,04-08-2023
https://shopee.sg/ZANETTA-Alhambra-Men-Sports-Sandals-i.87193491.11540304739?sp_atk=2af228d2-d2ff-4362-b374-58a329fa393c&xptdk=2af228d2-d2ff-4362-b374-58a329fa393c,ZANETTA Alhambra Men Sports Sandals,2,04-08-2023
https://shopee.sg/-BY-FLIPS-Ultra-Lightweight-EVA-Sandals-in-Forest-Double-Strap-i.112777554.1942700414?sp_atk=7cef6a38-bfee-4701-bb67-dbe4e971af37&xptdk=7cef6a38-bfee-4701-bb67-dbe4e971af37,[BY FLIPS] Ultra Lightweight EVA Sandals in Forest Double Strap,2,04-08-2023
https://shopee.sg/Under-Armour-UA-Men's-Ignite-7-Sandals-i.252648730.19980417955?sp_atk=96328ba9-865e-40df-93f0-f0a530004abf&xptdk=96328ba9-865e-40df-93f0-f0a530004abf,Under Armour UA Men's Ignite 7 Sandals,3,04-08-2023
https://shopee.sg/Skechers-Men-Outdoor-Side-Lines-2.0-Kraken-Trail-Hiking-Slides-8790192-OLV-i.84710867.23746524647?sp_atk=dfac15cb-b67d-4429-90aa-9ee9cbf47fa9&xptdk=dfac15cb-b67d-4429-90aa-9ee9cbf47fa9,Skechers Men Outdoor Side Lines 2.0 Kraken Trail & Hiking Slides - 8790192-OLV,3,04-08-2023
https://shopee.sg/Aldo-Taj-Men-Thong-Flat-Sandals-Brown-i.959254401.20780583519?sp_atk=0d348a02-b240-479e-911e-27df94158c2e&xptdk=0d348a02-b240-479e-911e-27df94158c2e,Aldo Taj Men Thong Flat Sandals - Brown,3,04-08-2023
https://shopee.sg/BATA-Men-Weinbrenner-Urban-Slides-851X065-i.324728427.15383245641?sp_atk=31b409a0-7e53-4377-a647-39e939cc2170&xptdk=31b409a0-7e53-4377-a647-39e939cc2170,BATA Men Weinbrenner Urban Slides 851X065,3,04-08-2023
https://shopee.sg/Teva-Men's-Hurricane-Verge-Strappy-Sandal-Black-(1121534-BLK)-Hiking-Sandal-i.911403529.20571376489?sp_atk=2c89192b-5f82-414f-9341-3b8484cfe2f2&xptdk=2c89192b-5f82-414f-9341-3b8484cfe2f2,Teva Men's Hurricane Verge Strappy Sandal - Black (1121534-BLK) | Hiking Sandal,3,04-08-2023
https://shopee.sg/BATA-Men-Thongs-Sandals-Sanford-871X075-i.324728427.14296298071?sp_atk=115a3cbe-99c3-463f-8589-9c47aa17abc1&xptdk=115a3cbe-99c3-463f-8589-9c47aa17abc1,BATA Men Thongs Sandals Sanford 871X075,3,04-08-2023
https://shopee.sg/DR.KONG-MEN'S-TOTAL-CONTACT-SANDALS-DK-S9000279-BLK-i.276299695.7539833642?sp_atk=d29dd935-54e9-4a91-ad10-d7d9491df09e&xptdk=d29dd935-54e9-4a91-ad10-d7d9491df09e,DR.KONG MEN'S TOTAL CONTACT SANDALS DK-S9000279-BLK,3,04-08-2023
https://shopee.sg/ALDO-Hideo-Men's-Flat-Sandals-Open-Navy-i.959254401.21288744401?sp_atk=f702e61e-dc26-42fc-8c97-3d5a04f30f14&xptdk=f702e61e-dc26-42fc-8c97-3d5a04f30f14,ALDO Hideo Men's Flat Sandals- Open Navy,3,04-08-2023
https://shopee.sg/BATA-WEINBRENNER-Men-Urban-Sandals-864X128-i.324728427.16765539250?sp_atk=9a8a837f-7ab9-4257-8364-d79da24621ac&xptdk=9a8a837f-7ab9-4257-8364-d79da24621ac,BATA WEINBRENNER Men Urban Sandals 864X128,3,04-08-2023
https://shopee.sg/Skechers-Men-On-The-GO-GOwalk-Flex-Vallejo-Walking-Sandals-229202-NVY-Flex-Machine-Washable-Ultra-Go-i.84710867.23439657910?sp_atk=4f30a30f-9425-4c43-bc3f-b08997d24b7c&xptdk=4f30a30f-9425-4c43-bc3f-b08997d24b7c,"Skechers Men On-The-GO GOwalk Flex Vallejo Walking Sandals - 229202-NVY Flex, Machine Washable, Ultra Go",3,04-08-2023
https://shopee.sg/Teva-Men-Outflow-CT-Sandal-Teak-(1134357-TEAK)-i.911403529.22968112711?sp_atk=caf9a522-a662-43ac-8b63-b55d2ec983fa&xptdk=caf9a522-a662-43ac-8b63-b55d2ec983fa,Teva Men Outflow CT Sandal - Teak (1134357-TEAK),3,04-08-2023
https://shopee.sg/ZANETTA-Murcia-Men-Sandals-i.87193491.3413687570?sp_atk=1d0b03ec-3c85-4d79-9211-ec8ce0bd5dd5&xptdk=1d0b03ec-3c85-4d79-9211-ec8ce0bd5dd5,ZANETTA Murcia Men Sandals,3,04-08-2023
https://shopee.sg/Skechers-Online-Exclusive-Men-On-The-GO-GOwalk-Arch-Fit-Ultra-Span-Walking-Sandals-229023-BRN-Arch-Fit-Ultra-Go-i.84710867.23530005847?sp_atk=f38dcc4c-136e-4e45-931f-c47b062a40ac&xptdk=f38dcc4c-136e-4e45-931f-c47b062a40ac,"Skechers Online Exclusive Men On-The-GO GOwalk Arch Fit Ultra Span Walking Sandals - 229023-BRN Arch Fit, Ultra Go",3,04-08-2023
https://shopee.sg/Kappa-Authentic-Unisex-Slippers-KL3FD932-i.88612805.19927529280?sp_atk=7abd75bb-c9bb-423a-b653-59edeaa1409a&xptdk=7abd75bb-c9bb-423a-b653-59edeaa1409a,Kappa Authentic Unisex Slippers KL3FD932,3,04-08-2023
https://shopee.sg/ALDO-Hideo-Men's-Flat-Sandals-Turquoise-i.959254401.22667938817?sp_atk=8ac308ae-4328-4d8e-b44d-363ddfabd7aa&xptdk=8ac308ae-4328-4d8e-b44d-363ddfabd7aa,ALDO Hideo Men's Flat Sandals- Turquoise,3,04-08-2023
https://shopee.sg/ECCO-FLOWT-POC-MEN'S-FLAT-SANDALS-i.456133957.15590688375?sp_atk=199e5042-2bfd-4d01-abb8-81efd6ed791c&xptdk=199e5042-2bfd-4d01-abb8-81efd6ed791c,ECCO FLOWT POC MEN'S FLAT SANDALS,3,04-08-2023
https://shopee.sg/Skechers-Men-Demon-Slayer-Gambix-2.0-Walking-Sandals-802007-BKGR-i.84710867.22819016985?sp_atk=93e90aa8-b4a1-4bdb-a38f-aec214e57110&xptdk=93e90aa8-b4a1-4bdb-a38f-aec214e57110,Skechers Men Demon Slayer Gambix 2.0 Walking Sandals - 802007-BKGR,3,04-08-2023
https://shopee.sg/Moda-Paolo-Women-Sandals-in-2-Colours-(74802)-i.82022023.23313738590?sp_atk=d035d6fe-716e-431d-9936-77c6c6550a6c&xptdk=d035d6fe-716e-431d-9936-77c6c6550a6c,Moda Paolo Women Sandals in 2 Colours (74802),3,04-08-2023
https://shopee.sg/Walk-Safari-Comfortable-Leather-Man-Casual-Fashion-Street-Sandals-ZS8812-i.114866093.1900646834?sp_atk=4e6170f9-451d-4b28-bba8-28f888f05bbc&xptdk=4e6170f9-451d-4b28-bba8-28f888f05bbc,Walk Safari Comfortable Leather Man Casual Fashion Street Sandals ZS8812,3,04-08-2023
https://shopee.sg/REEF-Men-Stash-Slide-Sandals-Black-Blue-i.48785701.22620030406?sp_atk=cb4a944f-b7cb-4be5-b2cd-3e08fadc0f83&xptdk=cb4a944f-b7cb-4be5-b2cd-3e08fadc0f83,REEF Men Stash Slide Sandals - Black/Blue,3,04-08-2023
https://shopee.sg/BATA-Comfit-Men-Sandals-801X006-i.324728427.19581756005?sp_atk=1569e4a1-4ffd-4d5d-b467-f5cec1d356d5&xptdk=1569e4a1-4ffd-4d5d-b467-f5cec1d356d5,BATA Comfit Men Sandals 801X006,3,04-08-2023
https://shopee.sg/DR.KONG-MEN'S-TOTAL-CONTACT-SANDALS-DK-S9000273-BRN-i.276299695.7057506157?sp_atk=a94098e1-f9be-4cc4-a686-0987e651222f&xptdk=a94098e1-f9be-4cc4-a686-0987e651222f,DR.KONG MEN'S TOTAL CONTACT SANDALS DK-S9000273-BRN,3,04-08-2023
https://shopee.sg/PUMA-Unisex-Popcat-20-Sports-Sandals-Basics-i.341363989.3071582846?sp_atk=71d95813-274d-4fbd-81a7-50119f5e011c&xptdk=71d95813-274d-4fbd-81a7-50119f5e011c,PUMA Unisex Popcat 20 Sports Sandals Basics,3,04-08-2023
https://shopee.sg/Skechers-Men-On-The-GO-GOwalk-Flex-Vallejo-Walking-Sandals-229202-TPMT-Flex-Machine-Washable-Ultra-Go-i.84710867.22239656797?sp_atk=8987118c-a415-4d37-86cc-3331e4a3798e&xptdk=8987118c-a415-4d37-86cc-3331e4a3798e,"Skechers Men On-The-GO GOwalk Flex Vallejo Walking Sandals - 229202-TPMT Flex, Machine Washable, Ultra Go",3,04-08-2023
https://shopee.sg/FitFlop-TRAKK-II-Men's-Leather-Toe-Post-Sandals-Chocolate-Brown-(279-167)-i.524040819.18660678972?sp_atk=752a234c-3bf2-4a7e-8b32-e9c1c6dbeffd&xptdk=752a234c-3bf2-4a7e-8b32-e9c1c6dbeffd,FitFlop TRAKK II Men's Leather Toe-Post Sandals - Chocolate Brown (279-167),3,04-08-2023
https://shopee.sg/Shondo-F6-Sport-Men's-Sandals-Camo-Black-i.427005440.8045969762?sp_atk=8ec5d26d-2aac-40de-8cdb-68bd8a7e6ad4&xptdk=8ec5d26d-2aac-40de-8cdb-68bd8a7e6ad4,Shondo F6 Sport Men's Sandals - Camo Black,3,04-08-2023
https://shopee.sg/BATA-Men-Weinbrenner-Fisherman-Sandals-861X322-i.324728427.19731410423?sp_atk=903683c7-84e1-42e0-ab0b-5fdf0f9a88f1&xptdk=903683c7-84e1-42e0-ab0b-5fdf0f9a88f1,BATA Men Weinbrenner Fisherman Sandals 861X322,3,04-08-2023
https://shopee.sg/Teva-Men's-Zymic-Sandal-Dark-Olive-Teal-Green-(1124049-DOTG)-Sporty-Sandal-i.911403529.21571941261?sp_atk=91298da8-8898-4875-8ea5-c492851e8263&xptdk=91298da8-8898-4875-8ea5-c492851e8263,Teva Men's Zymic Sandal - Dark Olive/Teal Green (1124049-DOTG) | Sporty Sandal,3,04-08-2023
https://shopee.sg/Skechers-Online-Exclusive-Men-SKECHERS-USA-Street-Wear-Sargo-Sunview-Sandals-210069-NVGY-Memory-Foam-Relaxed-Fit-360-i.84710867.9701153920?sp_atk=b296e64d-6468-4791-9bb9-310ba9460c83&xptdk=b296e64d-6468-4791-9bb9-310ba9460c83,Skechers Online Exclusive Men SKECHERS USA Street Wear Sargo Sunview Sandals - 210069-NVGY Memory Foam Relaxed Fit 360,3,04-08-2023
https://shopee.sg/Birkenstock-Gizeh-EVA-Unisex-Regular-Width-Sandals-in-Anthracite-(Dark-Gray)-i.46900382.1857176560?sp_atk=8368e25d-b2b5-4dd3-9534-f6fe9ea2815f&xptdk=8368e25d-b2b5-4dd3-9534-f6fe9ea2815f,Birkenstock Gizeh EVA Unisex Regular Width Sandals in Anthracite (Dark Gray),3,04-08-2023
https://shopee.sg/Montbell-Lock-On-Sandals-Unisex-White-Light-Silver-i.94279148.20340501436?sp_atk=da44c11d-0a7a-44f0-b596-e412e3cb2a6c&xptdk=da44c11d-0a7a-44f0-b596-e412e3cb2a6c,Montbell Lock-On Sandals Unisex White Light Silver,3,04-08-2023
https://shopee.sg/ZANETTA-Alhambra-Men-Sports-Sandals-i.87193491.11540304739?sp_atk=ac2c709c-1553-420a-aec2-e14f197ee9c7&xptdk=ac2c709c-1553-420a-aec2-e14f197ee9c7,ZANETTA Alhambra Men Sports Sandals,3,04-08-2023
https://shopee.sg/Skechers-Men-On-The-GO-GOwalk-Arch-Fit-Walking-Sandals-229020-BKCC-i.84710867.22368621228?sp_atk=e3a291da-744a-46a0-8e1e-18b873e5b6c7&xptdk=e3a291da-744a-46a0-8e1e-18b873e5b6c7,Skechers Men On-The-GO GOwalk Arch Fit Walking Sandals - 229020-BKCC,3,04-08-2023
https://shopee.sg/Northstar-Men-Pool-Slides-Nash-i.324728427.22338695163?sp_atk=d4526af3-92ee-43de-b38d-3d25c1d516b3&xptdk=d4526af3-92ee-43de-b38d-3d25c1d516b3,Northstar Men Pool Slides Nash,3,04-08-2023
https://shopee.sg/Teva-Men's-Hurricane-XLT2-Sandal-Earth-Multi-(1019234-EHML)-Hiking-Sandal-i.911403529.23941616325?sp_atk=a983da4c-54f9-4ebe-a787-6471d9aae4ee&xptdk=a983da4c-54f9-4ebe-a787-6471d9aae4ee,Teva Men's Hurricane XLT2 Sandal - Earth Multi (1019234-EHML) | Hiking Sandal,3,04-08-2023
https://shopee.sg/BATA-Men-Slides-871X071-i.324728427.17845172450?sp_atk=7a09a437-abbf-4c23-b266-02bb21f9dd1d&xptdk=7a09a437-abbf-4c23-b266-02bb21f9dd1d,BATA Men Slides 871X071,3,04-08-2023
https://shopee.sg/KEEN-Men's-Clearwater-CNX-Sandal-Black-Gargoyle-i.242190735.7293754923?sp_atk=6fbc2737-8b43-4e09-bd2e-c153683d3815&xptdk=6fbc2737-8b43-4e09-bd2e-c153683d3815,KEEN Men's Clearwater CNX Sandal - Black/Gargoyle,3,04-08-2023
https://shopee.sg/Skechers-Men-Demon-Slayer-Gambix-2.0-Walking-Sandals-802007-WHT-i.84710867.17392194219?sp_atk=7500addf-55db-4cb9-bb08-519830aad4b1&xptdk=7500addf-55db-4cb9-bb08-519830aad4b1,Skechers Men Demon Slayer Gambix 2.0 Walking Sandals - 802007-WHT,3,04-08-2023
https://shopee.sg/ECCO-2ND-COZMO-MEN'S-SLIDES-i.456133957.20888809266?sp_atk=0be2c237-c2c0-4298-8b99-b517a8d6d7c8&xptdk=0be2c237-c2c0-4298-8b99-b517a8d6d7c8,ECCO 2ND COZMO MEN'S SLIDES,3,04-08-2023
https://shopee.sg/Skechers-Men-Foamies-Arch-Fit-Arch-Fit-Foamies-Walking-Sandals-243158-CHAR-Slipper-Casual-i.84710867.15051968935?sp_atk=6937fd57-0f5e-45d6-9825-1a1387263e6f&xptdk=6937fd57-0f5e-45d6-9825-1a1387263e6f,"Skechers Men Foamies Arch Fit Arch Fit Foamies Walking Sandals - 243158-CHAR - Slipper, Casual",3,04-08-2023
https://shopee.sg/-BY-FLIPS-Waterproof-Slide-Sandals-in-5-Classic-Colors-i.112777554.1944228714?sp_atk=b45f3623-7dd8-49d3-a982-37d4119d4abd&xptdk=b45f3623-7dd8-49d3-a982-37d4119d4abd,[BY FLIPS] Waterproof Slide Sandals in 5 Classic Colors,3,04-08-2023
https://shopee.sg/Skechers-Men-Foamies-Creston-Ultra-Island-Cove-Walking-Sandals-243102-NVY-i.84710867.22033348393?sp_atk=0e275c27-c63e-4952-877d-8c365b82c298&xptdk=0e275c27-c63e-4952-877d-8c365b82c298,Skechers Men Foamies Creston Ultra Island Cove Walking Sandals - 243102-NVY,3,04-08-2023
https://shopee.sg/CHACO-Lowdown-Leather-Sandals-Otter-Men-JCH108659-(LF)-i.280432311.22740233246?sp_atk=93f57774-3800-461f-b49e-8a5010c0e323&xptdk=93f57774-3800-461f-b49e-8a5010c0e323,CHACO Lowdown Leather Sandals Otter Men JCH108659 (LF),3,04-08-2023
https://shopee.sg/REEF-Men-Phantom-II-Sandal-Brown-i.48785701.14496221797?sp_atk=a76cdb6a-2ddc-440b-aabf-fa6bd73968f0&xptdk=a76cdb6a-2ddc-440b-aabf-fa6bd73968f0,REEF Men Phantom II Sandal - Brown,3,04-08-2023
https://shopee.sg/Teva-Men's-Hurricane-XLT2-Sandal-Dark-Olive-(1019234-DOL)-Hiking-Sandal-i.911403529.20791279023?sp_atk=5d7650c7-a269-46a7-af76-f5c91a1ae57b&xptdk=5d7650c7-a269-46a7-af76-f5c91a1ae57b,Teva Men's Hurricane XLT2 Sandal - Dark Olive (1019234-DOL) | Hiking Sandal,3,04-08-2023
https://shopee.sg/KEEN-Men's-Newport-H2-Sandal-Triple-Black-i.242190735.5427670858?sp_atk=78d6e570-a1c9-4590-b5d6-76ac868af1f4&xptdk=78d6e570-a1c9-4590-b5d6-76ac868af1f4,KEEN Men's Newport H2 Sandal - Triple/Black,3,04-08-2023
https://shopee.sg/BATA-Men-Weinbrenner-Active-Sandals-861X008-i.324728427.17245172465?sp_atk=109f8607-d83d-4415-af94-907dc50e31c5&xptdk=109f8607-d83d-4415-af94-907dc50e31c5,BATA Men Weinbrenner Active Sandals 861X008,3,04-08-2023
https://shopee.sg/KEEN-Shanti-Sandal-Black-Dawn-Blue-1018206-(LF)-i.280432311.19249841888?sp_atk=b8a1ebf8-fb5e-44d9-a929-9bb7476d65e8&xptdk=b8a1ebf8-fb5e-44d9-a929-9bb7476d65e8,KEEN Shanti Sandal Black Dawn Blue 1018206 (LF),3,04-08-2023
https://shopee.sg/BATA-Men-Comfit-Slides-871X038-i.324728427.16565831900?sp_atk=1d9a87fe-e392-46af-8a92-85e397b6c719&xptdk=1d9a87fe-e392-46af-8a92-85e397b6c719,BATA Men Comfit Slides 871X038,3,04-08-2023
https://shopee.sg/Geox-Men-Shoes-Sandal-U-Spherica-Ec5-Coffee-i.267920682.17180195239?sp_atk=dfd6e0d3-53c9-406e-a936-e139a59b50d8&xptdk=dfd6e0d3-53c9-406e-a936-e139a59b50d8,Geox Men Shoes Sandal U Spherica Ec5 Coffee,3,04-08-2023
https://shopee.sg/Kappa-Authentic-Unisex-Slippers-KM3FD958-i.88612805.12895271508?sp_atk=3609b8b3-53cb-4b82-a9cf-2232b4ec1021&xptdk=3609b8b3-53cb-4b82-a9cf-2232b4ec1021,Kappa Authentic Unisex Slippers KM3FD958,3,04-08-2023
https://shopee.sg/FitFlop-FREEWAY-III-Men's-Textile-Slides-Chocolate-(B10-030)-i.524040819.22643973637?sp_atk=ec347cc3-c790-4b87-be19-c424088d437b&xptdk=ec347cc3-c790-4b87-be19-c424088d437b,FitFlop FREEWAY III Men's Textile Slides - Chocolate (B10-030),3,04-08-2023
https://shopee.sg/Moda-Paolo-Men-Slippers-in-2-Colours-(14128)-i.82022023.19711533112?sp_atk=a7b16019-0b12-4abc-b3d3-0161d8209afd&xptdk=a7b16019-0b12-4abc-b3d3-0161d8209afd,Moda Paolo Men Slippers in 2 Colours (14128),3,04-08-2023
https://shopee.sg/Everlast-Unisex-Double-Strap-Sandals-Green-(4025220171)-Earth-Green-Adjustable-Casual-Slides-i.75762037.18289476040?sp_atk=f8301053-2018-4d26-b86c-2f03afb29edb&xptdk=f8301053-2018-4d26-b86c-2f03afb29edb,Everlast Unisex Double Strap Sandals - Green (4025220171) Earth Green | Adjustable Casual Slides,3,04-08-2023
https://shopee.sg/REEF-Men-Fanning-Sandals-Black-Taupe-Fade-i.48785701.23336138528?sp_atk=35ee74dc-b133-4a41-aada-8fdb39246df4&xptdk=35ee74dc-b133-4a41-aada-8fdb39246df4,REEF Men Fanning Sandals - Black/Taupe Fade,3,04-08-2023
https://shopee.sg/Moda-Paolo-Unisex-Slippers-in-Black-White-Colour-(1484T)-i.82022023.20845979577?sp_atk=2e77dc94-a9c4-4345-bfb9-4a8401ecd673&xptdk=2e77dc94-a9c4-4345-bfb9-4a8401ecd673,Moda Paolo Unisex Slippers in Black/White Colour (1484T),3,04-08-2023
https://shopee.sg/PUMA-Unisex-Leadcat-Slide-Sports-Sandals-i.341363989.9274892269?sp_atk=672356d3-513c-49b3-aebf-2006d652bd91&xptdk=672356d3-513c-49b3-aebf-2006d652bd91,PUMA Unisex Leadcat Slide Sports Sandals,3,04-08-2023
https://shopee.sg/REEF-Men-Reef-Cushion-Phantom-Sandals-Shaded-Grey-i.48785701.21777526891?sp_atk=2507db3f-39aa-4467-b884-e093e4f0d5e1&xptdk=2507db3f-39aa-4467-b884-e093e4f0d5e1,REEF Men Reef Cushion Phantom Sandals - Shaded Grey,3,04-08-2023
https://shopee.sg/Teva-Men's-Original-Universal-Sandal-Peaks-Black-(1004006-PSBC)-i.911403529.16390897157?sp_atk=c7fcae33-4a29-430a-955d-0318582215f4&xptdk=c7fcae33-4a29-430a-955d-0318582215f4,Teva Men's Original Universal Sandal - Peaks Black (1004006-PSBC),3,04-08-2023
https://shopee.sg/Everlast-Men's-Sandal-4021230420-(Black)-i.75762037.19646320770?sp_atk=9e83c80f-0eb4-49b2-8948-84a5ffbc517d&xptdk=9e83c80f-0eb4-49b2-8948-84a5ffbc517d,Everlast Men's Sandal - 4021230420 (Black),3,04-08-2023
https://shopee.sg/BATA-Men-Weinbrenner-Active-Sandals-874X223-i.324728427.9286308301?sp_atk=db2f298f-319f-41c1-bed6-fe7ed1e1ed90&xptdk=db2f298f-319f-41c1-bed6-fe7ed1e1ed90,BATA Men Weinbrenner Active Sandals 874X223,4,04-08-2023
https://shopee.sg/FitFlop-TRAKK-II-Men's-Striped-Embossed-Leather-Toe-Post-Sandals-Black-(FM2-090)-i.524040819.18140868286?sp_atk=5d8a4643-6cc1-4579-b957-b180c17d8758&xptdk=5d8a4643-6cc1-4579-b957-b180c17d8758,FitFlop TRAKK II Men's Striped-Embossed Leather Toe-Post Sandals - Black (FM2-090),4,04-08-2023
https://shopee.sg/PUMA-Backstrap-Men's-Sports-Sandals-(Black)-i.341363989.22335096927?sp_atk=6c8d139b-b47f-4818-8e3e-ee3d3e402194&xptdk=6c8d139b-b47f-4818-8e3e-ee3d3e402194,PUMA Backstrap Men's Sports Sandals (Black),4,04-08-2023
https://shopee.sg/Teva-Men's-Outflow-CT-Sandal-Mood-Indigo-(1134357-MOIN)-i.911403529.22114108290?sp_atk=0df0d984-6fc1-43a1-b98e-592862eca8f6&xptdk=0df0d984-6fc1-43a1-b98e-592862eca8f6,Teva Men's Outflow CT Sandal - Mood Indigo (1134357-MOIN),4,04-08-2023
https://shopee.sg/Shondo-F6-Sport-Men's-Sandals-Gray-i.427005440.4186714948?sp_atk=d77fe141-745e-4f5b-88ab-bdcd07549cb9&xptdk=d77fe141-745e-4f5b-88ab-bdcd07549cb9,Shondo F6 Sport Men's Sandals - Gray,4,04-08-2023
https://shopee.sg/Aldo-Dinmore-Men-Flat-Sandals-Camel-i.959254401.17197706686?sp_atk=afac8757-a437-4434-8dd6-5496005ac03c&xptdk=afac8757-a437-4434-8dd6-5496005ac03c,Aldo Dinmore Men Flat Sandals - Camel,4,04-08-2023
https://shopee.sg/KEEN-Men's-Zerraport-II-Sandal-Safari-Black-i.242190735.12534808616?sp_atk=a01e9ce9-2b4f-410d-91cc-572254f14edb&xptdk=a01e9ce9-2b4f-410d-91cc-572254f14edb,KEEN Men's Zerraport II Sandal - Safari/Black,4,04-08-2023
https://shopee.sg/Montbell-AQUA-GRIPPER-SANDALS-Unisex-Dark-Charcoal-Dark-Orange-i.94279148.22528572953?sp_atk=2877705b-5626-4654-8ec9-a2517207d6c4&xptdk=2877705b-5626-4654-8ec9-a2517207d6c4,Montbell AQUA GRIPPER SANDALS Unisex Dark Charcoal Dark Orange,4,04-08-2023
https://shopee.sg/Birkenstock-Arizona-Birko-Flor-SFB-Men's-Regular-Width-Sandals-in-Desert-Soil-Camo-Green-i.46900382.18846013408?sp_atk=ecf19082-263d-4024-925a-37f71791847a&xptdk=ecf19082-263d-4024-925a-37f71791847a,Birkenstock Arizona Birko-Flor SFB Men's Regular Width Sandals in Desert Soil Camo Green,4,04-08-2023
https://shopee.sg/Shimano-EVAIR-Marine-Fishing-Sandals-i.378811874.5993676209?sp_atk=e46e6ebc-4379-4740-bce1-8f2999266f72&xptdk=e46e6ebc-4379-4740-bce1-8f2999266f72,Shimano EVAIR Marine Fishing Sandals,4,04-08-2023
https://shopee.sg/Birkenstock-Arizona-EVA-Unisex-Regular-Width-Sandals-in-Faded-Lime-i.46900382.19680204887?sp_atk=56a19f27-851a-4aea-a7d9-615f247af2f6&xptdk=56a19f27-851a-4aea-a7d9-615f247af2f6,Birkenstock Arizona EVA Unisex Regular Width Sandals in Faded Lime,4,04-08-2023
https://shopee.sg/Skechers-Men-On-The-GO-Hyper-Slide-Sandals-229133-WBK-i.84710867.21551979518?sp_atk=3df24a7a-c743-4bda-853a-084e7c61b50b&xptdk=3df24a7a-c743-4bda-853a-084e7c61b50b,Skechers Men On-The-GO Hyper Slide Sandals - 229133-WBK,4,04-08-2023
https://shopee.sg/Birkenstock-Arizona-EVA-Men's-Regular-Width-Sandals-In-Anthracite-(Dark-Gray)-i.46900382.2275005046?sp_atk=f28b5aea-a023-45f5-8288-f45accce898f&xptdk=f28b5aea-a023-45f5-8288-f45accce898f,Birkenstock Arizona EVA Men's Regular Width Sandals In Anthracite (Dark Gray),4,04-08-2023
https://shopee.sg/ALDO-Hideo-Men's-Flat-Sandals-Black-i.959254401.22667938798?sp_atk=401147ab-13a8-4282-bf4c-51d74bd75488&xptdk=401147ab-13a8-4282-bf4c-51d74bd75488,ALDO Hideo Men's Flat Sandals- Black,4,04-08-2023
https://shopee.sg/Keen-Men's-Sandal-Yogui-Artsfull-Graphite-i.242190735.22233682982?sp_atk=2fe4568a-3760-4700-9195-f1f54dc578c5&xptdk=2fe4568a-3760-4700-9195-f1f54dc578c5,Keen Men's Sandal Yogui Artsfull - Graphite,4,04-08-2023
https://shopee.sg/KEEN-Men's-Newport-H2-Sandal-Forest-Night-Black-i.242190735.6432600999?sp_atk=c3f3d27b-c99d-47f3-88a8-726c5bcd3a04&xptdk=c3f3d27b-c99d-47f3-88a8-726c5bcd3a04,KEEN Men's Newport H2 Sandal - Forest Night/Black,4,04-08-2023
https://shopee.sg/KEEN-Men's-Sandal-Uneek-Black-Black-i.166583916.23366247822?sp_atk=003c8516-2b99-4ddf-879b-4bbffa625b23&xptdk=003c8516-2b99-4ddf-879b-4bbffa625b23,KEEN Men's Sandal Uneek - Black/Black,4,04-08-2023
https://shopee.sg/HOKA-Unisex-Ora-Recovery-Slide-3-Sandal-Coastal-Sky-All-Aboard-i.258374675.23339949200?sp_atk=5c76ce37-d889-434d-835e-a61563efa216&xptdk=5c76ce37-d889-434d-835e-a61563efa216,HOKA Unisex Ora Recovery Slide 3 Sandal - Coastal Sky / All Aboard,4,04-08-2023
https://shopee.sg/Teva-Men's-Hurricane-Drift-Sandal-Dark-Olive-(1124073-DOL)-i.911403529.16390897230?sp_atk=b8bcad94-bd64-43ac-a6e0-b7ada4c1e46c&xptdk=b8bcad94-bd64-43ac-a6e0-b7ada4c1e46c,Teva Men's Hurricane Drift Sandal - Dark Olive (1124073-DOL),4,04-08-2023
https://shopee.sg/Skechers-Men-On-The-GO-GO-Consistent-Halo-Walking-Sandals-229032-CCOR-Machine-Washable-i.84710867.19088834661?sp_atk=e36c9cac-8ed9-4ff9-a36b-b1af480fd362&xptdk=e36c9cac-8ed9-4ff9-a36b-b1af480fd362,Skechers Men On-The-GO GO Consistent Halo Walking Sandals - 229032-CCOR Machine Washable,4,04-08-2023
https://shopee.sg/Zaxy-Combina-Sand-Minibag-Sandals-i.748390511.13491144058?sp_atk=24b6a71d-3276-4a3a-8197-7be160f296dd&xptdk=24b6a71d-3276-4a3a-8197-7be160f296dd,Zaxy Combina Sand Minibag Sandals,4,04-08-2023
https://shopee.sg/ZANETTA-Barcelona-Men-Sandals-i.87193491.7036403749?sp_atk=e5e65282-1a55-4163-95e9-07a75df2e71d&xptdk=e5e65282-1a55-4163-95e9-07a75df2e71d,ZANETTA Barcelona Men Sandals,4,04-08-2023
https://shopee.sg/FitFlop-GOGH-MOC-Men's-Adjustable-Leather-Slides-Black-(L05-001)-i.524040819.19860680972?sp_atk=fff93e8c-6feb-47d5-9cc5-d8793f7c28ff&xptdk=fff93e8c-6feb-47d5-9cc5-d8793f7c28ff,FitFlop GOGH MOC Men's Adjustable Leather Slides - Black (L05-001),4,04-08-2023
https://shopee.sg/BATA-Comfit-Men-Black-Sandals-Malone-871X036-i.324728427.23513422658?sp_atk=33d9911c-edd4-48c8-ae31-8b7884806dec&xptdk=33d9911c-edd4-48c8-ae31-8b7884806dec,BATA Comfit Men Black Sandals Malone 871X036,4,04-08-2023
https://shopee.sg/Rad-Russel-Cross-Slider-Sandals-Black-i.231410601.12949003851?sp_atk=323465c3-67ff-405f-bbdd-4fc63b06e68c&xptdk=323465c3-67ff-405f-bbdd-4fc63b06e68c,Rad Russel Cross Slider Sandals - Black,4,04-08-2023
https://shopee.sg/Teva-Men's-Hurricane-XLT2-Sandal-Chara-Orion-Blue-(1019234-CONB)-Hiking-Sandal-i.911403529.23841622985?sp_atk=1844483c-fcf7-490a-ac0b-a818d34e0fac&xptdk=1844483c-fcf7-490a-ac0b-a818d34e0fac,Teva Men's Hurricane XLT2 Sandal - Chara Orion Blue (1019234-CONB) | Hiking Sandal,4,04-08-2023
https://shopee.sg/Zaxy-Pulsar-Sandal-Fem-Sandals-i.748390511.17362810169?sp_atk=a8ddf5b5-372d-4186-8c36-6db5f77e4997&xptdk=a8ddf5b5-372d-4186-8c36-6db5f77e4997,Zaxy Pulsar Sandal Fem Sandals,4,04-08-2023
https://shopee.sg/Skechers-Men-On-The-GO-GOwalk-6-Jetty-Walking-Sandals-229128-GYBU-Hyper-Pillar-Technology-Ultra-Go-i.84710867.15979502903?sp_atk=0dca4f1f-a745-4d7b-9df7-fab52fd1f238&xptdk=0dca4f1f-a745-4d7b-9df7-fab52fd1f238,"Skechers Men On-The-GO GOwalk 6 Jetty Walking Sandals - 229128-GYBU Hyper Pillar Technology, Ultra Go",4,04-08-2023
https://shopee.sg/KEEN-Men's-Zerraport-II-Sandal-Black-Black-i.242190735.6393736606?sp_atk=10cded6f-2c11-4219-8780-ef39cc4c1e0c&xptdk=10cded6f-2c11-4219-8780-ef39cc4c1e0c,KEEN Men's Zerraport II Sandal - Black/Black,4,04-08-2023
https://shopee.sg/Skechers-Men-Sport-Casual-Gambix-Berlow-Sandals-237293-BBK-i.84710867.18732639181?sp_atk=70bac5f7-d402-41f1-abc2-390df7ca505a&xptdk=70bac5f7-d402-41f1-abc2-390df7ca505a,Skechers Men Sport Casual Gambix Berlow Sandals - 237293-BBK,4,04-08-2023
https://shopee.sg/Teva-Men's-Original-Universal-Sandal-Gecko-Navy-(1004006-GKN)-i.911403529.22868107296?sp_atk=23d58e58-2530-4896-b542-1b8f21900de8&xptdk=23d58e58-2530-4896-b542-1b8f21900de8,Teva Men's Original Universal Sandal -  Gecko Navy (1004006-GKN),4,04-08-2023
https://shopee.sg/Everlast-Unisex-EZZY-Slide-Sandals-Monochrome-Black-(EL19-M633)-Casual-Basic-Footwear-i.75762037.18248793729?sp_atk=f59fe6f2-31fa-4d63-a495-1991fad178e6&xptdk=f59fe6f2-31fa-4d63-a495-1991fad178e6,Everlast Unisex EZZY Slide Sandals - Monochrome Black (EL19-M633) Casual | Basic Footwear,4,04-08-2023
https://shopee.sg/REEF-Men-Reef-Cushion-Phantom-Sandals-Taupe-i.48785701.18777545361?sp_atk=56a8b5c7-b0f0-48c6-9740-66213fe3fdee&xptdk=56a8b5c7-b0f0-48c6-9740-66213fe3fdee,REEF Men Reef Cushion Phantom Sandals - Taupe,4,04-08-2023
https://shopee.sg/FitFlop-GOGH-MOC-Men's-Buckle-Nubuck-Back-Strap-Sandals-Minky-Grey-(GD3-A76)-i.524040819.19690624065?sp_atk=34c46211-4612-498a-a006-53ebcf430315&xptdk=34c46211-4612-498a-a006-53ebcf430315,FitFlop GOGH MOC Men's Buckle Nubuck Back-Strap Sandals - Minky Grey (GD3-A76),4,04-08-2023
https://shopee.sg/Skechers-Men-Foamies-Arch-Fit-Feelin-Fresh-Walking-Slides-243159-WHT-Slipper-Casual-i.84710867.15751968954?sp_atk=828377d0-bdd3-4a9e-91f1-db8821858291&xptdk=828377d0-bdd3-4a9e-91f1-db8821858291,"Skechers Men Foamies Arch Fit Feelin Fresh Walking Slides - 243159-WHT - Slipper, Casual",4,04-08-2023
https://shopee.sg/REEF-Men-Stash-Slide-Sandals-Black-Cactus-i.48785701.22220030360?sp_atk=c3379bf8-0895-4886-9a01-dc6ddef9600a&xptdk=c3379bf8-0895-4886-9a01-dc6ddef9600a,REEF Men Stash Slide Sandals - Black/Cactus,4,04-08-2023
https://shopee.sg/ZANETTA-Valencia-Men-Sandals-i.87193491.5936404164?sp_atk=69500193-c3ec-4c36-b9e0-86904e385585&xptdk=69500193-c3ec-4c36-b9e0-86904e385585,ZANETTA Valencia Men Sandals,4,04-08-2023
https://shopee.sg/Teva-Men's-Original-Universal-Sandal-Retro-Block-Total-Eclipse-(1004006-RBTE)-i.911403529.16390897175?sp_atk=06820863-1096-4600-a148-e6d3baadb76c&xptdk=06820863-1096-4600-a148-e6d3baadb76c,Teva Men's Original Universal Sandal - Retro Block Total Eclipse (1004006-RBTE),4,04-08-2023
https://shopee.sg/FitFlop-iQUSHION-Men's-Ergonomic-Leather-Slides-Cappuccino-Brown-(EP9-923)-i.524040819.21159487950?sp_atk=1f6f92fe-c82a-4e6d-982d-a066a9cdc0f8&xptdk=1f6f92fe-c82a-4e6d-982d-a066a9cdc0f8,FitFlop iQUSHION Men's Ergonomic Leather Slides - Cappuccino Brown (EP9-923),4,04-08-2023
https://shopee.sg/DR.KONG-MEN'S-TOTAL-CONTACT-SANDALS-DK-S9000272-BLK-i.276299695.3757607293?sp_atk=3be97091-a25c-4dff-b7e3-70976527695d&xptdk=3be97091-a25c-4dff-b7e3-70976527695d,DR.KONG MEN'S TOTAL CONTACT SANDALS DK-S9000272-BLK,4,04-08-2023
https://shopee.sg/MONTBELL-Lock-On-Sandals-Unisex-1129475-i.280432311.13651612693?sp_atk=65d28be7-bc6a-4224-8ca3-47d7525abbea&xptdk=65d28be7-bc6a-4224-8ca3-47d7525abbea,MONTBELL Lock On Sandals Unisex 1129475,4,04-08-2023
https://shopee.sg/FitFlop-TRAKK-II-Men's-Leather-Toe-Post-Sandals-Navy-(279-005)-i.524040819.12602761740?sp_atk=66c3061f-8896-42be-a598-b143ad611caa&xptdk=66c3061f-8896-42be-a598-b143ad611caa,FitFlop TRAKK II Men's Leather Toe-Post Sandals - Navy (279-005),4,04-08-2023
https://shopee.sg/Montbell-Slip-On-Sandals-Unisex-i.94279148.21305580547?sp_atk=c745cf5c-4c8e-4bec-9836-87680ba07f26&xptdk=c745cf5c-4c8e-4bec-9836-87680ba07f26,Montbell Slip-On Sandals Unisex,4,04-08-2023
https://shopee.sg/Birkenstock-Gizeh-EVA-Unisex-Regular-Width-Sandals-in-Glamour-Gold-i.46900382.19907742415?sp_atk=9737ac6b-9869-4dab-9f70-8a007ac04af5&xptdk=9737ac6b-9869-4dab-9f70-8a007ac04af5,Birkenstock Gizeh EVA Unisex Regular Width Sandals in Glamour Gold,4,04-08-2023
https://shopee.sg/ECCO-ONROADS-POC-MEN'S-FLAT-SANDALS-i.456133957.21930412227?sp_atk=7683c37c-c91d-4548-bb72-6b0f7e420665&xptdk=7683c37c-c91d-4548-bb72-6b0f7e420665,ECCO ONROADS POC MEN'S FLAT SANDALS,4,04-08-2023
https://shopee.sg/Shondo-F7-Racing-Men's-Sandals-Grey-Lime-i.427005440.6186688596?sp_atk=fce029a8-e7cc-4922-ba41-5283f70107c5&xptdk=fce029a8-e7cc-4922-ba41-5283f70107c5,Shondo F7 Racing Men's Sandals - Grey/Lime,4,04-08-2023
https://shopee.sg/Teva-Men's-Hurricane-Verge-Strappy-Sandal-Golden-Orange-(1121534-GORNG)-Hiking-Sandal-i.911403529.21371376500?sp_atk=a9412b0f-074f-40fe-8c66-b5db7ed164f4&xptdk=a9412b0f-074f-40fe-8c66-b5db7ed164f4,Teva Men's Hurricane Verge Strappy Sandal - Golden Orange (1121534-GORNG) | Hiking Sandal,4,04-08-2023
https://shopee.sg/Birkenstock-Milano-Birko-Flor-Men's-Narrow-Width-Sandals-in-White-i.46900382.21107337305?sp_atk=b8a46361-0a9f-4630-8619-ebf0211329bd&xptdk=b8a46361-0a9f-4630-8619-ebf0211329bd,Birkenstock Milano Birko-Flor Men's Narrow Width Sandals in White,4,04-08-2023
https://shopee.sg/Vans-La-Costa-Slides-Slides-Men-(Unisex-US-Size)-Black-VN0A5HF5IX61-i.884975004.18665616928?sp_atk=651c1b20-435d-4e1d-ba1c-c92f8d92d270&xptdk=651c1b20-435d-4e1d-ba1c-c92f8d92d270,Vans La Costa Slides Slides Men (Unisex US Size) Black VN0A5HF5IX61,4,04-08-2023
https://shopee.sg/Teva-Men's-Hurricane-XLT2-Sandal-Rapids-Insignia-Blue-(1019234-RINB)-Hiking-Sandal-i.911403529.23718808971?sp_atk=d7314526-9233-4e91-b577-93bf6e4862e4&xptdk=d7314526-9233-4e91-b577-93bf6e4862e4,Teva Men's Hurricane XLT2 Sandal - Rapids Insignia Blue (1019234-RINB) | Hiking Sandal,4,04-08-2023
https://shopee.sg/DR.KONG-MEN'S-TOTAL-CONTACT-SANDALS-DK-S9000281-BLK-i.276299695.5839833620?sp_atk=e46085ad-db6e-4f61-aca4-944af3469dad&xptdk=e46085ad-db6e-4f61-aca4-944af3469dad,DR.KONG MEN'S TOTAL CONTACT SANDALS DK-S9000281-BLK,4,04-08-2023
https://shopee.sg/CHACO-Lowdown-Leather-Sandals-Black-Men-JCH108619-(LF)-i.280432311.22634547678?sp_atk=584ffd0a-4282-49ff-8099-36aea8497048&xptdk=584ffd0a-4282-49ff-8099-36aea8497048,CHACO Lowdown Leather Sandals Black Men JCH108619 (LF),4,04-08-2023
https://shopee.sg/PUMA-Unisex-Leadcat-2.0-Sports-Sandals-i.341363989.20900062071?sp_atk=d42bdb38-dd26-48d9-af41-31ba92b7b627&xptdk=d42bdb38-dd26-48d9-af41-31ba92b7b627,PUMA Unisex Leadcat 2.0 Sports Sandals,4,04-08-2023
https://shopee.sg/REEF-Men-Oasis-Sandals-Black-i.48785701.22036144733?sp_atk=d2a87589-bef3-4cf8-a267-2fa7b5229930&xptdk=d2a87589-bef3-4cf8-a267-2fa7b5229930,REEF Men Oasis Sandals - Black,4,04-08-2023
https://shopee.sg/FitFlop-GOGH-MOC-Men's-Buckle-Nubuck-Back-Strap-Sandals-Black-(GD3-001)-i.524040819.22573238315?sp_atk=7c9c571c-0f8b-4f1b-964e-532a84788cb9&xptdk=7c9c571c-0f8b-4f1b-964e-532a84788cb9,FitFlop GOGH MOC Men's Buckle Nubuck Back-Strap Sandals - Black (GD3-001),4,04-08-2023
https://shopee.sg/Aldo-Taj-Men-Thong-Flat-Sandals-Black-i.959254401.20780583487?sp_atk=aef73535-a296-46d2-a4e6-288d7bb7914e&xptdk=aef73535-a296-46d2-a4e6-288d7bb7914e,Aldo Taj Men Thong Flat Sandals - Black,4,04-08-2023
https://shopee.sg/ZANETTA-Alicante-Men-Sports-Sandals-i.87193491.11940314055?sp_atk=16a1b4fb-6c39-4fc1-8e68-145f9dd6bf54&xptdk=16a1b4fb-6c39-4fc1-8e68-145f9dd6bf54,ZANETTA Alicante Men Sports Sandals,4,04-08-2023
https://shopee.sg/Teva-Men's-Omnium-2-Sandal-Bungee-Cord-(1019180-BNGC)-Hiking-Sandal-i.911403529.22018048656?sp_atk=c793e528-7f74-4a44-b1b4-80ea7664a495&xptdk=c793e528-7f74-4a44-b1b4-80ea7664a495,Teva Men's Omnium 2 Sandal - Bungee Cord (1019180-BNGC) | Hiking Sandal,4,04-08-2023
https://shopee.sg/DR.KONG-MEN'S-TOTAL-CONTACT-SANDALS-DK-S9000275-BLK-i.276299695.4239835665?sp_atk=0e7168f1-a9b6-4176-a47f-3c27ea0c7458&xptdk=0e7168f1-a9b6-4176-a47f-3c27ea0c7458,DR.KONG MEN'S TOTAL CONTACT SANDALS DK-S9000275-BLK,4,04-08-2023
https://shopee.sg/Birkenstock-Gizeh-Birko-Flor-Unisex-Regular-Width-Sandals-in-White-i.46900382.3544733460?sp_atk=254f2207-c19e-4e57-8f20-282787da99a0&xptdk=254f2207-c19e-4e57-8f20-282787da99a0,Birkenstock Gizeh Birko-Flor Unisex Regular Width Sandals in White,4,04-08-2023
https://shopee.sg/DR.KONG-MEN'S-TOTAL-CONTACT-SANDALS-DK-S9000275-BLK-i.276299695.4239835665?sp_atk=dcbea512-9766-4ae1-9986-eea2a39ce349&xptdk=dcbea512-9766-4ae1-9986-eea2a39ce349,DR.KONG MEN'S TOTAL CONTACT SANDALS DK-S9000275-BLK,5,04-08-2023
https://shopee.sg/Birkenstock-Gizeh-Birko-Flor-Unisex-Regular-Width-Sandals-in-White-i.46900382.3544733460?sp_atk=a417bf60-7cbb-447e-8b93-dc7b3be5b680&xptdk=a417bf60-7cbb-447e-8b93-dc7b3be5b680,Birkenstock Gizeh Birko-Flor Unisex Regular Width Sandals in White,5,04-08-2023
https://shopee.sg/Teva-Men's-Original-Universal-Sandal-Borderless-Blue-Wing-Teal-(1004006-BBWTL)-i.911403529.22239807422?sp_atk=a1802393-341a-48cd-9dee-b8ddaf2abde5&xptdk=a1802393-341a-48cd-9dee-b8ddaf2abde5,Teva Men's Original Universal Sandal - Borderless Blue Wing Teal (1004006-BBWTL),5,04-08-2023
https://shopee.sg/FitFlop-GOGH-MOC-Men's-Adjustable-Leather-Slide-Sandals-Dark-Brown-(L05-092)-i.524040819.12396128740?sp_atk=5862bbfe-6805-4f5e-b91e-5fc7c4171d4c&xptdk=5862bbfe-6805-4f5e-b91e-5fc7c4171d4c,FitFlop GOGH MOC Men's Adjustable Leather Slide Sandals - Dark Brown (L05-092),5,04-08-2023
https://shopee.sg/FitFlop-iQushion-Men's-Pool-Sliders-Midnight-Navy-(EQ4-399)-i.524040819.13393429567?sp_atk=8f1fc40e-e2a4-4456-89a4-9c69019fba3b&xptdk=8f1fc40e-e2a4-4456-89a4-9c69019fba3b,FitFlop iQushion Men's Pool Sliders - Midnight Navy (EQ4-399),5,04-08-2023
https://shopee.sg/Fitflop-TRAKK-II-Mens-Leather-Toe-Post-Sandals-All-Black-279-090-i.328348563.16994618124?sp_atk=1467a36e-544f-4da1-8316-ef1d7da2b173&xptdk=1467a36e-544f-4da1-8316-ef1d7da2b173,Fitflop TRAKK II Mens Leather Toe-Post Sandals | All Black 279-090,5,04-08-2023
https://shopee.sg/Birkenstock-Atacama-Birko-Flor-Men's-Regular-Width-Sandals-in-Futura-Khaki-i.46900382.18240436400?sp_atk=70d493b8-c368-4469-b5e3-dbe02b59b542&xptdk=70d493b8-c368-4469-b5e3-dbe02b59b542,Birkenstock Atacama Birko-Flor Men's Regular Width Sandals in Futura Khaki,5,04-08-2023
https://shopee.sg/Everlast-Men's-EVL-CX-Slide-Sandals-Black-Black-Black-(1EAH0039)-Casual-Basic-Footwear-i.75762037.15593854266?sp_atk=26c1b762-c4f2-4190-87a1-9f7dc2bfaebe&xptdk=26c1b762-c4f2-4190-87a1-9f7dc2bfaebe,Everlast Men's EVL-CX Slide Sandals - Black-Black-Black (1EAH0039) Casual | Basic Footwear,5,04-08-2023
https://shopee.sg/KEEN-Men's-Newport-H2-Sandal-Original-Tie-Dye-i.242190735.11716342977?sp_atk=d79e7329-56a1-4d20-ba40-3d39420f6e84&xptdk=d79e7329-56a1-4d20-ba40-3d39420f6e84,KEEN Men's Newport H2 Sandal - Original/Tie Dye,5,04-08-2023
https://shopee.sg/BATA-Men-Weinbrenner-Active-Sandals-861X022-i.324728427.2963485607?sp_atk=900a2505-e446-4b6c-8ba7-407c48f0bda5&xptdk=900a2505-e446-4b6c-8ba7-407c48f0bda5,BATA Men Weinbrenner Active Sandals 861X022,5,04-08-2023
https://shopee.sg/Zaxy-Conectada-Sandal-Fem-Sandals-i.748390511.17662810008?sp_atk=4f49e9cc-4e34-41ac-82a3-bc3c2f849e4b&xptdk=4f49e9cc-4e34-41ac-82a3-bc3c2f849e4b,Zaxy Conectada Sandal Fem Sandals,5,04-08-2023
https://shopee.sg/KEEN-Men's-Uneek-Sandal-Dark-Olive-Black-i.242190735.7225714625?sp_atk=16d8b07c-e686-4da4-b5b7-d10ea48dfa02&xptdk=16d8b07c-e686-4da4-b5b7-d10ea48dfa02,KEEN Men's Uneek Sandal - Dark Olive/Black,5,04-08-2023
https://shopee.sg/REEF-Men-Fanning-Sandals-Grey-White-i.48785701.23336138618?sp_atk=088f14f3-5531-41a5-86ef-2fb6609ecb13&xptdk=088f14f3-5531-41a5-86ef-2fb6609ecb13,REEF Men Fanning Sandals - Grey/White,5,04-08-2023
https://shopee.sg/BATA-Men-Weinbrenner-Active-Sandals-871X288-i.324728427.2963485705?sp_atk=37613e86-ea3c-4a05-b127-bbf79f48c5e4&xptdk=37613e86-ea3c-4a05-b127-bbf79f48c5e4,BATA Men Weinbrenner Active Sandals 871X288,5,04-08-2023
https://shopee.sg/KEEN-Men's-Sandal-Yogui-Arts-(Graphite)-i.166583916.16194469299?sp_atk=30e59400-3f93-4c76-a0b1-a31e02ae3dcd&xptdk=30e59400-3f93-4c76-a0b1-a31e02ae3dcd,KEEN Men's Sandal Yogui Arts (Graphite),5,04-08-2023
https://shopee.sg/KEEN-Men's-Newport-H2-Sandal-Raya-Black-i.242190735.5627670252?sp_atk=cb7b5bfd-c92b-4b3b-8c41-8a918be8e667&xptdk=cb7b5bfd-c92b-4b3b-8c41-8a918be8e667,KEEN Men's Newport H2 Sandal - Raya/Black,5,04-08-2023
https://shopee.sg/Nike-Benassi-Mens'-Jdi-Print-Slippers-631261-300-i.228636149.6634472579?sp_atk=1472bbd2-3cd1-4619-ac6c-dadd64845042&xptdk=1472bbd2-3cd1-4619-ac6c-dadd64845042,Nike Benassi Mens' Jdi Print Slippers - 631261-300,5,04-08-2023
https://shopee.sg/Teva-Men's-Hurricane-XLT2-Sandal-Borderless-Brown-Multi-(1019234-BBWM)-Hiking-Sandal-i.911403529.14998879800?sp_atk=f7a0bb65-fea6-44dc-8348-a995d928261a&xptdk=f7a0bb65-fea6-44dc-8348-a995d928261a,Teva Men's Hurricane XLT2 Sandal - Borderless Brown Multi (1019234-BBWM) | Hiking Sandal,5,04-08-2023
https://shopee.sg/REEF-Men-Oasis-Sandals-Taupe-i.48785701.22036144553?sp_atk=6db3b11a-6b83-4cd1-80db-18a831162d92&xptdk=6db3b11a-6b83-4cd1-80db-18a831162d92,REEF Men Oasis Sandals - Taupe,5,04-08-2023
https://shopee.sg/ZANETTA-Bilbao-Men-Sports-Sandals-i.87193491.11740336254?sp_atk=92f6d426-f199-4a25-a0e9-f222a4b89520&xptdk=92f6d426-f199-4a25-a0e9-f222a4b89520,ZANETTA Bilbao Men Sports Sandals,5,04-08-2023
https://shopee.sg/Everlast-Men's-EVL-CX-Slide-Sandals-Black-White-White-(1EAH0041)-Casual-Basic-Footwear-i.75762037.18154081330?sp_atk=be6963af-d9e9-4f13-a1db-c84f635658d2&xptdk=be6963af-d9e9-4f13-a1db-c84f635658d2,Everlast Men's EVL-CX Slide Sandals - Black-White-White (1EAH0041) Casual | Basic Footwear,5,04-08-2023
https://shopee.sg/Geox-Men-Shoes-Sandal-U-Spherica-Ec5-Black-i.267920682.10197259202?sp_atk=a6b06f01-dc9b-409a-b5fa-a7f8414de847&xptdk=a6b06f01-dc9b-409a-b5fa-a7f8414de847,Geox Men Shoes Sandal U Spherica Ec5 Black,5,04-08-2023
https://shopee.sg/BATA-Men-Weinbrenner-Active-Sandals-871X007-i.324728427.11992590797?sp_atk=7ef3dcda-bda2-4f12-862a-982c031ee03c&xptdk=7ef3dcda-bda2-4f12-862a-982c031ee03c,BATA Men Weinbrenner Active Sandals 871X007,5,04-08-2023
https://shopee.sg/REEF-Men-One-Slide-Royal-i.48785701.18471806470?sp_atk=c916fda7-e335-4c2e-8648-a75b2debc2ea&xptdk=c916fda7-e335-4c2e-8648-a75b2debc2ea,REEF Men One Slide - Royal,5,04-08-2023
https://shopee.sg/Teva-Men's-Hurricane-Verge-Slide-Sandal-Olive-(1136230-OLV)-Sporty-Sandal-i.911403529.19371109302?sp_atk=4fb1e0f7-b93c-4960-8b2f-01d646ac6949&xptdk=4fb1e0f7-b93c-4960-8b2f-01d646ac6949,Teva Men's Hurricane Verge Slide Sandal - Olive (1136230-OLV) | Sporty Sandal,5,04-08-2023
https://shopee.sg/HOKA-Unisex-Ora-Recovery-Slide-3-Sandal-Bellwether-Blue-Red-Alert-i.258374675.22439943753?sp_atk=a87ea31c-2879-4fec-b7bc-78016276b415&xptdk=a87ea31c-2879-4fec-b7bc-78016276b415,HOKA Unisex Ora Recovery Slide 3 Sandal - Bellwether Blue / Red Alert,5,04-08-2023
https://shopee.sg/FILA-CORE-Men's-FASHION-ORIGINALE-Sandals-i.122238789.22168369376?sp_atk=6f294fdf-ac92-446e-b5d2-15bd4737e3bb&xptdk=6f294fdf-ac92-446e-b5d2-15bd4737e3bb,FILA CORE Men's FASHION ORIGINALE Sandals,5,04-08-2023
https://shopee.sg/PUMA-Unisex-Leadcat-2.0-Sports-Sandals-(White)-i.341363989.22965623483?sp_atk=c14bc3f7-6ceb-448d-bfa9-7c87f7039000&xptdk=c14bc3f7-6ceb-448d-bfa9-7c87f7039000,PUMA Unisex Leadcat 2.0 Sports Sandals (White),5,04-08-2023
https://shopee.sg/Birkenstock-Milano-Natural-Leather-Unisex-Regular-Width-Sandals-in-Ginger-Brown-i.46900382.23726079103?sp_atk=7e7d8a50-cdf9-4e59-9916-6feb40fc545d&xptdk=7e7d8a50-cdf9-4e59-9916-6feb40fc545d,Birkenstock Milano Natural Leather Unisex Regular Width Sandals in Ginger Brown,5,04-08-2023
https://shopee.sg/Birkenstock-Barbados-EVA-Unisex-Regular-Width-Sandals-in-Purple-Fog-i.46900382.20934650091?sp_atk=577f0460-156b-46e9-9d3c-82b65d721848&xptdk=577f0460-156b-46e9-9d3c-82b65d721848,Birkenstock Barbados EVA Unisex Regular Width Sandals in Purple Fog,5,04-08-2023
https://shopee.sg/Skechers-Men-On-The-GO-GO-Consistent-Sandals-229030-NVRD-i.84710867.16593663654?sp_atk=3f031fa9-2b8f-4a70-8882-7ef90600bca1&xptdk=3f031fa9-2b8f-4a70-8882-7ef90600bca1,Skechers Men On-The-GO GO Consistent Sandals - 229030-NVRD,5,04-08-2023
https://shopee.sg/Birkenstock-Arizona-Natural-Leather-Unisex-Regular-Width-Sandals-in-Blue-i.46900382.1394462642?sp_atk=f344ef5a-9bb5-4569-904c-f6197c6a9757&xptdk=f344ef5a-9bb5-4569-904c-f6197c6a9757,Birkenstock Arizona Natural Leather Unisex Regular Width Sandals in Blue,5,04-08-2023
https://shopee.sg/Birkenstock-Gizeh-EVA-Unisex-Regular-Width-Sandals-in-White-i.46900382.1350949428?sp_atk=473edaa6-2c40-4910-84c6-dd98e951b67b&xptdk=473edaa6-2c40-4910-84c6-dd98e951b67b,Birkenstock Gizeh EVA Unisex Regular Width Sandals in White,5,04-08-2023
https://shopee.sg/PUMA-Unisex-Popcat-Chrome-Sports-Sandals-i.341363989.7266150519?sp_atk=9265ab7f-1218-4238-a16d-6e04ab1d763f&xptdk=9265ab7f-1218-4238-a16d-6e04ab1d763f,PUMA Unisex Popcat Chrome Sports Sandals,5,04-08-2023
https://shopee.sg/Skechers-Men-Foamies-Arch-Fit-Horizon-Sandals-243330-OLV-i.84710867.22666894213?sp_atk=a1dad957-c50b-45ee-ad5d-6f819cfc73b5&xptdk=a1dad957-c50b-45ee-ad5d-6f819cfc73b5,Skechers Men Foamies Arch Fit Horizon Sandals - 243330-OLV,5,04-08-2023
https://shopee.sg/Birkenstock-Madrid-Men's-EVA-Regular-Width-in-Khaki-i.46900382.10416802961?sp_atk=856781fc-149c-47e9-8fc9-78c6bacf71b4&xptdk=856781fc-149c-47e9-8fc9-78c6bacf71b4,Birkenstock Madrid Men's EVA Regular Width in Khaki,5,04-08-2023
https://shopee.sg/Skechers-Men-Foamies-Arch-Fit-Horizon-Sandals-243330-BBK-i.84710867.19078809195?sp_atk=058f5baf-740f-40f0-bfec-8c138447c00b&xptdk=058f5baf-740f-40f0-bfec-8c138447c00b,Skechers Men Foamies Arch Fit Horizon Sandals - 243330-BBK,5,04-08-2023
https://shopee.sg/FitFlop-FREEWAY-III-Men's-Textile-Slides-Black-(B10-001)-i.524040819.22943979871?sp_atk=f48eb8f7-4c1a-4d5b-a7c0-89598721a890&xptdk=f48eb8f7-4c1a-4d5b-a7c0-89598721a890,FitFlop FREEWAY III Men's Textile Slides - Black (B10-001),5,04-08-2023
https://shopee.sg/REEF-Men-One-Slide-Sandals-Olive-i.48785701.23520027950?sp_atk=4e1dad84-305d-4ebf-b57a-2253d49ba890&xptdk=4e1dad84-305d-4ebf-b57a-2253d49ba890,REEF Men One Slide Sandals - Olive,5,04-08-2023
https://shopee.sg/Teva-Men's-Hurricane-XLT2-Sandal-Olivine-Brick-Red-Multi-(1019234-OBRM)-Hiking-Sandal-i.911403529.23568106011?sp_atk=a15e1e61-80c6-494c-984a-39e23bfa3822&xptdk=a15e1e61-80c6-494c-984a-39e23bfa3822,Teva Men's Hurricane XLT2 Sandal - Olivine/ Brick Red Multi (1019234-OBRM) | Hiking Sandal,5,04-08-2023
https://shopee.sg/FitFlop-TRAKK-II-Men's-Buckle-Canvas-Toe-Post-Sandals-Midnight-Navy-(GD4-399)-i.524040819.23536315681?sp_atk=8d269882-a576-458f-92a8-7346e38f3267&xptdk=8d269882-a576-458f-92a8-7346e38f3267,FitFlop TRAKK II Men's Buckle Canvas Toe-Post Sandals - Midnight Navy (GD4-399),5,04-08-2023
https://shopee.sg/Vans-X-Nathan-Florence-Nexpa-Synthetic-Slides-Men-(Unisex-US-Size)-BLACK-VN000SE7BLA1-i.884975004.18365898049?sp_atk=4d1d9981-8d23-45cb-8f02-e6f8855bafac&xptdk=4d1d9981-8d23-45cb-8f02-e6f8855bafac,Vans X Nathan Florence Nexpa Synthetic Slides Men (Unisex US Size) BLACK VN000SE7BLA1,5,04-08-2023
https://shopee.sg/Shondo-F6-Sport-Men's-Sandals-Navy-Green-i.427005440.3986805367?sp_atk=c3b816fb-1bae-481c-9d77-e911275c7ff0&xptdk=c3b816fb-1bae-481c-9d77-e911275c7ff0,Shondo F6 Sport Men's Sandals - Navy Green,5,04-08-2023
https://shopee.sg/FitFlop-TRAKK-II-Men's-Water-resistant-Perforated-Neoprene-Toe-Post-Sandals-Black-Neon-Orange-(GD8-A23)-i.524040819.11598911577?sp_atk=9fa32b3c-7e2e-4f1c-8b0d-c6d262484611&xptdk=9fa32b3c-7e2e-4f1c-8b0d-c6d262484611,FitFlop TRAKK II Men's Water-resistant Perforated Neoprene Toe-Post Sandals - Black-Neon Orange (GD8-A23),5,04-08-2023
https://shopee.sg/FitFlop-GOGH-MOC-Men's-Adjustable-Leather-Slides-Latte-Tan-(L05-A21)-i.524040819.21171618326?sp_atk=3ea7af78-eb51-4cca-bcc3-189c58786b0b&xptdk=3ea7af78-eb51-4cca-bcc3-189c58786b0b,FitFlop GOGH MOC Men's Adjustable Leather Slides - Latte Tan (L05-A21),5,04-08-2023
https://shopee.sg/The-North-Face-Men-Base-Camp-Slide-III-Sandal-TNF-Black-TNF-White-i.257542938.13215559041?sp_atk=cc0db460-c6d0-4485-8bce-87090f39ccc9&xptdk=cc0db460-c6d0-4485-8bce-87090f39ccc9,The North Face Men Base Camp Slide III Sandal - TNF Black / TNF White,5,04-08-2023
https://shopee.sg/FitFlop-GOGH-MOC-Men's-Adjustable-Leather-Slides-White-(L05-024)-i.524040819.16592240549?sp_atk=8389aa82-c3a0-4fbf-a8bb-dc346c3e15a8&xptdk=8389aa82-c3a0-4fbf-a8bb-dc346c3e15a8,FitFlop GOGH MOC Men's Adjustable Leather Slides - White (L05-024),5,04-08-2023
https://shopee.sg/FitFlop-TRAKK-II-Men's-Buckle-Leather-Toe-Post-Sandals-Minky-Grey-(GD1-A76)-i.524040819.22473246652?sp_atk=fef13a65-abf9-4e21-bc09-be8c5650f67f&xptdk=fef13a65-abf9-4e21-bc09-be8c5650f67f,FitFlop TRAKK II Men's Buckle Leather Toe-Post Sandals - Minky Grey (GD1-A76),5,04-08-2023
https://shopee.sg/KEEN-Men's-Newport-H2-Sandal-Black-Steel-Grey-i.242190735.3827765582?sp_atk=73f8a289-bf4d-4a7d-af9f-cb2f3d4e07ab&xptdk=73f8a289-bf4d-4a7d-af9f-cb2f3d4e07ab,KEEN Men's Newport H2 Sandal - Black/Steel Grey,5,04-08-2023
https://shopee.sg/Teva-Men's-Hurricane-XLT2-Sandal-Diamond-Total-Eclipse-(1019234-DTEC)-Hiking-Sandal-i.911403529.19071377407?sp_atk=a6d89625-7b6a-4824-a764-10d60c332c32&xptdk=a6d89625-7b6a-4824-a764-10d60c332c32,Teva Men's Hurricane XLT2 Sandal - Diamond Total Eclipse (1019234-DTEC) | Hiking Sandal,5,04-08-2023
https://shopee.sg/Everlast-Men's-Slippers-4151862120-(Black)-i.75762037.17485395059?sp_atk=dae229a1-31ab-4544-8c5a-7604be2f61d4&xptdk=dae229a1-31ab-4544-8c5a-7604be2f61d4,Everlast Men's Slippers - 4151862120 (Black),5,04-08-2023
https://shopee.sg/Keen-Men's-Sandal-Yogui-Arts-Camo-Green-i.166583916.23640753618?sp_atk=2571b10e-41e2-44bd-8e00-0243d597fe9f&xptdk=2571b10e-41e2-44bd-8e00-0243d597fe9f,Keen Men's Sandal Yogui Arts - Camo Green,5,04-08-2023
https://shopee.sg/Skechers-Men-Arch-Fit-Foamies-Slides-243170-NVY-i.84710867.22833328129?sp_atk=e0552322-4019-4b58-8b06-cfa376e6b0ed&xptdk=e0552322-4019-4b58-8b06-cfa376e6b0ed,Skechers Men Arch Fit Foamies Slides - 243170-NVY,5,04-08-2023
https://shopee.sg/Birkenstock-Mayari-Birko-Flor-Unisex-Regular-Width-Sandals-in-Mocha-i.46900382.2425277793?sp_atk=f886d12a-b4a2-4b22-91b5-13f19fc79139&xptdk=f886d12a-b4a2-4b22-91b5-13f19fc79139,Birkenstock Mayari Birko-Flor Unisex Regular Width Sandals in Mocha,5,04-08-2023
https://shopee.sg/PUMA-Leadcat-FTR-Comfort-Sports-Sandals-Unisex-Basics-i.341363989.11854254871?sp_atk=b40057a8-46f4-4b0a-9e9d-3dbe1ba24068&xptdk=b40057a8-46f4-4b0a-9e9d-3dbe1ba24068,PUMA Leadcat FTR Comfort Sports Sandals Unisex Basics,5,04-08-2023
https://shopee.sg/Skechers-Men-Foamies-GOwalk-5-Cruise'N-Walking-Slides-243021-WHT-Slipper-Casual-i.84710867.23422702238?sp_atk=e3300bcf-37e8-4f16-929b-ff8be07ee1e5&xptdk=e3300bcf-37e8-4f16-929b-ff8be07ee1e5,"Skechers Men Foamies GOwalk 5 Cruise'N Walking Slides - 243021-WHT - Slipper, Casual",5,04-08-2023
https://shopee.sg/Hush-Puppies-KAPLANA-Men-Sandals-In-Brown-i.37447465.8119761141?sp_atk=b750ebb3-9130-499b-b38e-eb50eaddb00d&xptdk=b750ebb3-9130-499b-b38e-eb50eaddb00d,Hush Puppies KAPLANA Men Sandals In Brown,5,04-08-2023
https://shopee.sg/REEF-Men-Oasis-Sandals-Olive-Marble-i.48785701.22036144655?sp_atk=f4788a16-cbbc-40fb-a560-0112e53cb162&xptdk=f4788a16-cbbc-40fb-a560-0112e53cb162,REEF Men Oasis Sandals - Olive Marble,5,04-08-2023
https://shopee.sg/Birkenstock-Barbados-EVA-Unisex-Regular-Width-Sandals-in-Sky-Blue-i.46900382.20189144383?sp_atk=33759cd8-9963-4965-97a1-85babeded19b&xptdk=33759cd8-9963-4965-97a1-85babeded19b,Birkenstock Barbados EVA Unisex Regular Width Sandals in Sky Blue,5,04-08-2023
https://shopee.sg/BATA-Weinbrenner-Men-Sandals-861X188-i.324728427.16981162094?sp_atk=8193312e-81f4-4736-b64e-3d0c23c5cc5f&xptdk=8193312e-81f4-4736-b64e-3d0c23c5cc5f,BATA Weinbrenner Men Sandals 861X188,5,04-08-2023
https://shopee.sg/FitFlop-TRAKK-II-Men's-Striped-Embossed-Leather-Toe-Post-Sandals-Light-Tan-(FM2-592)-i.524040819.21540867001?sp_atk=b602f1ac-e29c-42e6-822f-517c4ba6e808&xptdk=b602f1ac-e29c-42e6-822f-517c4ba6e808,FitFlop TRAKK II Men's Striped-Embossed Leather Toe-Post Sandals - Light Tan (FM2-592),6,04-08-2023
https://shopee.sg/Birkenstock-Arizona-EVA-Men's-Regular-Width-Sandals-in-Silver-i.46900382.4160770267?sp_atk=9bfe25cd-e76d-4083-8003-f33ff127537f&xptdk=9bfe25cd-e76d-4083-8003-f33ff127537f,Birkenstock Arizona EVA Men's Regular Width Sandals in Silver,6,04-08-2023
https://shopee.sg/ZANETTA-Barcelona-Men-Sandals-i.87193491.1511803257?sp_atk=b815f4c8-7fbc-4193-82d3-71130aaea3f1&xptdk=b815f4c8-7fbc-4193-82d3-71130aaea3f1,ZANETTA Barcelona Men Sandals,6,04-08-2023
https://shopee.sg/PUMA-Unisex-Popcat-20-Sports-Sandals-Basics-i.341363989.8102211879?sp_atk=6e59a599-294a-46e1-8af0-d561012be76e&xptdk=6e59a599-294a-46e1-8af0-d561012be76e,PUMA Unisex Popcat 20 Sports Sandals Basics,6,04-08-2023
https://shopee.sg/PUMA-Leadcat-FTR-Comfort-Men's-Sports-Sandals-(Green)-i.341363989.22640079569?sp_atk=57136f7f-e194-42aa-b8e2-4c0d746c41e3&xptdk=57136f7f-e194-42aa-b8e2-4c0d746c41e3,PUMA Leadcat FTR Comfort Men's Sports Sandals (Green),6,04-08-2023
https://shopee.sg/PUMA-Unisex-Leadcat-2.0-Suede-Classic-Sports-Sandals-i.341363989.17340522963?sp_atk=b5e60515-5815-44f0-bfb8-c36c34acc445&xptdk=b5e60515-5815-44f0-bfb8-c36c34acc445,PUMA Unisex Leadcat 2.0 Suede Classic Sports Sandals,6,04-08-2023
https://shopee.sg/FitFlop-TRAKK-II-Men's-Leather-Toe-Post-Sandals-Stone-Beige-(279-A20)-i.524040819.18569471429?sp_atk=0712acfe-22ee-4666-81fe-323df6a2a023&xptdk=0712acfe-22ee-4666-81fe-323df6a2a023,FitFlop TRAKK II Men's Leather Toe-Post Sandals - Stone Beige (279-A20),6,04-08-2023
https://shopee.sg/REEF-Men-One-Slide-Sandals-Navy-White-i.48785701.23820027446?sp_atk=04042f2d-6c4a-4543-887d-d844f56ef3f6&xptdk=04042f2d-6c4a-4543-887d-d844f56ef3f6,REEF Men One Slide Sandals - Navy/White,6,04-08-2023
https://shopee.sg/PUMA-Leadcat-2.0-Suede-OG-Men's-Slides-Slippers-(Gray)-i.341363989.19377051071?sp_atk=66ad4b4b-2ca3-4fcf-a96d-8b91c5de1a75&xptdk=66ad4b4b-2ca3-4fcf-a96d-8b91c5de1a75,PUMA Leadcat 2.0 Suede OG Men's Slides Slippers (Gray),6,04-08-2023
https://shopee.sg/Skechers-Men-SKECHERS-USA-Sargo-Sandals-204383-LTBR-i.84710867.16541241556?sp_atk=6a9f2a4c-1ed9-40a3-a297-68e3ea08aca4&xptdk=6a9f2a4c-1ed9-40a3-a297-68e3ea08aca4,Skechers Men SKECHERS USA Sargo Sandals - 204383-LTBR,6,04-08-2023
https://shopee.sg/KEEN-Men's-Uneek-Sandal-Timberwolf-Plaza-Taupe-i.242190735.8336657169?sp_atk=5ffd3457-325f-4970-9cfc-4628703ef00d&xptdk=5ffd3457-325f-4970-9cfc-4628703ef00d,KEEN Men's Uneek Sandal - Timberwolf/Plaza Taupe,6,04-08-2023
https://shopee.sg/Keen-Men's-Sandal-Yogui-Arts-Camo-Green-i.242190735.22333682898?sp_atk=fc200ae9-7506-4c0b-951a-9f30240d7dc4&xptdk=fc200ae9-7506-4c0b-951a-9f30240d7dc4,Keen Men's Sandal Yogui Arts - Camo Green,6,04-08-2023
https://shopee.sg/Skechers-Men-Foamies-Arch-Fit-Horizon-Sandals-243330-SLT-i.84710867.22766896860?sp_atk=edbfb2b5-bc33-43bb-a114-c4ed7809e902&xptdk=edbfb2b5-bc33-43bb-a114-c4ed7809e902,Skechers Men Foamies Arch Fit Horizon Sandals - 243330-SLT,6,04-08-2023
https://shopee.sg/BATA-Men-Weinbrenner-Slides-874X288-i.324728427.17265853328?sp_atk=fa56722a-453e-4e3b-85d8-6a01f3a28735&xptdk=fa56722a-453e-4e3b-85d8-6a01f3a28735,BATA Men Weinbrenner Slides 874X288,6,04-08-2023
https://shopee.sg/Kappa-Authentic-Unisex-Slides-KN2FD967-i.88612805.20327522296?sp_atk=99f8b62d-b48c-4cea-9899-eb38a1dbc933&xptdk=99f8b62d-b48c-4cea-9899-eb38a1dbc933,Kappa Authentic Unisex Slides KN2FD967,6,04-08-2023
https://shopee.sg/Keen-Men's-Shanti-Black-Iris-White-i.242190735.21980368051?sp_atk=69e1aade-d3e8-4ac0-9651-3761cab8ffe7&xptdk=69e1aade-d3e8-4ac0-9651-3761cab8ffe7,Keen Men's Shanti - Black Iris/White,6,04-08-2023
https://shopee.sg/Vans-La-Costa-Slides-Sneakers-Men-(US-Unisex-size)-White-VN0A5HFER6R1-i.884975004.21565759193?sp_atk=b5d64d34-9eef-4617-987b-9a828d1a7464&xptdk=b5d64d34-9eef-4617-987b-9a828d1a7464,Vans La Costa Slides Sneakers Men (US Unisex size) White VN0A5HFER6R1,6,04-08-2023
https://shopee.sg/REEF-Men-Fanning-Baja-Sandal-Olive-Gum-i.48785701.21771803856?sp_atk=877c0d5c-9da9-43d5-9174-aef6917c5cb3&xptdk=877c0d5c-9da9-43d5-9174-aef6917c5cb3,REEF Men Fanning Baja Sandal - Olive Gum,6,04-08-2023
https://shopee.sg/Everlast-Men's-EVL-CX-Slide-Sandals-Black-White-Black-(1EAH0040)-Casual-Basic-Footwear-i.75762037.15193854653?sp_atk=4b2d5dd0-7359-4598-8b48-a2b54ad7d454&xptdk=4b2d5dd0-7359-4598-8b48-a2b54ad7d454,Everlast Men's EVL-CX Slide Sandals - Black-White-Black (1EAH0040) Casual | Basic Footwear,6,04-08-2023
https://shopee.sg/Birkenstock-Mayari-Birko-Flor-Unisex-Regular-Width-Sandals-in-Black-i.46900382.2419713930?sp_atk=5920fa63-151c-4499-861f-d974f2aab4a7&xptdk=5920fa63-151c-4499-861f-d974f2aab4a7,Birkenstock Mayari Birko-Flor Unisex Regular Width Sandals in Black,6,04-08-2023
https://shopee.sg/Skechers-Men-Sport-Casual-Gambix-Berlow-Sandals-237293-WNVR-i.84710867.21332640869?sp_atk=3ad7cf1e-889e-4638-899f-52ca865becf9&xptdk=3ad7cf1e-889e-4638-899f-52ca865becf9,Skechers Men Sport Casual Gambix Berlow Sandals - 237293-WNVR,6,04-08-2023
https://shopee.sg/KEEN-Men's-Zerraport-II-Sandal-Multi-Black-i.242190735.8995762672?sp_atk=2de81774-c212-41a6-9dee-8de53447d675&xptdk=2de81774-c212-41a6-9dee-8de53447d675,KEEN Men's Zerraport II Sandal - Multi/Black,6,04-08-2023
https://shopee.sg/Hush-Puppies-Spitzer-Men's-Sandals-In-Brown-i.37447465.6732587718?sp_atk=6b2ae0ea-fc5b-426b-955c-b674d40e23a7&xptdk=6b2ae0ea-fc5b-426b-955c-b674d40e23a7,Hush Puppies Spitzer Men's Sandals In Brown,6,04-08-2023
https://shopee.sg/Birkenstock-Arizona-Birko-Flor-Soft-Footbed-Unisex-Regular-Width-Sandals-in-Black-i.46900382.2423044859?sp_atk=e04c17ba-565a-480e-9246-147026dab3ad&xptdk=e04c17ba-565a-480e-9246-147026dab3ad,Birkenstock Arizona Birko-Flor Soft Footbed Unisex Regular Width Sandals in Black,6,04-08-2023
https://shopee.sg/FitFlop-TRAKK-II-Men's-Water-resistant-Perforated-Neoprene-Toe-Post-Sandals-Midnight-Navy-Tahiti-Blue-(GD8-A30)-i.524040819.23919459156?sp_atk=5a62e25a-2511-476e-bf24-bcc3b2e282a3&xptdk=5a62e25a-2511-476e-bf24-bcc3b2e282a3,FitFlop TRAKK II Men's Water-resistant Perforated Neoprene Toe-Post Sandals - Midnight Navy-Tahiti Blue (GD8-A30),6,04-08-2023
https://shopee.sg/PUMA-Unisex-Leadcat-2.0-Sports-Sandals-(Black)-i.341363989.20978985247?sp_atk=f26dc410-8069-4680-8c73-75e94afd9054&xptdk=f26dc410-8069-4680-8c73-75e94afd9054,PUMA Unisex Leadcat 2.0 Sports Sandals (Black),6,04-08-2023
https://shopee.sg/Teva-Men's-Hurricane-XLT2-Sandal-Sesame-(1019234-SSME)-Hiking-Sandal-i.911403529.23718809536?sp_atk=a6ea0bc8-2a34-4f9e-af78-01bdb5ef8f90&xptdk=a6ea0bc8-2a34-4f9e-af78-01bdb5ef8f90,Teva Men's Hurricane XLT2 Sandal - Sesame (1019234-SSME) | Hiking Sandal,6,04-08-2023
https://shopee.sg/FitFlop-TRAKK-II-Men's-Buckle-Canvas-Toe-Post-Sandals-Latte-Tan-(GD4-A21)-i.524040819.23536315509?sp_atk=2e60c136-ae15-427a-9a1f-406839e9cc10&xptdk=2e60c136-ae15-427a-9a1f-406839e9cc10,FitFlop TRAKK II Men's Buckle Canvas Toe-Post Sandals - Latte Tan (GD4-A21),6,04-08-2023
https://shopee.sg/FitFlop-TRAKK-II-Men's-Water-resistant-Perforated-Neoprene-Toe-Post-Sandals-Stone-Beige-Electric-Yellow-(GD8-A50)-i.524040819.17297214087?sp_atk=809b6477-f58e-4b93-978f-a696799252f0&xptdk=809b6477-f58e-4b93-978f-a696799252f0,FitFlop TRAKK II Men's Water-resistant Perforated Neoprene Toe-Post Sandals - Stone Beige/Electric Yellow (GD8-A50),6,04-08-2023
https://shopee.sg/PUMA-Unisex-Man-City-Leadcat-2.0-Sports-Sandals-i.341363989.19452152495?sp_atk=791c1d5e-1ee3-4e20-acd6-04737312bf73&xptdk=791c1d5e-1ee3-4e20-acd6-04737312bf73,PUMA Unisex Man City Leadcat 2.0 Sports Sandals,6,04-08-2023
https://shopee.sg/Birkenstock-Arizona-Vegan-Microfiber-Men's-Regular-Width-Sandals-in-Desert-Dust-Black-i.46900382.21349816742?sp_atk=e4a4d8fe-bff0-400a-b3d6-a76876df62ad&xptdk=e4a4d8fe-bff0-400a-b3d6-a76876df62ad,Birkenstock Arizona Vegan Microfiber Men's Regular Width Sandals in Desert Dust Black,6,04-08-2023
https://shopee.sg/ECCO-EXOWRAP-MEN'S-SANDALS-i.456133957.14936648906?sp_atk=e32586a8-2c46-4188-91c7-07c158cc86e7&xptdk=e32586a8-2c46-4188-91c7-07c158cc86e7,ECCO EXOWRAP MEN'S SANDALS,6,04-08-2023
https://shopee.sg/FitFlop-TRAKK-II-Men's-Water-Resistant-Toe-Post-Sandals-All-Black-(EJ3-090)-i.524040819.12602728355?sp_atk=efdb13c4-86b6-4eba-90b9-4083d540f71f&xptdk=efdb13c4-86b6-4eba-90b9-4083d540f71f,FitFlop TRAKK II Men's Water-Resistant Toe-Post Sandals - All Black (EJ3-090),6,04-08-2023
https://shopee.sg/FitFlop-TRAKK-II-Men's-Leather-Toe-Post-Sandals-Dark-Tan-(279-277)-i.524040819.13102758976?sp_atk=78c132c9-faf2-42c1-a722-8e621236d024&xptdk=78c132c9-faf2-42c1-a722-8e621236d024,FitFlop TRAKK II Men's Leather Toe-Post Sandals - Dark Tan (279-277),6,04-08-2023
https://shopee.sg/Birkenstock-Arizona-Vegan-Microfiber-Men's-Regular-Width-Sandals-in-Desert-Dust-Gray-Taupe-i.46900382.18446019684?sp_atk=a7b7e1ae-c239-4414-9847-c549d77d9ca3&xptdk=a7b7e1ae-c239-4414-9847-c549d77d9ca3,Birkenstock Arizona Vegan Microfiber Men's Regular Width Sandals in Desert Dust Gray Taupe,6,04-08-2023
https://shopee.sg/Teva-Men's-Hurricane-XLT2-Sandal-Chara-Black-Grey-(1019234-CBGRY)-Hiking-Sandal-i.911403529.18371377910?sp_atk=d4cf7b62-d720-4f81-8218-c350a8b992a7&xptdk=d4cf7b62-d720-4f81-8218-c350a8b992a7,Teva Men's Hurricane XLT2 Sandal - Chara Black/Grey (1019234-CBGRY) | Hiking Sandal,6,04-08-2023
https://shopee.sg/Rad-Russel-Men's-Leather-Cross-Slider-Sandals-Grey-i.231410601.9372856882?sp_atk=30a39a20-406f-4fa9-92e6-94159b0f7321&xptdk=30a39a20-406f-4fa9-92e6-94159b0f7321,Rad Russel Men's Leather Cross Slider Sandals - Grey,6,04-08-2023
https://shopee.sg/BATA-Women-Comfit-Wedged-Sandals-661X622-i.324728427.14092300037?sp_atk=3f1bbda2-b943-4a5c-ae70-939ab1d4f4df&xptdk=3f1bbda2-b943-4a5c-ae70-939ab1d4f4df,BATA Women Comfit Wedged Sandals 661X622,6,04-08-2023
https://shopee.sg/Everlast-Unisex-Double-Strap-Sandals-Coffee-(4025220102)-Coffee-Brown-Adjustable-Casual-Slides-i.75762037.22844540665?sp_atk=93ba514a-0a9f-430c-8375-b593a7ae2760&xptdk=93ba514a-0a9f-430c-8375-b593a7ae2760,Everlast Unisex Double Strap Sandals - Coffee (4025220102) Coffee Brown | Adjustable Casual Slides,6,04-08-2023
https://shopee.sg/KEEN-Women's-Clearwater-CNX-Sandal-Black-Black-i.242190735.3684575842?sp_atk=b75e25ad-aa16-4f21-817e-04f26609fa58&xptdk=b75e25ad-aa16-4f21-817e-04f26609fa58,KEEN Women's Clearwater CNX Sandal - Black/Black,6,04-08-2023
https://shopee.sg/Birkenstock-Gizeh-Birko-Flor-Unisex-Regular-Width-Sandals-in-Stone-i.46900382.2423088018?sp_atk=669266a4-6bdc-4d92-bc85-9c6f66255822&xptdk=669266a4-6bdc-4d92-bc85-9c6f66255822,Birkenstock Gizeh Birko-Flor Unisex Regular Width Sandals in Stone,6,04-08-2023
https://shopee.sg/FitFlop-GOGH-MOC-Men's-Adjustable-Leather-Slides-Minky-Grey-(L05-A76)-i.524040819.23269432013?sp_atk=dc816071-4d92-42ee-ae91-900b3a74bae5&xptdk=dc816071-4d92-42ee-ae91-900b3a74bae5,FitFlop GOGH MOC Men's Adjustable Leather Slides - Minky Grey (L05-A76),6,04-08-2023
https://shopee.sg/HOKA-Unisex-Ora-Recovery-Slide-3-Sandal-Lilac-Marble-Elderberry-i.258374675.22839947573?sp_atk=4b7ab268-382f-4f15-a140-544d3115628a&xptdk=4b7ab268-382f-4f15-a140-544d3115628a,HOKA Unisex Ora Recovery Slide 3 Sandal -Lilac Marble / Elderberry,6,04-08-2023
https://shopee.sg/Rad-Russel-Cross-Slider-Sandals-Green-i.231410601.10871153747?sp_atk=0a3a2193-a7af-4b28-96c6-1f94c6e862f9&xptdk=0a3a2193-a7af-4b28-96c6-1f94c6e862f9,Rad Russel Cross Slider Sandals - Green,6,04-08-2023
https://shopee.sg/Birkenstock-Madrid-Birko-Flor-Patent-Unisex-Regular-Width-Sandals-in-Black-i.46900382.17372006810?sp_atk=f43d8d88-eb96-4e07-8e19-8af85a8ed9cb&xptdk=f43d8d88-eb96-4e07-8e19-8af85a8ed9cb,Birkenstock Madrid Birko-Flor Patent Unisex Regular Width Sandals in Black,6,04-08-2023
https://shopee.sg/Teva-Men's-Hurricane-XLT2-Sandal-Desert-Multi-(1019234-DTMLT)-Hiking-Sandal-i.911403529.23418808633?sp_atk=f87ccc9c-200b-416e-a10b-fc607f99388a&xptdk=f87ccc9c-200b-416e-a10b-fc607f99388a,Teva Men's Hurricane XLT2 Sandal - Desert Multi (1019234-DTMLT) | Hiking Sandal,6,04-08-2023
https://shopee.sg/Teva-Men's-Hurricane-XLT2-Sandal-Lava-Dark-Gull-Grey-(1019234-LDGG)-Hiking-Sandal-i.911403529.20371376853?sp_atk=58a34c73-b610-45d5-9826-d1cdabfa0436&xptdk=58a34c73-b610-45d5-9826-d1cdabfa0436,Teva Men's Hurricane XLT2 Sandal - Lava Dark Gull Grey (1019234-LDGG) | Hiking Sandal,6,04-08-2023
https://shopee.sg/Everlast-Men's-EVL-CX-Slide-Sandals-Black-White-Grey-(1EAH0042)-Casual-Basic-Footwear-i.75762037.21654081390?sp_atk=aa333f23-58a8-4367-bdd3-a134b793bcf3&xptdk=aa333f23-58a8-4367-bdd3-a134b793bcf3,Everlast Men's EVL-CX Slide Sandals - Black-White-Grey (1EAH0042)  Casual | Basic Footwear,6,04-08-2023
https://shopee.sg/FitFlop-TRAKK-II-Men's-Buckle-Canvas-Toe-Post-Sandals-Stone-Beige-(GD4-A20)-i.524040819.23436315641?sp_atk=928a5557-5958-4b82-bbf0-b3ce775fd208&xptdk=928a5557-5958-4b82-bbf0-b3ce775fd208,FitFlop TRAKK II Men's Buckle Canvas Toe-Post Sandals - Stone Beige (GD4-A20),6,04-08-2023
https://shopee.sg/ECCO-FLOWT-POC-MEN'S-FLAT-SANDALS-i.456133957.18730399039?sp_atk=f807ab58-7925-4c8e-ae2d-6082c7ef2ac2&xptdk=f807ab58-7925-4c8e-ae2d-6082c7ef2ac2,ECCO FLOWT POC MEN'S FLAT SANDALS,6,04-08-2023
https://shopee.sg/ZANETTA-Ibiza-Men-Rubber-Sandals-i.87193491.1511861756?sp_atk=d1eae083-5c97-4f30-8478-82cf39c0d0ad&xptdk=d1eae083-5c97-4f30-8478-82cf39c0d0ad,ZANETTA Ibiza Men Rubber Sandals,6,04-08-2023
https://shopee.sg/Everlast-Unisex-PILLOW-Slides-White-(4055220100)-Casual-Basic-Sandals-i.75762037.14493852911?sp_atk=95b103b6-4da6-47c2-bf94-5137554d07a9&xptdk=95b103b6-4da6-47c2-bf94-5137554d07a9,Everlast Unisex PILLOW Slides - White (4055220100) Casual | Basic Sandals,6,04-08-2023
https://shopee.sg/FitFlop-iQUSHION-Men's-Pool-Sliders-Black-Neon-Orange-(EQ4-A23)-i.524040819.22919455829?sp_atk=d95e9ded-0bb3-4a12-8f56-78ac563e58d2&xptdk=d95e9ded-0bb3-4a12-8f56-78ac563e58d2,FitFlop iQUSHION Men's Pool Sliders - Black-Neon Orange (EQ4-A23),6,04-08-2023
https://shopee.sg/Keen-Men's-Sandal-Yogui-Black-i.166583916.20879197481?sp_atk=79bc7477-deb9-4467-9460-e8624624160c&xptdk=79bc7477-deb9-4467-9460-e8624624160c,Keen Men's Sandal Yogui - Black,6,04-08-2023
https://shopee.sg/Caterpillar-Unisex-Rigor-Sandal-Shoe-Oatmeal-White-(P110621)-Casual-Streetwear-Urban-Gladiators-i.911415871.19171335508?sp_atk=428529ae-2658-4731-9cda-953b3166c8e2&xptdk=428529ae-2658-4731-9cda-953b3166c8e2,Caterpillar Unisex Rigor Sandal Shoe - Oatmeal White (P110621) Casual Streetwear | Urban Gladiators,6,04-08-2023
https://shopee.sg/ZANETTA-Salamanca-Men-Sandals-i.87193491.1511722986?sp_atk=c9201a93-f4e8-478c-9ee0-3bd0f3dd3919&xptdk=c9201a93-f4e8-478c-9ee0-3bd0f3dd3919,ZANETTA Salamanca Men Sandals,6,04-08-2023
https://shopee.sg/FitFlop-TRAKK-II-Men's-Buckle-Leather-Toe-Post-Sandals-Black-(GD1-001)-i.524040819.23225838473?sp_atk=25303142-bcd4-46e7-9e76-eceb8cc1407c&xptdk=25303142-bcd4-46e7-9e76-eceb8cc1407c,FitFlop TRAKK II Men's Buckle Leather Toe-Post Sandals - Black (GD1-001),6,04-08-2023
https://shopee.sg/Birkenstock-Madrid-Birko-Flor-Patent-Unisex-Regular-Width-Sandals-in-Patent-White-i.46900382.18307616530?sp_atk=98392dc2-816e-4dbe-ad5d-0162988bfc9a&xptdk=98392dc2-816e-4dbe-ad5d-0162988bfc9a,Birkenstock Madrid Birko-Flor Patent Unisex Regular Width Sandals in Patent White,6,04-08-2023
https://shopee.sg/FitFlop-SURFER-Men's-Toe-Post-Sandals-Midnight-Navy-(AQ2-399)-i.524040819.21649109179?sp_atk=5083a141-4c29-4581-ba93-993880e0a45f&xptdk=5083a141-4c29-4581-ba93-993880e0a45f,FitFlop SURFER Men's Toe-Post Sandals - Midnight Navy (AQ2-399),6,04-08-2023
https://shopee.sg/Rad-Russel-Flip-Flop-Sandals-Navy-i.231410601.13448987501?sp_atk=d59316b6-85de-44d8-954a-2060b4a9d3d7&xptdk=d59316b6-85de-44d8-954a-2060b4a9d3d7,Rad Russel Flip Flop Sandals - Navy,6,04-08-2023
