https://shopee.sg/BATA-Women-Northstar-Sneakers-589X835-i.324728427.20735220856?sp_atk=b686091a-956f-4797-b2f0-9be07d22462f&xptdk=b686091a-956f-4797-b2f0-9be07d22462f,BATA Women Northstar Sneakers 589X835,1,04-08-2023
https://shopee.sg/BATA-Junior-Northstar-Lace-Up-Sneakers-551X961-i.324728427.16988841886?sp_atk=38e322da-537a-46b7-8173-06bffb109749&xptdk=38e322da-537a-46b7-8173-06bffb109749,BATA Junior Northstar Lace Up Sneakers 551X961,1,04-08-2023
https://shopee.sg/Moda-Paolo-Unisex-School-Shoes-in-White-(1459T)-i.82022023.13055870519?sp_atk=fcac1adc-2b0e-49fe-b9ce-196ce3cb2891&xptdk=fcac1adc-2b0e-49fe-b9ce-196ce3cb2891,Moda Paolo Unisex School Shoes in White (1459T),1,04-08-2023
https://shopee.sg/Clarks-Un-Maui-Easy-White-Leather-Womens-i.119320434.22234462824?sp_atk=93b58867-6285-4a4f-b450-51caacfc7fca&xptdk=93b58867-6285-4a4f-b450-51caacfc7fca,Clarks Un Maui Easy White Leather Womens,1,04-08-2023
https://shopee.sg/BATA-Women-Northstar-Sneakers-589X698-i.324728427.18211596487?sp_atk=45a36e0d-9b2d-47d3-95e4-2385a17059c7&xptdk=45a36e0d-9b2d-47d3-95e4-2385a17059c7,BATA Women Northstar Sneakers 589X698,1,04-08-2023
https://shopee.sg/MUJI-Ladies-Walk-Support-Water-Repellent-Sneakers-i.257608708.4244723004?sp_atk=ea554eab-e982-4833-952a-78dd8975c119&xptdk=ea554eab-e982-4833-952a-78dd8975c119,MUJI Ladies Walk Support Water Repellent Sneakers,1,04-08-2023
https://shopee.sg/ASICS-Men-JOG-100T-(4E)-Sportstyle-Shoes-in-White-White-i.455553838.23466050983?sp_atk=96243fd3-60b9-4920-abe8-b59ada935443&xptdk=96243fd3-60b9-4920-abe8-b59ada935443,ASICS Men JOG 100T (4E) Sportstyle Shoes in White/White,1,04-08-2023
https://shopee.sg/Northstar-Women-Sneakers-Spot-550X237-i.324728427.18675780514?sp_atk=598433a7-2550-4fe7-baca-2ad5c38c0a4f&xptdk=598433a7-2550-4fe7-baca-2ad5c38c0a4f,Northstar Women Sneakers Spot 550X237,1,04-08-2023
https://shopee.sg/adidas-Running-Duramo-SL-Shoes-Men-White-FW7391-i.265436651.7345588718?sp_atk=343c4f29-227c-4a86-8f14-0ff2676b285d&xptdk=343c4f29-227c-4a86-8f14-0ff2676b285d,adidas Running Duramo SL Shoes Men White FW7391,1,04-08-2023
https://shopee.sg/-NEW-PUMA-Skye-Distressed-Women's-Sneakers-(White)-i.341363989.19190668431?sp_atk=e8b8ddf6-68e9-421f-a451-2f3b0126f1b4&xptdk=e8b8ddf6-68e9-421f-a451-2f3b0126f1b4,[NEW] PUMA Skye Distressed Women's Sneakers (White),1,04-08-2023
https://shopee.sg/adidas-Running-EQ19-Run-Shoes-Women-White-H68092-i.265436651.20577137536?sp_atk=75fc9ceb-ce11-42b9-9b8c-9053ad54bbc7&xptdk=75fc9ceb-ce11-42b9-9b8c-9053ad54bbc7,adidas Running EQ19 Run Shoes Women White H68092,1,04-08-2023
https://shopee.sg/PUMA-Skye-Women's-Shoes-Basics-i.341363989.14536948789?sp_atk=613f0de0-b357-4439-844b-fd85e5b9362d&xptdk=613f0de0-b357-4439-844b-fd85e5b9362d,PUMA Skye Women's Shoes Basics,1,04-08-2023
https://shopee.sg/ASICS-Men-JAPAN-S-Sportstyle-Shoes-in-White-White-i.455553838.19250012460?sp_atk=cb660bfc-9e06-441e-9fcf-7e14b7dff3a6&xptdk=cb660bfc-9e06-441e-9fcf-7e14b7dff3a6,ASICS Men JAPAN S Sportstyle Shoes in White/White,1,04-08-2023
https://shopee.sg/Superga-2750-White-i.172406425.5730384515?sp_atk=3030d96f-f2a0-4595-9d73-3f2557de0599&xptdk=3030d96f-f2a0-4595-9d73-3f2557de0599,Superga 2750 White,1,04-08-2023
https://shopee.sg/Power-Women-Running-Shoe-509X973-i.324728427.23123447367?sp_atk=decc4a1b-84c2-4467-b3d8-bd422980b8f3&xptdk=decc4a1b-84c2-4467-b3d8-bd422980b8f3,Power Women Running Shoe 509X973,1,04-08-2023
https://shopee.sg/-NEW-PUMA-Tori-Women's-Shoes-(White)-i.341363989.22372951071?sp_atk=173f9dde-acb6-40b9-86a8-1f2a47d69771&xptdk=173f9dde-acb6-40b9-86a8-1f2a47d69771,[NEW] PUMA Tori Women's Shoes (White),1,04-08-2023
https://shopee.sg/Moda-Paolo-Unisex-Canvas-Shoes-in-2-Colours-(98)-i.82022023.2871790180?sp_atk=8174ace4-26c5-4116-be47-f9f25537cf56&xptdk=8174ace4-26c5-4116-be47-f9f25537cf56,Moda Paolo Unisex Canvas Shoes in 2 Colours (98),1,04-08-2023
https://shopee.sg/Everlast-Unisex-Canvas-Lace-Up-Sneakers-Clay-Brown-Black-White-Gum-Colorway-(EL19-M635)-Casual-Streetwear-Athleisure-i.75762037.20048366604?sp_atk=a67f6f09-ab75-455f-9607-bb61906bcb46&xptdk=a67f6f09-ab75-455f-9607-bb61906bcb46,Everlast Unisex Canvas Lace Up Sneakers - Clay Brown/Black/White Gum Colorway (EL19-M635) Casual Streetwear | Athleisure,1,04-08-2023
https://shopee.sg/Moda-Paolo-Unisex-School-Shoes-in-2-Colours-(1270T)-i.82022023.1759268560?sp_atk=559743c3-200e-4022-acb1-40b498a52d01&xptdk=559743c3-200e-4022-acb1-40b498a52d01,Moda Paolo Unisex School Shoes in 2 Colours (1270T),1,04-08-2023
https://shopee.sg/Sperry-Women's-SEACYCLED-Crest-Vibe-Resort-Striped-Sneakers-Off-White-Multi-(STS88257)-Pastel-Watercolors-i.911396071.17790881821?sp_atk=52206c66-fa89-487e-8a76-17cd7705e6e8&xptdk=52206c66-fa89-487e-8a76-17cd7705e6e8,Sperry Women's SEACYCLED Crest Vibe Resort Striped Sneakers - Off White Multi (STS88257) Pastel Watercolors,1,04-08-2023
https://shopee.sg/Sperry-Women's-Crest-Vibe-Linen-Sneakers-Linen-White-(STS99250)-i.911396071.23608975621?sp_atk=8a5477b7-1560-4a0c-8d65-8ad7b6894a6b&xptdk=8a5477b7-1560-4a0c-8d65-8ad7b6894a6b,Sperry Women's Crest Vibe Linen Sneakers - Linen White (STS99250),1,04-08-2023
https://shopee.sg/Converse-Ctas-Dainty-Mule-Women's-Sneaker-White-i.252818873.21068500301?sp_atk=29433329-faa5-4c9d-8378-a794db49f566&xptdk=29433329-faa5-4c9d-8378-a794db49f566,Converse Ctas Dainty Mule Women's Sneaker - White,1,04-08-2023
https://shopee.sg/ASICS-Men-GEL-CONTEND-SL-Running-Shoes-in-White-White-i.455553838.23905500849?sp_atk=c4ffb6cb-4ff6-48d2-8347-9caa90be4d65&xptdk=c4ffb6cb-4ff6-48d2-8347-9caa90be4d65,ASICS Men GEL-CONTEND SL Running Shoes in White/White,1,04-08-2023
https://shopee.sg/Northstar-Women-Chuncky-Sneakers-Macao-550X235-i.324728427.22631094871?sp_atk=e20e3b74-bb1c-446f-9d7d-f0146b8eb520&xptdk=e20e3b74-bb1c-446f-9d7d-f0146b8eb520,Northstar Women Chuncky Sneakers Macao 550X235,1,04-08-2023
https://shopee.sg/Vans-Unidentified-U-Paint-Authentic-Sneakers-Women-(Unisex-US-Size)-WHITE-VN0A5JMPWWW1-i.884975004.19065491601?sp_atk=cb60ac4f-a977-44fa-a086-fbd706c30c8a&xptdk=cb60ac4f-a977-44fa-a086-fbd706c30c8a,Vans Unidentified U-Paint Authentic Sneakers Women (Unisex US Size) WHITE VN0A5JMPWWW1,1,04-08-2023
https://shopee.sg/Everlast-Unisex-Single-Stripe-Canvas-Sneakers-Black-White-Colorway-(EL19-M634)-Casual-Streetwear-Athleisure-Sports-i.75762037.20748368115?sp_atk=6141c059-6b35-4166-a7f7-f0d487ba8179&xptdk=6141c059-6b35-4166-a7f7-f0d487ba8179,Everlast Unisex Single Stripe Canvas Sneakers - Black/White Colorway (EL19-M634) Casual Streetwear | Athleisure Sports,1,04-08-2023
https://shopee.sg/ECCO-NOUVELLE-WOMEN'S-SHOES-i.456133957.20780176064?sp_atk=46bc0828-9db8-41b3-9971-32bcfc5e9ee8&xptdk=46bc0828-9db8-41b3-9971-32bcfc5e9ee8,ECCO NOUVELLE WOMEN'S SHOES,1,04-08-2023
https://shopee.sg/ASICS-Women-JAPAN-S-Sportstyle-Shoes-in-White-Menthol-i.455553838.10399204845?sp_atk=5103f974-dd86-4f30-86bd-e243675383d6&xptdk=5103f974-dd86-4f30-86bd-e243675383d6,ASICS Women JAPAN S Sportstyle Shoes in White/Menthol,1,04-08-2023
https://shopee.sg/ASICS-Women-GEL-CHALLENGER-13-Tennis-Shoes-in-White-Cranberry-i.455553838.19876220258?sp_atk=f6302ecf-2b50-4a56-9189-87fd3cb05bb7&xptdk=f6302ecf-2b50-4a56-9189-87fd3cb05bb7,ASICS Women GEL-CHALLENGER 13 Tennis Shoes in White/Cranberry,1,04-08-2023
https://shopee.sg/adidas-Tennis-Advantage-Shoes-Men-White-GW9166-i.265436651.23922231592?sp_atk=451dc5dd-b0a1-4fdf-9fd3-9509d3c291c4&xptdk=451dc5dd-b0a1-4fdf-9fd3-9509d3c291c4,adidas Tennis Advantage Shoes Men White GW9166,1,04-08-2023
https://shopee.sg/adidas-Lifestyle-Advantage-Shoes-Women-White-GW4847-i.265436651.14200049072?sp_atk=5f52d601-b679-4a91-b16e-f4ef5a52beba&xptdk=5f52d601-b679-4a91-b16e-f4ef5a52beba,adidas Lifestyle Advantage Shoes Women White GW4847,1,04-08-2023
https://shopee.sg/PUMA-Rebound-Lay-Up-Men's-Shoes-(White)-i.341363989.18278980839?sp_atk=605f834a-cf51-425e-ad99-a1b1e6570040&xptdk=605f834a-cf51-425e-ad99-a1b1e6570040,PUMA Rebound Lay Up Men's Shoes (White),1,04-08-2023
https://shopee.sg/-NEW-PUMA-Skye-Clean-Women's-Sneakers-(White)-i.341363989.18990668391?sp_atk=063470b1-5fa7-4307-9964-279451d049df&xptdk=063470b1-5fa7-4307-9964-279451d049df,[NEW] PUMA Skye Clean Women's Sneakers (White),1,04-08-2023
https://shopee.sg/Moda-Paolo-Unisex-School-Shoes-in-2-Colours-(174)-i.82022023.1759268494?sp_atk=e9963527-a844-472d-aaf8-ce4432658397&xptdk=e9963527-a844-472d-aaf8-ce4432658397,Moda Paolo Unisex School Shoes in 2 Colours (174),1,04-08-2023
https://shopee.sg/Vans-Clouds-Old-Skool-Sneakers-Women-(Unisex-US-Size)-WHITE-VN0A5KRSSNS1-i.884975004.20865492597?sp_atk=75690fe1-e02a-4a59-b7db-c36b8a8fd0f1&xptdk=75690fe1-e02a-4a59-b7db-c36b8a8fd0f1,Vans Clouds Old Skool Sneakers Women (Unisex US Size) WHITE VN0A5KRSSNS1,1,04-08-2023
https://shopee.sg/adidas-Running-Duramo-9-Shoes-Men-White-EG8665-i.265436651.10851290600?sp_atk=10908fde-8f56-4afd-9c7d-338f81d88a58&xptdk=10908fde-8f56-4afd-9c7d-338f81d88a58,adidas Running Duramo 9 Shoes Men White EG8665,1,04-08-2023
https://shopee.sg/Moda-Paolo-Unisex-Sneakers-in-2-Colours-(1207)-i.82022023.19562654488?sp_atk=84ef0a0d-7d78-4de2-a0e6-1c32f9bd5bf7&xptdk=84ef0a0d-7d78-4de2-a0e6-1c32f9bd5bf7,Moda Paolo Unisex Sneakers in 2 Colours (1207),1,04-08-2023
https://shopee.sg/adidas-Lifestyle-Stan-Smith-Shoes-Unisex-White-FX5501-i.265436651.6568676721?sp_atk=0d2afb46-ac74-42de-9509-2cb8b87b8ede&xptdk=0d2afb46-ac74-42de-9509-2cb8b87b8ede,adidas Lifestyle Stan Smith Shoes Unisex White FX5501,1,04-08-2023
https://shopee.sg/ASICS-Women-GEL-CONTEND-SL-Running-Shoes-in-White-White-i.455553838.15094974963?sp_atk=1368b73b-cdc1-4997-b4bf-69cb18860502&xptdk=1368b73b-cdc1-4997-b4bf-69cb18860502,ASICS Women GEL-CONTEND SL Running Shoes in White/White,1,04-08-2023
https://shopee.sg/PUMA-Unisex-Rebound-Lay-Up-Lo-SL-Shoes-(White)-i.341363989.22426456610?sp_atk=4770b606-1bf9-4c7c-86d8-6018b4df45c4&xptdk=4770b606-1bf9-4c7c-86d8-6018b4df45c4,PUMA Unisex Rebound Lay Up Lo SL Shoes (White),1,04-08-2023
https://shopee.sg/PUMA-Softride-Sophia-Women's-Running-Shoes-i.341363989.23907410462?sp_atk=dbaeed0f-d3ea-41e4-bd20-5fb482e81b0a&xptdk=dbaeed0f-d3ea-41e4-bd20-5fb482e81b0a,PUMA Softride Sophia Women's Running Shoes,1,04-08-2023
https://shopee.sg/prettyFIT-DREA-Women's-Studded-Leather-Sneakers-Ladies-Casual-Lightweight-Shoes-i.243520792.22342103332?sp_atk=7a4acb83-18c4-444e-ba91-157368858e24&xptdk=7a4acb83-18c4-444e-ba91-157368858e24,prettyFIT DREA Women's Studded Leather Sneakers Ladies Casual Lightweight Shoes,1,04-08-2023
https://shopee.sg/Moda-Paolo-Unisex-School-Shoes-in-White-(1474T)-i.82022023.14808854108?sp_atk=4ea9d704-d7f3-45a6-8a47-a724de15fdc7&xptdk=4ea9d704-d7f3-45a6-8a47-a724de15fdc7,Moda Paolo Unisex School Shoes in White (1474T),1,04-08-2023
https://shopee.sg/adidas-Tennis-Grand-Court-Shoes-Women-White-FY8949-i.265436651.21652608172?sp_atk=d2c332fb-170c-4574-99dd-312a3dc7f444&xptdk=d2c332fb-170c-4574-99dd-312a3dc7f444,adidas Tennis Grand Court Shoes Women White FY8949,1,04-08-2023
https://shopee.sg/Everlast-Unisex-Canvas-Slip-On-Sneakers-Dark-Maroon-Red-White-(EL20-M646)-Casual-Streetwear-Mid-Top-Athleisure-Sport-i.75762037.20548334644?sp_atk=e8266fba-e694-40c0-acfa-5fa1fe5f118c&xptdk=e8266fba-e694-40c0-acfa-5fa1fe5f118c,Everlast Unisex Canvas Slip On Sneakers - Dark Maroon Red/White (EL20-M646) Casual Streetwear | Mid Top Athleisure Sport,1,04-08-2023
https://shopee.sg/Geox-Women-Shoes-Pump-D-Annytah-Silver-White-i.267920682.7545461495?sp_atk=f7b9712b-0673-49e9-abbe-9817340d9932&xptdk=f7b9712b-0673-49e9-abbe-9817340d9932,Geox Women Shoes Pump D Annytah Silver/White,1,04-08-2023
https://shopee.sg/Sperry-Women's-Crest-Boat-Platform-Sneakers-White-(STS88713)-i.911396071.20279157635?sp_atk=4f30164e-5101-44a1-8337-fb615ce62719&xptdk=4f30164e-5101-44a1-8337-fb615ce62719,Sperry Women's Crest Boat Platform Sneakers - White (STS88713),1,04-08-2023
https://shopee.sg/PUMA-Unisex-Smash-Cat-Leather-Shoes-(White)-i.341363989.18474837001?sp_atk=c025b614-9a60-4879-9406-6a225926801b&xptdk=c025b614-9a60-4879-9406-6a225926801b,PUMA Unisex Smash Cat Leather Shoes (White),1,04-08-2023
https://shopee.sg/BATA-Red-Label-Women-Sneaker-560X323-i.324728427.23629481554?sp_atk=c7092c9f-a0d2-4c4a-b717-7d9eb4876fa9&xptdk=c7092c9f-a0d2-4c4a-b717-7d9eb4876fa9,BATA Red Label Women Sneaker 560X323,1,04-08-2023
https://shopee.sg/ALDO-Faiza-Women's-Heels-White-i.959254401.20388752908?sp_atk=00800c3b-58a0-4f2c-9781-62abbaceafb9&xptdk=00800c3b-58a0-4f2c-9781-62abbaceafb9,ALDO Faiza Women's Heels -  White,1,04-08-2023
https://shopee.sg/ASICS-Men-JAPAN-S-Sportstyle-Shoes-in-White-Mink-i.455553838.10499204948?sp_atk=b8fdf9da-24c5-491f-964a-7f9aac784c1e&xptdk=b8fdf9da-24c5-491f-964a-7f9aac784c1e,ASICS Men JAPAN S Sportstyle Shoes in White/Mink,1,04-08-2023
https://shopee.sg/ECCO-SOFT-CLASSIC-POC-WOMEN'S-SHOES-i.456133957.18030385151?sp_atk=110543ff-8c61-4299-8e0c-1cc56384c892&xptdk=110543ff-8c61-4299-8e0c-1cc56384c892,ECCO SOFT CLASSIC POC WOMEN'S SHOES,1,04-08-2023
https://shopee.sg/ASICS-Women-JAPAN-S-Sportstyle-Shoes-in-White-Hot-Pink-i.455553838.19781464510?sp_atk=5f1b7f29-a9bf-4f03-a0fb-dc95da650c36&xptdk=5f1b7f29-a9bf-4f03-a0fb-dc95da650c36,ASICS Women JAPAN S Sportstyle Shoes in White/Hot Pink,1,04-08-2023
https://shopee.sg/Vans-Clouds-Old-Skool-Sneakers-Women-(Unisex-US-Size)-WHITE-VN0A7Q2JRV21-i.884975004.23408008779?sp_atk=3d55418c-b85b-4fa9-b196-ca3fe3f4a8c1&xptdk=3d55418c-b85b-4fa9-b196-ca3fe3f4a8c1,Vans Clouds Old Skool Sneakers Women (Unisex US Size) WHITE VN0A7Q2JRV21,1,04-08-2023
https://shopee.sg/adidas-Tennis-Gradas-Shoes-Women-White-FX9123-i.265436651.21552608015?sp_atk=b88a0146-a2de-4c98-b1a4-0b975935fa74&xptdk=b88a0146-a2de-4c98-b1a4-0b975935fa74,adidas Tennis Gradas Shoes Women White FX9123,1,04-08-2023
https://shopee.sg/adidas-Running-Tensaur-Run-Shoes-Kids-White-H06380-i.265436651.23041357755?sp_atk=e0bac28b-6e3e-4fb3-bd34-4021794836c4&xptdk=e0bac28b-6e3e-4fb3-bd34-4021794836c4,adidas Running Tensaur Run Shoes Kids White H06380,1,04-08-2023
https://shopee.sg/Everbest-Men's-Shoes-SD7007-Lace-up-Sneaker-for-Men-i.273529824.14292467408?sp_atk=7a0587b8-09c9-40d3-90b6-0489e32ff642&xptdk=7a0587b8-09c9-40d3-90b6-0489e32ff642,Everbest Men's Shoes - SD7007 Lace up Sneaker for Men,1,04-08-2023
https://shopee.sg/Everlast-Unisex-EVL-LITE-Mesh-Sneakers-Monochrome-White-(1EAH0031-MWE)-Casual-Athleisure-Urban-Streetwear-Trainers-i.75762037.20459988318?sp_atk=3a6f45b0-1e4f-4f03-9657-727c1c7a3177&xptdk=3a6f45b0-1e4f-4f03-9657-727c1c7a3177,Everlast Unisex EVL-LITE Mesh Sneakers - Monochrome White (1EAH0031 MWE) Casual Athleisure | Urban Streetwear | Trainers,1,04-08-2023
https://shopee.sg/prettyFIT-CORINE-Women's-Leather-Low-top-Sneakers-Ladies-Embellished-Casual-Shoes-i.243520792.22926825605?sp_atk=5ae988e6-3766-4de9-a201-6ce045be3687&xptdk=5ae988e6-3766-4de9-a201-6ce045be3687,prettyFIT CORINE Women's Leather Low-top Sneakers Ladies Embellished Casual Shoes,1,04-08-2023
https://shopee.sg/Sunnystep-Elevate-Sneaker-White-Most-Comfortable-Walking-Shoes-i.235218859.23924254445?sp_atk=6d39c8fc-ca35-4fc4-b34c-91f40eeb8171&xptdk=6d39c8fc-ca35-4fc4-b34c-91f40eeb8171,Sunnystep - Elevate Sneaker - White - Most Comfortable Walking Shoes,1,04-08-2023
https://shopee.sg/adidas-Tennis-Court-Silk-Shoes-Women-White-IE2167-i.265436651.23741979168?sp_atk=41e4d613-b65c-49d5-9a39-468df26077e4&xptdk=41e4d613-b65c-49d5-9a39-468df26077e4,adidas Tennis Court Silk Shoes Women White IE2167,2,04-08-2023
https://shopee.sg/Sperry-Women's-Crest-Vibe-Linen-Sneakers-Oat-Beige-(STS98644)-Cream-Off-White-Casual-Athleisure-i.911396071.20166636883?sp_atk=14b38e09-eede-4fab-8a79-dff3f3393e14&xptdk=14b38e09-eede-4fab-8a79-dff3f3393e14,Sperry Women's Crest Vibe Linen Sneakers - Oat Beige (STS98644) Cream Off-White | Casual Athleisure,2,04-08-2023
https://shopee.sg/Converse-Ctas-Dainty-Mule-Women's-Sneaker-White-i.252818873.21068500301?sp_atk=102c39e3-3712-40ef-a73c-497c22a91fba&xptdk=102c39e3-3712-40ef-a73c-497c22a91fba,Converse Ctas Dainty Mule Women's Sneaker - White,2,04-08-2023
https://shopee.sg/adidas-Lifestyle-Stan-Smith-Shoes-Men-White-FZ6425-i.265436651.19679270190?sp_atk=5ab8b4fa-bb38-4346-a854-09a02bbd684c&xptdk=5ab8b4fa-bb38-4346-a854-09a02bbd684c,adidas Lifestyle Stan Smith Shoes Men White FZ6425,2,04-08-2023
https://shopee.sg/Converse-CTAS-Move-Platform-Retro-Denim-Women's-Sneakers-Obsidian-White-White-i.252818873.22367366131?sp_atk=c36ca3fc-3daf-46ba-a6b5-1e3ffa6451fb&xptdk=c36ca3fc-3daf-46ba-a6b5-1e3ffa6451fb,Converse CTAS Move Platform Retro Denim Women's Sneakers - Obsidian/White/White,2,04-08-2023
https://shopee.sg/ASICS-Women-JAPAN-S-Sportstyle-Shoes-in-White-Sage-i.455553838.23072636316?sp_atk=88b03107-b4aa-4853-9c80-4c2ca5b2d0f1&xptdk=88b03107-b4aa-4853-9c80-4c2ca5b2d0f1,ASICS Women JAPAN S Sportstyle Shoes in White/Sage,2,04-08-2023
https://shopee.sg/PUMA-Rose-Metallic-Pop-Women's-Shoes-i.341363989.18325291112?sp_atk=a7bb7a67-bc32-49c0-819d-e03cdda7ffd3&xptdk=a7bb7a67-bc32-49c0-819d-e03cdda7ffd3,PUMA Rose Metallic Pop Women's Shoes,2,04-08-2023
https://shopee.sg/Sperry-Women's-Crest-Vibe-Leather-Sneaker-White-(STS84549)-i.911396071.23608975636?sp_atk=90f03229-c241-43d3-9002-a31e584d9d8f&xptdk=90f03229-c241-43d3-9002-a31e584d9d8f,Sperry Women's Crest Vibe Leather Sneaker - White (STS84549),2,04-08-2023
https://shopee.sg/ECCO-NOUVELLE-WOMEN'S-SHOES-i.456133957.20780176064?sp_atk=cf686e44-1609-4025-b71b-1e0a5362d517&xptdk=cf686e44-1609-4025-b71b-1e0a5362d517,ECCO NOUVELLE WOMEN'S SHOES,2,04-08-2023
https://shopee.sg/ON-Women-Cloudflyer-4-Running-Shoes-White-Copper-i.258374675.22144324973?sp_atk=cce3f912-c364-479e-8193-5a97b378f7d9&xptdk=cce3f912-c364-479e-8193-5a97b378f7d9,ON Women Cloudflyer 4 Running Shoes - White / Copper,2,04-08-2023
https://shopee.sg/PUMA-Softride-Sophia-Women's-Running-Shoes-i.341363989.23907410462?sp_atk=1fdcd2e7-870f-4e3a-9690-a8d05c59fdec&xptdk=1fdcd2e7-870f-4e3a-9690-a8d05c59fdec,PUMA Softride Sophia Women's Running Shoes,2,04-08-2023
https://shopee.sg/FitFlop-F-MODE-E01-Women's-Limited-Edition-Leather-Mix-Flatform-Sneakers-Urban-White-Mix-(FR3-646)-i.524040819.19070555766?sp_atk=210394f5-0b8e-46a6-8405-ea621ba582cb&xptdk=210394f5-0b8e-46a6-8405-ea621ba582cb,FitFlop F-MODE E01 Women's Limited Edition Leather-Mix Flatform Sneakers - Urban White Mix (FR3-646),2,04-08-2023
https://shopee.sg/Everbest-Men's-Shoes-SD7007-Lace-up-Sneaker-for-Men-i.273529824.14292467408?sp_atk=786e4d35-dfea-4ebf-bb34-8135f2f262cc&xptdk=786e4d35-dfea-4ebf-bb34-8135f2f262cc,Everbest Men's Shoes - SD7007 Lace up Sneaker for Men,2,04-08-2023
https://shopee.sg/Northstar-Men-Sneakers-Edoardo-i.324728427.22539848825?sp_atk=98336803-581b-45b5-b701-a5462268c79e&xptdk=98336803-581b-45b5-b701-a5462268c79e,Northstar Men Sneakers Edoardo,2,04-08-2023
https://shopee.sg/Converse-Run-Star-Hike-Unisex-Adult'S-Sneaker-White-i.252818873.19568469058?sp_atk=129e2341-454f-4869-98c3-3ce4ab7d2e77&xptdk=129e2341-454f-4869-98c3-3ce4ab7d2e77,Converse Run Star Hike Unisex Adult'S Sneaker - White,2,04-08-2023
https://shopee.sg/Vans-Unidentified-U-Paint-Authentic-Sneakers-Women-(Unisex-US-Size)-WHITE-VN0A5JMPWWW1-i.884975004.19065491601?sp_atk=4b552409-487a-4849-9fb2-dfa94aad2c81&xptdk=4b552409-487a-4849-9fb2-dfa94aad2c81,Vans Unidentified U-Paint Authentic Sneakers Women (Unisex US Size) WHITE VN0A5JMPWWW1,2,04-08-2023
https://shopee.sg/adidas-Tennis-Advantage-Shoes-Men-White-GW9166-i.265436651.23922231592?sp_atk=8c625d7b-0c3e-4125-89f6-e9657d7bf68d&xptdk=8c625d7b-0c3e-4125-89f6-e9657d7bf68d,adidas Tennis Advantage Shoes Men White GW9166,2,04-08-2023
https://shopee.sg/Converse-Run-Star-Hike-Unisex-Sneakers-Black-White-Gum-i.252818873.19668469172?sp_atk=cfbcc609-d775-479c-99ba-68f6a12db35c&xptdk=cfbcc609-d775-479c-99ba-68f6a12db35c,Converse Run Star Hike Unisex Sneakers - Black/White/Gum,2,04-08-2023
https://shopee.sg/adidas-Lifestyle-Advantage-Shoes-Women-White-IF5406-i.265436651.20388579628?sp_atk=97c44807-584a-4b6c-82ad-d7e5e0ae193a&xptdk=97c44807-584a-4b6c-82ad-d7e5e0ae193a,adidas Lifestyle Advantage Shoes Women White IF5406,2,04-08-2023
https://shopee.sg/adidas-Lifestyle-Continental-80-Vegan-Shoes-Men-White-FW2336-i.265436651.22441855284?sp_atk=97d46c14-8864-497a-b44b-77cab563fc1b&xptdk=97d46c14-8864-497a-b44b-77cab563fc1b,adidas Lifestyle Continental 80 Vegan Shoes Men White FW2336,2,04-08-2023
https://shopee.sg/adidas-Running-Solarboost-5-Shoes-Women-White-HP5673-i.265436651.16497354950?sp_atk=7b179a40-915e-4594-836f-f48d87e1023c&xptdk=7b179a40-915e-4594-836f-f48d87e1023c,adidas Running Solarboost 5 Shoes Women White HP5673,2,04-08-2023
https://shopee.sg/adidas-Tennis-Grand-Court-Shoes-Women-White-FY8949-i.265436651.21652608172?sp_atk=d5b21d23-6973-4d55-a4eb-5e9f5abd97d2&xptdk=d5b21d23-6973-4d55-a4eb-5e9f5abd97d2,adidas Tennis Grand Court Shoes Women White FY8949,2,04-08-2023
https://shopee.sg/adidas-Running-Ultrabounce-Shoes-Women-White-HP5788-i.265436651.13898815746?sp_atk=76d22b35-08d5-48f4-828a-d806d78f68ea&xptdk=76d22b35-08d5-48f4-828a-d806d78f68ea,adidas Running Ultrabounce Shoes Women White HP5788,2,04-08-2023
https://shopee.sg/CLARKS-CraftCourtLace-White-Combi-Mens-Shoes-i.119320434.21532468453?sp_atk=86f3872f-f50a-49d6-8c68-59762f3b2538&xptdk=86f3872f-f50a-49d6-8c68-59762f3b2538,CLARKS CraftCourtLace White Combi Mens Shoes,2,04-08-2023
https://shopee.sg/PUMA-Unisex-Smash-Cat-Perf-Sneaker-(White)-i.341363989.23027892928?sp_atk=7754b467-e973-4bc4-8a6e-ba83c7341ab1&xptdk=7754b467-e973-4bc4-8a6e-ba83c7341ab1,PUMA Unisex Smash Cat Perf Sneaker (White),2,04-08-2023
https://shopee.sg/Melissa-Wild-flexible-Ladies-Sneakers-i.127473736.22432594316?sp_atk=8459c8a5-d206-400d-9666-8ab11783f469&xptdk=8459c8a5-d206-400d-9666-8ab11783f469,Melissa Wild flexible Ladies Sneakers,2,04-08-2023
https://shopee.sg/Vans-Ultrarange-VR3-Sneakers-Women-(Unisex-US-Size)-WHITE-VN0A4BXBW001-i.884975004.21565905237?sp_atk=5d309fc2-e705-4be7-abb5-c9c4964f5036&xptdk=5d309fc2-e705-4be7-abb5-c9c4964f5036,Vans Ultrarange VR3 Sneakers Women (Unisex US Size) WHITE VN0A4BXBW001,2,04-08-2023
https://shopee.sg/PUMA-Slipstream-Premium-Men's-Sneakers-(White)-i.341363989.20687897507?sp_atk=2dd109ae-702d-4413-ad6c-b48068e361b9&xptdk=2dd109ae-702d-4413-ad6c-b48068e361b9,PUMA Slipstream Premium Men's Sneakers (White),2,04-08-2023
https://shopee.sg/NATIVE-Jefferson-Unisex-Shoe-Jiffy-Black-Shell-White-i.330344897.10739394559?sp_atk=5a8738e3-af29-4ad8-8fd7-34b3b937bd57&xptdk=5a8738e3-af29-4ad8-8fd7-34b3b937bd57,NATIVE Jefferson Unisex Shoe - Jiffy Black / Shell White,2,04-08-2023
https://shopee.sg/BATA-Red-Label-Women-Sneaker-560X323-i.324728427.23629481554?sp_atk=08abf3d6-1629-4691-b1c0-6334ae4c320e&xptdk=08abf3d6-1629-4691-b1c0-6334ae4c320e,BATA Red Label Women Sneaker 560X323,2,04-08-2023
https://shopee.sg/adidas-Lifestyle-Nizza-RF-Slip-Shoes-Unisex-White-S23725-i.265436651.19757343474?sp_atk=048a58f3-908b-4f4f-999e-bf4978bcd945&xptdk=048a58f3-908b-4f4f-999e-bf4978bcd945,adidas Lifestyle Nizza RF Slip Shoes Unisex White S23725,2,04-08-2023
https://shopee.sg/PUMA-Slipstream-Sneakers-Women-i.341363989.23508784867?sp_atk=349da52f-d19b-4c1a-a81a-6fba212c805c&xptdk=349da52f-d19b-4c1a-a81a-6fba212c805c,PUMA Slipstream Sneakers Women,2,04-08-2023
https://shopee.sg/prettyFIT-CLARISSA-Women's-Leather-Sneakers-Ladies-Mesh-Low-top-Basic-Casual-Shoes-i.243520792.22627888147?sp_atk=e32c098f-2a43-409d-84c4-c0fd6c29d08c&xptdk=e32c098f-2a43-409d-84c4-c0fd6c29d08c,prettyFIT CLARISSA Women's Leather Sneakers Ladies Mesh Low-top Basic Casual Shoes,2,04-08-2023
https://shopee.sg/adidas-Lifestyle-adidas-CT86-Shoes-Men-White-GW5721-i.265436651.23622230724?sp_atk=409daba0-87ae-4a34-8655-eece9317b59d&xptdk=409daba0-87ae-4a34-8655-eece9317b59d,adidas Lifestyle adidas CT86 Shoes Men White GW5721,2,04-08-2023
https://shopee.sg/Converse-Ctas-Lift-Women's-Sneakers-Black-White-i.252818873.22638172581?sp_atk=120ca3e1-222a-4be5-b428-34b94686182b&xptdk=120ca3e1-222a-4be5-b428-34b94686182b,Converse Ctas Lift Women's Sneakers - Black/White,2,04-08-2023
https://shopee.sg/Power-Women-Running-Shoe-509X973-i.324728427.23123447367?sp_atk=907e990e-2f76-4d04-8f8b-5ddf5732ac19&xptdk=907e990e-2f76-4d04-8f8b-5ddf5732ac19,Power Women Running Shoe 509X973,2,04-08-2023
https://shopee.sg/Everbest-Men's-Shoes-SD7003-Versatile-Men's-Lace-Sneakers-i.273529824.12814838585?sp_atk=beb6d31a-1df6-4e55-84ea-126e2968efb4&xptdk=beb6d31a-1df6-4e55-84ea-126e2968efb4,Everbest Men's Shoes - SD7003  Versatile Men's Lace Sneakers,2,04-08-2023
https://shopee.sg/-NEW-PUMA-Carina-Leather-Women's-Sneakers-(White)-i.341363989.21382086376?sp_atk=e0b9c8e9-6905-4123-ac2e-b15b0cff7ad0&xptdk=e0b9c8e9-6905-4123-ac2e-b15b0cff7ad0,[NEW] PUMA Carina Leather Women's Sneakers (White),2,04-08-2023
https://shopee.sg/adidas-Tennis-Gradas-Shoes-Women-White-FX9123-i.265436651.21552608015?sp_atk=652520d9-5207-4043-b0de-2383a3dadef6&xptdk=652520d9-5207-4043-b0de-2383a3dadef6,adidas Tennis Gradas Shoes Women White FX9123,2,04-08-2023
https://shopee.sg/Everlast-Unisex-Single-Stripe-Canvas-Sneakers-Black-White-Colorway-(EL19-M634)-Casual-Streetwear-Athleisure-Sports-i.75762037.20748368115?sp_atk=ffec949c-be06-47ad-a9d8-8903fed18a60&xptdk=ffec949c-be06-47ad-a9d8-8903fed18a60,Everlast Unisex Single Stripe Canvas Sneakers - Black/White Colorway (EL19-M634) Casual Streetwear | Athleisure Sports,2,04-08-2023
https://shopee.sg/Everbest-Men's-Shoes-SD7001-Men's-White-Lace-Sneakers-i.273529824.12514813343?sp_atk=c3b20450-b93b-4661-afb3-a0ac94e861e2&xptdk=c3b20450-b93b-4661-afb3-a0ac94e861e2,Everbest Men's Shoes - SD7001  Men's White Lace Sneakers,2,04-08-2023
https://shopee.sg/Sunnystep-Elevate-Walker-Oxfords-Lace-Ups-in-White-Most-Comfortable-Walking-Shoes-i.235218859.12606777911?sp_atk=485a8bfb-fe1a-4fc6-964d-9567f6c11479&xptdk=485a8bfb-fe1a-4fc6-964d-9567f6c11479,Sunnystep - Elevate Walker- Oxfords & Lace-Ups in White - Most Comfortable Walking Shoes,2,04-08-2023
https://shopee.sg/PUMA-Carina-2.0-Sneakers-Women-(Pink)-i.341363989.23340084804?sp_atk=63d58f25-c85d-4429-8ecf-016407441f7c&xptdk=63d58f25-c85d-4429-8ecf-016407441f7c,PUMA Carina 2.0 Sneakers Women (Pink),2,04-08-2023
https://shopee.sg/PUMA-Unisex-Smash-Cat-Perf-Sneakers-(White)-i.341363989.22427898901?sp_atk=a01a349b-d67a-47f5-b908-3b7252f42c62&xptdk=a01a349b-d67a-47f5-b908-3b7252f42c62,PUMA Unisex Smash Cat Perf Sneakers (White),2,04-08-2023
https://shopee.sg/Sunnystep-Elevate-Walker-in-Vegan-Leather-White-Most-Comfortable-Walking-Shoes-i.235218859.14296417754?sp_atk=b5ade35d-20f7-4e4c-a086-9279b7537d6c&xptdk=b5ade35d-20f7-4e4c-a086-9279b7537d6c,Sunnystep - Elevate Walker in Vegan Leather - White - Most Comfortable Walking Shoes,2,04-08-2023
https://shopee.sg/PUMA-Unisex-GS.One-Golf-Shoes-(White)-i.341363989.23740869816?sp_atk=ea117bc5-dbcf-414f-ab69-19957ed3030d&xptdk=ea117bc5-dbcf-414f-ab69-19957ed3030d,PUMA Unisex GS.One Golf Shoes (White),2,04-08-2023
https://shopee.sg/FILA-FUSION-Men's-50-50-FUSION-Sneakers-i.122238789.18691036104?sp_atk=8264297d-5ac9-434d-aa01-a5ec42a8e04d&xptdk=8264297d-5ac9-434d-aa01-a5ec42a8e04d,FILA FUSION Men's 50-50 FUSION Sneakers,2,04-08-2023
https://shopee.sg/adidas-Running-Galaxy-6-Shoes-Women-White-HP2407-i.265436651.18779464123?sp_atk=de6ea099-9531-44f6-88b5-00933b1d8ac7&xptdk=de6ea099-9531-44f6-88b5-00933b1d8ac7,adidas Running Galaxy 6 Shoes Women White HP2407,2,04-08-2023
https://shopee.sg/PUMA-Carina-PFS-Women's-Shoes-Basics-i.341363989.2974605079?sp_atk=ab33efa7-2c4a-4df4-a573-54683d602577&xptdk=ab33efa7-2c4a-4df4-a573-54683d602577,PUMA Carina PFS Women's Shoes Basics,2,04-08-2023
https://shopee.sg/Superga-2306-Slip-on-White-i.172406425.18817428326?sp_atk=2a52ca8f-27c9-4b75-9b07-d7442ac2c220&xptdk=2a52ca8f-27c9-4b75-9b07-d7442ac2c220,Superga 2306 Slip-on White,2,04-08-2023
https://shopee.sg/Geox-Women-Shoes-Sneaker-D-Nebula-E-Off-White-Beige-i.267920682.6853069229?sp_atk=2c4cc765-ec6a-47e9-b9fd-cfebde796777&xptdk=2c4cc765-ec6a-47e9-b9fd-cfebde796777,Geox Women Shoes Sneaker D Nebula E Off White/Beige,2,04-08-2023
https://shopee.sg/adidas-Running-Runfalcon-3.0-Shoes-Women-White-HP7561-i.265436651.19572580072?sp_atk=7fd2e8ae-8911-4dcb-84b9-db63a71600e4&xptdk=7fd2e8ae-8911-4dcb-84b9-db63a71600e4,adidas Running Runfalcon 3.0 Shoes Women White HP7561,2,04-08-2023
https://shopee.sg/ECCO-ELO-WOMEN'S-SHOES-i.456133957.20739896938?sp_atk=eaabf82a-14f9-41e4-be3c-68797a45aacc&xptdk=eaabf82a-14f9-41e4-be3c-68797a45aacc,ECCO ELO WOMEN'S SHOES,2,04-08-2023
https://shopee.sg/PUMA-Unisex-Aviator-ProFoam-Sky-Running-Shoes-i.341363989.23212493386?sp_atk=db54b46d-6b92-419c-ac92-d1d077ad81ee&xptdk=db54b46d-6b92-419c-ac92-d1d077ad81ee,PUMA Unisex Aviator ProFoam Sky Running Shoes,2,04-08-2023
https://shopee.sg/Sunnystep-Elevate-Walker-Coco-White-Most-Comfortable-Walking-Shoes-i.235218859.23925166937?sp_atk=dfc2d640-8319-4b6d-9be8-04f5715c335b&xptdk=dfc2d640-8319-4b6d-9be8-04f5715c335b,Sunnystep - Elevate Walker - Coco White - Most Comfortable Walking Shoes,2,04-08-2023
https://shopee.sg/Skechers-Women-JGoldcrown-Foamies-Max-Cushioning-Love-True-Walking-Shoes-111324-WHT-Dual-Density-i.84710867.18978810169?sp_atk=1c198096-b840-4c70-9065-e66138d99c26&xptdk=1c198096-b840-4c70-9065-e66138d99c26,Skechers Women JGoldcrown Foamies Max Cushioning Love True Walking Shoes - 111324-WHT Dual-Density,2,04-08-2023
https://shopee.sg/NATIVE-Jefferson-Unisex-Shoe-Regatte-Blue-Shell-White-i.330344897.4997845604?sp_atk=6cc9a5cb-23cb-4cc5-9258-1a92d3b9bbf0&xptdk=6cc9a5cb-23cb-4cc5-9258-1a92d3b9bbf0,NATIVE Jefferson Unisex Shoe - Regatte Blue / Shell White,2,04-08-2023
https://shopee.sg/MBT-1997-Classic-Women's-in-White-i.114877948.17645305418?sp_atk=7cd5830d-fb12-4787-9012-bd40c90bd2a5&xptdk=7cd5830d-fb12-4787-9012-bd40c90bd2a5,MBT 1997 Classic Women's in White,2,04-08-2023
https://shopee.sg/PUMA-Unisex-GS-Fast-Golf-Shoes-(White)-i.341363989.19988188175?sp_atk=a7f9f3b0-95e8-4db9-9e3a-0b36cc9c0647&xptdk=a7f9f3b0-95e8-4db9-9e3a-0b36cc9c0647,PUMA Unisex GS-Fast Golf Shoes (White),2,04-08-2023
https://shopee.sg/Geox-Women-Shoes-Sneaker-D-Aerantis-A-White-i.267920682.5653065836?sp_atk=d5f7008c-0ad0-40e3-93a3-c36cd04424fb&xptdk=d5f7008c-0ad0-40e3-93a3-c36cd04424fb,Geox Women Shoes Sneaker D Aerantis A White,2,04-08-2023
https://shopee.sg/Vans-Checkerboard-Old-Skool-Overt-Cc-Sneakers-Women-(Unisex-US-Size)-WHITE-VN0A7Q5ETDC1-i.884975004.23118028009?sp_atk=afc5cf9b-6afa-4e94-b26e-73a63fb003c4&xptdk=afc5cf9b-6afa-4e94-b26e-73a63fb003c4,Vans Checkerboard Old Skool Overt Cc Sneakers Women (Unisex US Size) WHITE VN0A7Q5ETDC1,3,04-08-2023
https://shopee.sg/adidas-Lifestyle-Stan-Smith-Shoes-Kids-White-FX7519-i.265436651.9484093745?sp_atk=15a40c38-01eb-45b3-99ac-b60bc0a0dabd&xptdk=15a40c38-01eb-45b3-99ac-b60bc0a0dabd,adidas Lifestyle Stan Smith Shoes Kids White FX7519,3,04-08-2023
https://shopee.sg/PUMA-RS-X-Efekt-Reflective-Men's-Sneakers-(White)-i.341363989.10399226528?sp_atk=bb7e3ca5-45cd-416b-a33d-c3f9a19619ea&xptdk=bb7e3ca5-45cd-416b-a33d-c3f9a19619ea,PUMA RS-X Efekt Reflective Men's Sneakers (White),3,04-08-2023
https://shopee.sg/PUMA-Unisex-Aviator-ProFoam-Sky-Running-Shoes-i.341363989.23212493386?sp_atk=2d8a90b1-d98e-4ed1-86da-534ef09cbb68&xptdk=2d8a90b1-d98e-4ed1-86da-534ef09cbb68,PUMA Unisex Aviator ProFoam Sky Running Shoes,3,04-08-2023
https://shopee.sg/Power-Women-Running-Shoe-509X973-i.324728427.23123447367?sp_atk=7b71df29-4515-4541-a2bc-5c1f3fd63a0c&xptdk=7b71df29-4515-4541-a2bc-5c1f3fd63a0c,Power Women Running Shoe 509X973,3,04-08-2023
https://shopee.sg/adidas-Lifestyle-Stan-Smith-Shoes-Unisex-White-FX5502-i.265436651.8403033542?sp_atk=055c29b7-aee4-4d19-b082-a4b7dd5d8e34&xptdk=055c29b7-aee4-4d19-b082-a4b7dd5d8e34,adidas Lifestyle Stan Smith Shoes Unisex White FX5502,3,04-08-2023
https://shopee.sg/PUMA-Cilia-Lux-Women's-Training-Shoes-Basics-Low-Boot-i.341363989.13749655362?sp_atk=f501d868-2114-42e8-8390-77f9db6f4cec&xptdk=f501d868-2114-42e8-8390-77f9db6f4cec,PUMA Cilia Lux Women's Training Shoes Basics Low Boot,3,04-08-2023
https://shopee.sg/adidas-Tennis-Advantage-Shoes-Men-White-HR0237-i.265436651.21972577764?sp_atk=682da869-e484-4a6d-93d1-e4d4870c84b5&xptdk=682da869-e484-4a6d-93d1-e4d4870c84b5,adidas Tennis Advantage Shoes Men White HR0237,3,04-08-2023
https://shopee.sg/REEF-Women-Cushion-Sunrise-Slip-On-Sneaker-White-i.48785701.21171811219?sp_atk=561131e1-263c-4075-b5f1-b42245f44611&xptdk=561131e1-263c-4075-b5f1-b42245f44611,REEF Women Cushion Sunrise Slip On Sneaker - White,3,04-08-2023
https://shopee.sg/Superga-2790-Flatform-White-i.172406425.6230424776?sp_atk=812cea2c-c234-4fff-88a3-8f7e59806d1a&xptdk=812cea2c-c234-4fff-88a3-8f7e59806d1a,Superga 2790 Flatform White,3,04-08-2023
https://shopee.sg/ASICS-Men-GEL-RESOLUTION-8-Tennis-Shoes-in-Velvet-Pine-White-i.455553838.19179151356?sp_atk=30c6a040-3558-4730-8368-d92446988d7e&xptdk=30c6a040-3558-4730-8368-d92446988d7e,ASICS Men GEL-RESOLUTION 8 Tennis Shoes in Velvet Pine/White,3,04-08-2023
https://shopee.sg/MBT-M800-for-Women-in-White-i.114877948.13264746009?sp_atk=a58841fa-1baa-482e-acb2-5e0de30229cb&xptdk=a58841fa-1baa-482e-acb2-5e0de30229cb,MBT M800 for Women in White,3,04-08-2023
https://shopee.sg/PUMA-Mayze-UT-Metallic-Sneakers-Women-(White)-i.341363989.22134753306?sp_atk=b6f2fe66-6f80-487a-8edd-888284cc0843&xptdk=b6f2fe66-6f80-487a-8edd-888284cc0843,PUMA Mayze UT Metallic Sneakers Women (White),3,04-08-2023
https://shopee.sg/Geox-Woman-Shoe-Sneakers-D-Runntix-White-i.267920682.20279766418?sp_atk=1c2cd3e9-654f-4dfe-87a1-4493803f877e&xptdk=1c2cd3e9-654f-4dfe-87a1-4493803f877e,Geox Woman Shoe Sneakers D Runntix White,3,04-08-2023
https://shopee.sg/Sunnystep-Elevate-Walker-Stardust-White-Most-Comfortable-Walking-Shoes-i.235218859.19873298753?sp_atk=ca716e40-4354-46d4-8ccd-32c83448a8bc&xptdk=ca716e40-4354-46d4-8ccd-32c83448a8bc,Sunnystep - Elevate Walker - Stardust White - Most Comfortable Walking Shoes,3,04-08-2023
https://shopee.sg/Geox-Man-Shoe-Sneaker-U-Levico-A-White-i.267920682.23936425009?sp_atk=f6521565-e692-4d54-897c-252b1337e590&xptdk=f6521565-e692-4d54-897c-252b1337e590,Geox Man Shoe Sneaker U Levico A White,3,04-08-2023
https://shopee.sg/adidas-Forum-Low-FY7755-White-Unisex-(LF)-i.280432311.16284574877?sp_atk=06bf13eb-2556-4a81-9fdb-e9bd7f235834&xptdk=06bf13eb-2556-4a81-9fdb-e9bd7f235834,adidas Forum Low FY7755 White Unisex (LF),3,04-08-2023
https://shopee.sg/Moda-Paolo-Unisex-Canvas-Shoes-in-2-Colours-(98)-i.82022023.2871790180?sp_atk=ab5d5164-6a3a-448d-a7a2-db5d16c276c7&xptdk=ab5d5164-6a3a-448d-a7a2-db5d16c276c7,Moda Paolo Unisex Canvas Shoes in 2 Colours (98),3,04-08-2023
https://shopee.sg/adidas-Lifestyle-Nizza-Shoes-Unisex-White-CQ2333-i.265436651.4643514150?sp_atk=23a4ccda-2728-4dc1-8ef1-2928cf499464&xptdk=23a4ccda-2728-4dc1-8ef1-2928cf499464,adidas Lifestyle Nizza Shoes Unisex White CQ2333,3,04-08-2023
https://shopee.sg/Clarks-Un-Perri-Vibe-White-Leather-Womens-Shoes-i.119320434.9155078026?sp_atk=f8d740ca-9a97-4a43-ba30-d55de8ef1f09&xptdk=f8d740ca-9a97-4a43-ba30-d55de8ef1f09,Clarks Un Perri Vibe White Leather Womens Shoes,3,04-08-2023
https://shopee.sg/adidas-Running-Runfalcon-3.0-Shoes-Women-White-HP7559-i.265436651.23674855322?sp_atk=89534960-8a2e-41e3-9fe0-43a5bbce2585&xptdk=89534960-8a2e-41e3-9fe0-43a5bbce2585,adidas Running Runfalcon 3.0 Shoes Women White HP7559,3,04-08-2023
https://shopee.sg/adidas-Lifestyle-NMD_R1-Shoes-Men-White-IF8028-i.265436651.22941972884?sp_atk=c3673586-5018-4309-abc2-3424d7aea856&xptdk=c3673586-5018-4309-abc2-3424d7aea856,adidas Lifestyle NMD_R1 Shoes Men White IF8028,3,04-08-2023
https://shopee.sg/-NEW-PUMA-TRC-Mira-Inland-Women's-Sneakers-(White)-i.341363989.17898088809?sp_atk=2ccf44f2-4621-40cb-8f76-985ca6fdf08e&xptdk=2ccf44f2-4621-40cb-8f76-985ca6fdf08e,[NEW] PUMA TRC Mira Inland Women's Sneakers (White),3,04-08-2023
https://shopee.sg/adidas-Lifestyle-Nizza-RF-Hi-Shoes-Men-White-F34941-i.265436651.23841364236?sp_atk=c250cd4a-96ff-4e35-9110-6903bb5a571a&xptdk=c250cd4a-96ff-4e35-9110-6903bb5a571a,adidas Lifestyle Nizza RF Hi Shoes Men White F34941,3,04-08-2023
https://shopee.sg/Under-Armour-UA-Womens'-Flow-Synchronicity-Running-Shoes-i.252648730.22726496161?sp_atk=97c3d848-9862-459f-8c8b-7e2bfba564ff&xptdk=97c3d848-9862-459f-8c8b-7e2bfba564ff,Under Armour UA Womens' Flow Synchronicity Running Shoes,3,04-08-2023
https://shopee.sg/adidas-Lifestyle-Court-Silk-Shoes-Women-White-IF5388-i.265436651.12998845305?sp_atk=03907bc6-22e5-4692-a988-de1736c41179&xptdk=03907bc6-22e5-4692-a988-de1736c41179,adidas Lifestyle Court Silk Shoes Women White IF5388,3,04-08-2023
https://shopee.sg/Converse-Women's-Run-Star-Hike-Sneakers-White-i.252818873.23419891993?sp_atk=22b2ded3-e912-4e51-8515-7937bd00d364&xptdk=22b2ded3-e912-4e51-8515-7937bd00d364,Converse Women's Run Star Hike Sneakers - White,3,04-08-2023
https://shopee.sg/Moda-Paolo-Unisex-School-Shoes-in-2-Colours-(1270T)-i.82022023.1759268560?sp_atk=c3727da7-269c-4d23-84eb-21f2457c90a4&xptdk=c3727da7-269c-4d23-84eb-21f2457c90a4,Moda Paolo Unisex School Shoes in 2 Colours (1270T),3,04-08-2023
https://shopee.sg/ALDO-Faiza-Women's-Heels-White-i.959254401.20388752908?sp_atk=10e3a3db-cff1-4358-b144-884ce2c74728&xptdk=10e3a3db-cff1-4358-b144-884ce2c74728,ALDO Faiza Women's Heels -  White,3,04-08-2023
https://shopee.sg/adidas-Running-Runfalcon-3.0-Shoes-Women-White-HP7561-i.265436651.19572580072?sp_atk=3c22cdeb-5a4f-46ee-b1ca-720c62bded38&xptdk=3c22cdeb-5a4f-46ee-b1ca-720c62bded38,adidas Running Runfalcon 3.0 Shoes Women White HP7561,3,04-08-2023
https://shopee.sg/adidas-Running-Questar-Shoes-Women-White-HP2431-i.265436651.23322231076?sp_atk=abe28b9e-8972-4f3b-8102-4b96da848231&xptdk=abe28b9e-8972-4f3b-8102-4b96da848231,adidas Running Questar Shoes Women White HP2431,3,04-08-2023
https://shopee.sg/adidas-Lifestyle-Grand-Court-Cloudfoam-Comfort-Shoes-Men-White-GW9195-i.265436651.23466168966?sp_atk=80be7f67-418c-4680-993a-bd179b4b4d4d&xptdk=80be7f67-418c-4680-993a-bd179b4b4d4d,adidas Lifestyle Grand Court Cloudfoam Comfort Shoes Men White GW9195,3,04-08-2023
https://shopee.sg/Moda-Paolo-Unisex-Sneakers-in-2-Colours-(1207)-i.82022023.19562654488?sp_atk=7f647961-9877-48f4-abc1-786f1968bbe4&xptdk=7f647961-9877-48f4-abc1-786f1968bbe4,Moda Paolo Unisex Sneakers in 2 Colours (1207),3,04-08-2023
https://shopee.sg/Geox-Women-Shoes-Pump-D-Annytah-Silver-White-i.267920682.7545461495?sp_atk=30a10f9c-559e-4778-8836-cdf36b6be5b2&xptdk=30a10f9c-559e-4778-8836-cdf36b6be5b2,Geox Women Shoes Pump D Annytah Silver/White,3,04-08-2023
https://shopee.sg/adidas-Stan-Smith-White-Collegiate-Navy-FX5501-Unisex-(LF)-i.280432311.20354936534?sp_atk=ec975ff4-8cb3-40d3-a127-a60bc7333843&xptdk=ec975ff4-8cb3-40d3-a127-a60bc7333843,adidas Stan Smith White Collegiate Navy FX5501 Unisex (LF),3,04-08-2023
https://shopee.sg/PUMA-Women-Smash-Vulcanised-V3-Low-Shoes-i.341363989.21556453909?sp_atk=88034a87-163c-4245-b9bf-cafd225a1f7f&xptdk=88034a87-163c-4245-b9bf-cafd225a1f7f,PUMA Women Smash Vulcanised V3 Low Shoes,3,04-08-2023
https://shopee.sg/NATIVE-Jefferson-Unisex-Shoe-Jiffy-Black-Shell-White-i.48785701.23814981598?sp_atk=1eb2e81c-23ef-428b-97e9-a793165248f6&xptdk=1eb2e81c-23ef-428b-97e9-a793165248f6,NATIVE Jefferson Unisex Shoe - Jiffy Black / Shell White,3,04-08-2023
https://shopee.sg/Everbest-Women's-Shoes-TRACCE-SD2005-Low-cut-White-Sneakers-i.273529824.20474823304?sp_atk=5646faf7-b021-4a81-81d3-be3c9e2295fa&xptdk=5646faf7-b021-4a81-81d3-be3c9e2295fa,Everbest Women's Shoes - TRACCE SD2005 Low cut White Sneakers,3,04-08-2023
https://shopee.sg/Walking-Tall-Height-increase-shoes-(7-cm)-with-Rubber-OutSole-White-Leather-Men-shoes-Quality-Elevator-Shoes-C11K272D-i.228978173.7520003944?sp_atk=54ccea2e-3734-4323-a357-56132aa79372&xptdk=54ccea2e-3734-4323-a357-56132aa79372,Walking Tall Height increase shoes (7 cm) with Rubber OutSole - White Leather Men shoes Quality Elevator Shoes C11K272D,3,04-08-2023
https://shopee.sg/ASICS-Women-GEL-DEDICATE-7-Tennis-Shoes-in-Sky-White-i.455553838.22132372964?sp_atk=33c5a3a7-8ffa-46c3-8d97-a3b630c7eb04&xptdk=33c5a3a7-8ffa-46c3-8d97-a3b630c7eb04,ASICS Women GEL-DEDICATE 7 Tennis Shoes in Sky/White,3,04-08-2023
https://shopee.sg/Converse-Pro-Blaze-Cup-Removable-Strap-Men's-Sneakers-White-i.252818873.23310650469?sp_atk=23ded4c9-02e1-4ba6-a41f-21f9cf3c7cf6&xptdk=23ded4c9-02e1-4ba6-a41f-21f9cf3c7cf6,Converse Pro Blaze Cup Removable Strap Men's Sneakers - White,3,04-08-2023
https://shopee.sg/Vans-Style-36-Sneakers-Women-(Unisex-US-Size)-White-VN0A3DZ3OXS1-i.884975004.14395391776?sp_atk=29ba8eb7-146d-4af9-bb1c-6b7eb1f6b703&xptdk=29ba8eb7-146d-4af9-bb1c-6b7eb1f6b703,Vans Style 36 Sneakers Women (Unisex US Size) White VN0A3DZ3OXS1,3,04-08-2023
https://shopee.sg/NATIVE-Jefferson-Unisex-Shoe-Victoria-Blue-Shell-White-i.330344897.11339395546?sp_atk=b76e4f32-bebf-4cd4-8f4a-f91b038e0e63&xptdk=b76e4f32-bebf-4cd4-8f4a-f91b038e0e63,NATIVE Jefferson Unisex Shoe - Victoria Blue / Shell White,3,04-08-2023
https://shopee.sg/Superga-2630-Stripe-White-i.172406425.12773069944?sp_atk=4829d341-caee-4204-9be8-14477d9c5e3e&xptdk=4829d341-caee-4204-9be8-14477d9c5e3e,Superga 2630 Stripe White,3,04-08-2023
https://shopee.sg/ALDO-Woollya-Women's-Sneakers-Other-White-i.959254401.20388752916?sp_atk=1804909d-98e6-4316-a46a-56c57f998a0d&xptdk=1804909d-98e6-4316-a46a-56c57f998a0d,ALDO Woollya Women's Sneakers-  Other White,3,04-08-2023
https://shopee.sg/Geox-Women-Shoes-Moccasin-D-Vega-Moc-Off-White-i.267920682.7545488237?sp_atk=351812a2-0a22-4c55-a63d-660a3a92ca28&xptdk=351812a2-0a22-4c55-a63d-660a3a92ca28,Geox Women Shoes Moccasin D Vega Moc Off White,3,04-08-2023
https://shopee.sg/Aetrex-Carly-Lace-Up-Women-sneakers-White-i.292384578.6068444302?sp_atk=04b5eb4b-a5a4-4d9d-9442-605cecef63fa&xptdk=04b5eb4b-a5a4-4d9d-9442-605cecef63fa,Aetrex Carly Lace Up Women sneakers- White,3,04-08-2023
https://shopee.sg/Converse-CTAS-Lift-Platform-Seasonal-Color-Women's-Sneakers-Summit-Sage-White-Black-i.252818873.22469473266?sp_atk=4cdd57a9-8f6f-493e-87e0-260ae7ea9486&xptdk=4cdd57a9-8f6f-493e-87e0-260ae7ea9486,Converse CTAS Lift Platform Seasonal Color Women's Sneakers - Summit Sage/White/Black,3,04-08-2023
https://shopee.sg/PUMA-PROADAPT-Δ-Men's-Golf-Shoes-(White)-i.341363989.23066347303?sp_atk=3d533909-f288-4cc2-a836-6f1180d64846&xptdk=3d533909-f288-4cc2-a836-6f1180d64846,PUMA PROADAPT Δ Men's Golf Shoes (White),3,04-08-2023
https://shopee.sg/PUMA-Unisex-RS-Z-Outline-Shoes-i.341363989.21737842966?sp_atk=53691531-0e48-45e8-b758-4ac119f0309d&xptdk=53691531-0e48-45e8-b758-4ac119f0309d,PUMA Unisex RS-Z Outline Shoes,3,04-08-2023
https://shopee.sg/FILA-CORE-Men's-ATHLETICS-Fitness-Sneakers-in-White-i.122238789.22548792493?sp_atk=30e59fec-e502-4c16-bac7-ade0d7924933&xptdk=30e59fec-e502-4c16-bac7-ade0d7924933,FILA CORE Men's ATHLETICS Fitness Sneakers in White,3,04-08-2023
https://shopee.sg/Everlast-Unisex-EVL-LITE-Mesh-Sneakers-Monochrome-White-(1EAH0031-MWE)-Casual-Athleisure-Urban-Streetwear-Trainers-i.75762037.20459988318?sp_atk=d599c873-ba5b-4906-99f8-6ac84815d534&xptdk=d599c873-ba5b-4906-99f8-6ac84815d534,Everlast Unisex EVL-LITE Mesh Sneakers - Monochrome White (1EAH0031 MWE) Casual Athleisure | Urban Streetwear | Trainers,3,04-08-2023
https://shopee.sg/adidas-Lifestyle-Treziod-2.0-Shoes-Men-White-GY0052-i.265436651.19173137518?sp_atk=fd44eba2-b7b5-41ee-a92a-5e6e5b5e9617&xptdk=fd44eba2-b7b5-41ee-a92a-5e6e5b5e9617,adidas Lifestyle Treziod 2.0 Shoes Men White GY0052,3,04-08-2023
https://shopee.sg/adidas-Running-Pureboost-22-Shoes-Men-White-GY4705-i.265436651.22022232911?sp_atk=a89ff7ec-6cac-4ce1-9bfb-0366df618e6f&xptdk=a89ff7ec-6cac-4ce1-9bfb-0366df618e6f,adidas Running Pureboost 22 Shoes Men White GY4705,3,04-08-2023
https://shopee.sg/Everbest-Men's-Shoes-SD7008-Men's-Casual-Lace-up-Sneaker-i.273529824.21843679016?sp_atk=25874d19-73c6-42e8-9a63-a558ba33deb2&xptdk=25874d19-73c6-42e8-9a63-a558ba33deb2,Everbest Men's Shoes - SD7008  Men's Casual Lace up Sneaker,3,04-08-2023
https://shopee.sg/ECCO-ATH-1FW-WOMEN'S-SHOES-i.456133957.17183648371?sp_atk=88322f5c-98bd-4383-bbb2-72124c0164c6&xptdk=88322f5c-98bd-4383-bbb2-72124c0164c6,ECCO ATH-1FW WOMEN'S SHOES,3,04-08-2023
https://shopee.sg/PUMA-Slipstream-Always-On-Men's-Sneakers-(White)-i.341363989.22134751488?sp_atk=5a7cc450-588f-4eb6-b2d1-0ac944b0d05e&xptdk=5a7cc450-588f-4eb6-b2d1-0ac944b0d05e,PUMA Slipstream Always On Men's Sneakers (White),3,04-08-2023
https://shopee.sg/Skechers-Women-Sport-Active-Microburst-2.0-Wish-List-Shoes-104264-WPK-Air-Cooled-Memory-Foam-Sneakers-Casual-i.84710867.22124557592?sp_atk=b6d34991-e069-4002-b287-57694eaaecc6&xptdk=b6d34991-e069-4002-b287-57694eaaecc6,"Skechers Women Sport Active Microburst 2.0 Wish List Shoes - 104264-WPK - Air-Cooled Memory Foam, Sneakers, Casual",3,04-08-2023
https://shopee.sg/Skechers-Online-Exclusive-Women-Foamies-GOwalk-5-Astonished-Walking-Shoes-111103-BKW-Sneakers-Sport-i.84710867.23923931411?sp_atk=df0776eb-78fa-47aa-a459-7500de5a3687&xptdk=df0776eb-78fa-47aa-a459-7500de5a3687,"Skechers Online Exclusive Women Foamies GOwalk 5 Astonished Walking Shoes - 111103-BKW - Sneakers, Sport",3,04-08-2023
https://shopee.sg/Northstar-Women-Chuncky-Sneakers-Macao-550X235-i.324728427.22631094871?sp_atk=4b1b33b7-29db-40e4-bd93-33d9f63b7413&xptdk=4b1b33b7-29db-40e4-bd93-33d9f63b7413,Northstar Women Chuncky Sneakers Macao 550X235,3,04-08-2023
https://shopee.sg/Superga-x-Emily-Ratajkowski-2750-White-Off-White-i.172406425.18174138251?sp_atk=b389962c-5563-446b-adea-7b96940e700c&xptdk=b389962c-5563-446b-adea-7b96940e700c,Superga x Emily Ratajkowski 2750 White Off White,4,04-08-2023
https://shopee.sg/adidas-Lifestyle-Stan-Smith-Shoes-Unisex-White-FX5500-i.265436651.3664922079?sp_atk=1df0945e-490f-4bd9-8853-99311fcaf50a&xptdk=1df0945e-490f-4bd9-8853-99311fcaf50a,adidas Lifestyle Stan Smith Shoes Unisex White FX5500,4,04-08-2023
https://shopee.sg/adidas-Lifestyle-adidas-CT86-Shoes-Men-White-GW5721-i.265436651.23622230724?sp_atk=56e52e1e-afbd-42b9-b128-b76b4466ba20&xptdk=56e52e1e-afbd-42b9-b128-b76b4466ba20,adidas Lifestyle adidas CT86 Shoes Men White GW5721,4,04-08-2023
https://shopee.sg/PUMA-x-AMI-Suede-Mayu-Deconstruct-Women's-Sneakers-(White)-i.341363989.18688428577?sp_atk=733e283d-b827-41c9-8556-a4b968cb4619&xptdk=733e283d-b827-41c9-8556-a4b968cb4619,PUMA x AMI Suede Mayu Deconstruct Women's Sneakers (White),4,04-08-2023
https://shopee.sg/PUMA-Unisex-RS-Z-Outline-Shoes-i.341363989.21737842966?sp_atk=44907dcc-8185-4a93-97f2-8bf3af6c941a&xptdk=44907dcc-8185-4a93-97f2-8bf3af6c941a,PUMA Unisex RS-Z Outline Shoes,4,04-08-2023
https://shopee.sg/PUMA-Unisex-GS.One-Golf-Shoes-(White)-i.341363989.23740869816?sp_atk=5da3e472-88d4-423f-9e53-7b898c00ccc9&xptdk=5da3e472-88d4-423f-9e53-7b898c00ccc9,PUMA Unisex GS.One Golf Shoes (White),4,04-08-2023
https://shopee.sg/PUMA-Carina-2.0-Sneakers-Women-(Pink)-i.341363989.23340084804?sp_atk=6de3e51f-386a-41ef-aa58-950e06fad17f&xptdk=6de3e51f-386a-41ef-aa58-950e06fad17f,PUMA Carina 2.0 Sneakers Women (Pink),4,04-08-2023
https://shopee.sg/adidas-Lifestyle-Treziod-2.0-Shoes-Men-White-GY0052-i.265436651.19173137518?sp_atk=fb213658-dd69-4ef2-ab68-1d9d383c298b&xptdk=fb213658-dd69-4ef2-ab68-1d9d383c298b,adidas Lifestyle Treziod 2.0 Shoes Men White GY0052,4,04-08-2023
https://shopee.sg/prettyFIT-DARCY-Women's-Leather-Low-top-Sneakers-Ladies-Elastic-Shoelace-Casual-Shoes-i.243520792.18574166705?sp_atk=f7bf3622-7f42-4ec1-a3f6-77678057a5b7&xptdk=f7bf3622-7f42-4ec1-a3f6-77678057a5b7,prettyFIT DARCY Women's Leather Low-top Sneakers Ladies Elastic Shoelace Casual Shoes,4,04-08-2023
https://shopee.sg/Vans-Style-36-Sneakers-Women-(Unisex-US-Size)-White-VN0A3DZ3OXS1-i.884975004.14395391776?sp_atk=8a9af8c8-0c97-43e4-afc6-6f6ee63d169d&xptdk=8a9af8c8-0c97-43e4-afc6-6f6ee63d169d,Vans Style 36 Sneakers Women (Unisex US Size) White VN0A3DZ3OXS1,4,04-08-2023
https://shopee.sg/Sperry-Women's-Crest-Vibe-Leather-Sneaker-White-(STS84549)-i.911396071.23608975636?sp_atk=fda57d9b-7f72-4d28-8f50-0cebeb1567c5&xptdk=fda57d9b-7f72-4d28-8f50-0cebeb1567c5,Sperry Women's Crest Vibe Leather Sneaker - White (STS84549),4,04-08-2023
https://shopee.sg/adidas-Tennis-Advantage-Shoes-Men-White-HR0237-i.265436651.21972577764?sp_atk=64c3445f-1976-43bf-a708-11d47015ef43&xptdk=64c3445f-1976-43bf-a708-11d47015ef43,adidas Tennis Advantage Shoes Men White HR0237,4,04-08-2023
https://shopee.sg/FILA-FUSION-Women's-50-50-FUSION-Sneakers-i.122238789.23474363818?sp_atk=705ead82-c770-4881-bb02-25a5bf747ba6&xptdk=705ead82-c770-4881-bb02-25a5bf747ba6,FILA FUSION Women's 50-50 FUSION Sneakers,4,04-08-2023
https://shopee.sg/Geox-Women-Shoes-Moccasin-D-Vega-Moc-Off-White-i.267920682.7545488237?sp_atk=2178b801-1efb-4bf1-9b15-3349a87f5a0e&xptdk=2178b801-1efb-4bf1-9b15-3349a87f5a0e,Geox Women Shoes Moccasin D Vega Moc Off White,4,04-08-2023
https://shopee.sg/PUMA-Carina-PFS-Women's-Shoes-Basics-i.341363989.2974605079?sp_atk=d9d9b4bb-7bed-4a51-86dc-a5710bf305c7&xptdk=d9d9b4bb-7bed-4a51-86dc-a5710bf305c7,PUMA Carina PFS Women's Shoes Basics,4,04-08-2023
https://shopee.sg/adidas-Lifestyle-Advantage-Shoes-Women-White-IF5406-i.265436651.20388579628?sp_atk=56309b27-e801-42fc-bfce-91883ba65cb7&xptdk=56309b27-e801-42fc-bfce-91883ba65cb7,adidas Lifestyle Advantage Shoes Women White IF5406,4,04-08-2023
https://shopee.sg/Geox-Women-Shoes-Sneaker-D-Suzzie-B-Dk-Skin-Off-White-i.267920682.8918523887?sp_atk=55c84f8f-be1f-45b8-b127-74e5f77d0551&xptdk=55c84f8f-be1f-45b8-b127-74e5f77d0551,Geox Women Shoes Sneaker D Suzzie B Dk Skin/Off White,4,04-08-2023
https://shopee.sg/Adidas-CourtJam-Control-White-Black-Men's-Tennis-Shoes-i.379296602.22318861898?sp_atk=82ce6d95-a8f8-4cdf-8208-57c8976d7605&xptdk=82ce6d95-a8f8-4cdf-8208-57c8976d7605,Adidas CourtJam Control White/Black Men's Tennis Shoes,4,04-08-2023
https://shopee.sg/ASICS-Men-GEL-RESOLUTION-8-Tennis-Shoes-in-Velvet-Pine-White-i.455553838.19179151356?sp_atk=46f9ed22-4945-4c25-ae27-86f0484a2923&xptdk=46f9ed22-4945-4c25-ae27-86f0484a2923,ASICS Men GEL-RESOLUTION 8 Tennis Shoes in Velvet Pine/White,4,04-08-2023
https://shopee.sg/ASICS-Women-GEL-CHALLENGER-14-Tennis-Shoes-in-White-Pure-Silver-i.455553838.23772649779?sp_atk=b193e8c0-e0f2-49da-b05b-94f4a5601cf1&xptdk=b193e8c0-e0f2-49da-b05b-94f4a5601cf1,ASICS Women GEL-CHALLENGER 14 Tennis Shoes in White/Pure Silver,4,04-08-2023
https://shopee.sg/Sunnystep-Elevate-walker-2.0-White-Most-Comfortable-Walking-Shoes-i.235218859.22145438352?sp_atk=957a9027-3424-4892-a588-1bca8ea3cbed&xptdk=957a9027-3424-4892-a588-1bca8ea3cbed,Sunnystep - Elevate walker 2.0 - White - Most Comfortable Walking Shoes,4,04-08-2023
https://shopee.sg/PUMA-Unisex-Slipstream-Hi-Heritage-Sneakers-(White)-i.341363989.21371786850?sp_atk=0314b347-c7b9-4aff-bd46-301b30e548f5&xptdk=0314b347-c7b9-4aff-bd46-301b30e548f5,PUMA Unisex Slipstream Hi Heritage Sneakers (White),4,04-08-2023
https://shopee.sg/ALDO-Miran-Women's-Heels-White-i.959254401.18188765341?sp_atk=59b31ed4-f47a-4a64-bdb1-02339b0d6000&xptdk=59b31ed4-f47a-4a64-bdb1-02339b0d6000,ALDO Miran Women's Heels -  White,4,04-08-2023
https://shopee.sg/Converse-Ctas-Lift-Women's-Sneakers-Black-White-i.252818873.22638172581?sp_atk=67d33338-9c02-487a-b1fb-293b8d6fdef2&xptdk=67d33338-9c02-487a-b1fb-293b8d6fdef2,Converse Ctas Lift Women's Sneakers - Black/White,4,04-08-2023
https://shopee.sg/Sunnystep-Elevate-Walker-Stardust-White-Most-Comfortable-Walking-Shoes-i.235218859.19873298753?sp_atk=21476123-9aa4-4624-9a17-3751ef6f18e5&xptdk=21476123-9aa4-4624-9a17-3751ef6f18e5,Sunnystep - Elevate Walker - Stardust White - Most Comfortable Walking Shoes,4,04-08-2023
https://shopee.sg/-NEW-PUMA-Unisex-Scuderia-Ferrari-Slipstream-Sneakers-(White)-i.341363989.16995278260?sp_atk=c0b576fb-3402-435e-8fb7-22687393fb76&xptdk=c0b576fb-3402-435e-8fb7-22687393fb76,[NEW] PUMA Unisex Scuderia Ferrari Slipstream Sneakers (White),4,04-08-2023
https://shopee.sg/adidas-Lifestyle-Court-Silk-Shoes-Women-White-IF5388-i.265436651.12998845305?sp_atk=2f3d960c-dcf1-4aa3-a96a-feffbc33645b&xptdk=2f3d960c-dcf1-4aa3-a96a-feffbc33645b,adidas Lifestyle Court Silk Shoes Women White IF5388,4,04-08-2023
https://shopee.sg/Clarks-Kayleigh-Aster-White-Leather-Womens-Casual-i.119320434.23725810845?sp_atk=54d6dd9c-8541-4fe9-afc5-3b5ce6632eb9&xptdk=54d6dd9c-8541-4fe9-afc5-3b5ce6632eb9,Clarks Kayleigh Aster White Leather Womens Casual,4,04-08-2023
https://shopee.sg/Melissa-Wild-flexible-Ladies-Sneakers-i.127473736.22432594316?sp_atk=d1747ab2-c5cf-440c-8bed-4e4a1bf75e80&xptdk=d1747ab2-c5cf-440c-8bed-4e4a1bf75e80,Melissa Wild flexible Ladies Sneakers,4,04-08-2023
https://shopee.sg/PUMA-Unisex-GS-Fast-Golf-Shoes-(White)-i.341363989.19988188175?sp_atk=8fadc3b1-5fc9-41fa-b3dd-350802e8ad59&xptdk=8fadc3b1-5fc9-41fa-b3dd-350802e8ad59,PUMA Unisex GS-Fast Golf Shoes (White),4,04-08-2023
https://shopee.sg/Sunnystep-Elevate-Walker-in-Vegan-Leather-White-Most-Comfortable-Walking-Shoes-i.235218859.14296417754?sp_atk=4f03ed2b-5888-4d81-9c9e-564d5e87bcb3&xptdk=4f03ed2b-5888-4d81-9c9e-564d5e87bcb3,Sunnystep - Elevate Walker in Vegan Leather - White - Most Comfortable Walking Shoes,4,04-08-2023
https://shopee.sg/Converse-Run-Star-Hike-Unisex-Adult'S-Sneaker-White-i.252818873.19568469058?sp_atk=28d4dbd9-77e4-4b3f-a741-c4158170961a&xptdk=28d4dbd9-77e4-4b3f-a741-c4158170961a,Converse Run Star Hike Unisex Adult'S Sneaker - White,4,04-08-2023
https://shopee.sg/adidas-Lifestyle-Stan-Smith-Shoes-Men-White-FZ6425-i.265436651.19679270190?sp_atk=fb3354d1-9dcd-4e05-9f2c-aa6d2f3940d1&xptdk=fb3354d1-9dcd-4e05-9f2c-aa6d2f3940d1,adidas Lifestyle Stan Smith Shoes Men White FZ6425,4,04-08-2023
https://shopee.sg/PUMA-Unisex-x-AMI-Slipstream-Lo-Sneakers-(White)-i.341363989.22767011944?sp_atk=99a5fb88-3260-403d-a829-55d8954c9220&xptdk=99a5fb88-3260-403d-a829-55d8954c9220,PUMA Unisex x AMI Slipstream Lo Sneakers (White),4,04-08-2023
https://shopee.sg/Vans-Vintage-Floral-Old-Skool-Sneakers-Women-(Unisex-US-Size)-WHITE-VN0007NTFS81-i.884975004.22035488217?sp_atk=dc7dca83-a876-475f-9e7e-fe7ee697b8c6&xptdk=dc7dca83-a876-475f-9e7e-fe7ee697b8c6,Vans Vintage Floral Old Skool Sneakers Women (Unisex US Size) WHITE VN0007NTFS81,4,04-08-2023
https://shopee.sg/PUMA-RS-X-Efekt-Reflective-Men's-Sneakers-(White)-i.341363989.10399226528?sp_atk=03c24bf5-d773-40bc-857c-6dd06dd5b4b5&xptdk=03c24bf5-d773-40bc-857c-6dd06dd5b4b5,PUMA RS-X Efekt Reflective Men's Sneakers (White),4,04-08-2023
https://shopee.sg/Geox-Women-Shoes-Sneaker-D-Jaysen-White-i.267920682.7845488207?sp_atk=14035ec1-1d3a-4378-8c3c-efe1c1709ab1&xptdk=14035ec1-1d3a-4378-8c3c-efe1c1709ab1,Geox Women Shoes Sneaker D Jaysen White,4,04-08-2023
https://shopee.sg/Geox-Women-Shoes-Sneaker-D-Jaysen-Coral-White-i.267920682.7245477281?sp_atk=243ed98c-ff42-447d-b7bc-2ff897ceb194&xptdk=243ed98c-ff42-447d-b7bc-2ff897ceb194,Geox Women Shoes Sneaker D Jaysen Coral/White,4,04-08-2023
https://shopee.sg/PUMA-Slipstream-Always-On-Men's-Sneakers-(White)-i.341363989.22134751488?sp_atk=ed1d53fa-a31d-4bd6-9fa5-9c2c2ac943fd&xptdk=ed1d53fa-a31d-4bd6-9fa5-9c2c2ac943fd,PUMA Slipstream Always On Men's Sneakers (White),4,04-08-2023
https://shopee.sg/Aetrex-Carly-Lace-Up-Women-sneakers-White-i.292384578.6068444302?sp_atk=939babdd-1280-48a6-a21f-4bd8320242bc&xptdk=939babdd-1280-48a6-a21f-4bd8320242bc,Aetrex Carly Lace Up Women sneakers- White,4,04-08-2023
https://shopee.sg/adidas-Lifestyle-Advantage-Shoes-Men-White-GZ5299-i.265436651.11815246966?sp_atk=b145efb2-0027-4319-be9f-e7b503a3ac00&xptdk=b145efb2-0027-4319-be9f-e7b503a3ac00,adidas Lifestyle Advantage Shoes Men White GZ5299,4,04-08-2023
https://shopee.sg/Geox-Men-Shoes-Sneaker-U-Levita-A-White-i.267920682.5653132024?sp_atk=cbbb214e-2606-438d-9236-dc8bbe8e5f56&xptdk=cbbb214e-2606-438d-9236-dc8bbe8e5f56,Geox Men Shoes Sneaker U Levita A White,4,04-08-2023
https://shopee.sg/ASICS-Men-GEL-CHALLENGER-14-Tennis-Shoes-in-White-Black-i.455553838.21090429279?sp_atk=fef50046-1b3b-4e91-a7f1-c4bb32f9e458&xptdk=fef50046-1b3b-4e91-a7f1-c4bb32f9e458,ASICS Men GEL-CHALLENGER 14 Tennis Shoes in White/Black,4,04-08-2023
https://shopee.sg/-NEW-PUMA-TRC-Mira-Inland-Women's-Sneakers-(White)-i.341363989.17898088809?sp_atk=58bf6797-a6ff-4f0b-8042-d4a7ca956be4&xptdk=58bf6797-a6ff-4f0b-8042-d4a7ca956be4,[NEW] PUMA TRC Mira Inland Women's Sneakers (White),4,04-08-2023
https://shopee.sg/adidas-Tennis-Advantage-Shoes-Men-White-H06409-i.265436651.22422233713?sp_atk=e221c8d0-9a8d-4069-952b-cc25f681be8d&xptdk=e221c8d0-9a8d-4069-952b-cc25f681be8d,adidas Tennis Advantage Shoes Men White H06409,4,04-08-2023
https://shopee.sg/ON-Men-The-Roger-Clubhouse-Mid-All-day-wear-Shoes-All-White-i.258374675.20189389235?sp_atk=94335328-1259-4eb8-bace-0dee3ecc9382&xptdk=94335328-1259-4eb8-bace-0dee3ecc9382,ON Men The Roger Clubhouse Mid All-day wear Shoes - All White,4,04-08-2023
https://shopee.sg/adidas-Lifestyle-NMD_R1-Shoes-Men-White-HQ4463-i.265436651.15798738654?sp_atk=2bce1f9a-70a4-4c6a-b941-1b09f5c5a2d1&xptdk=2bce1f9a-70a4-4c6a-b941-1b09f5c5a2d1,adidas Lifestyle NMD_R1 Shoes Men White HQ4463,4,04-08-2023
https://shopee.sg/DR.KONG-WOMEN-COMFORT-SLIP-ON-MULES-SHOES-DK-W5001448-WHT-i.276299695.11490717851?sp_atk=decb148d-ec4e-4711-b0e5-9cfbf2a09043&xptdk=decb148d-ec4e-4711-b0e5-9cfbf2a09043,DR.KONG WOMEN COMFORT SLIP ON MULES SHOES DK-W5001448-WHT,4,04-08-2023
https://shopee.sg/Geox-Women-Shoes-Moccasin-D-Vega-Moc-Scarlet-Off-White-i.267920682.5745483800?sp_atk=6442b145-95a6-432c-910a-ca9033e5702c&xptdk=6442b145-95a6-432c-910a-ca9033e5702c,Geox Women Shoes Moccasin D Vega Moc Scarlet/Off White,4,04-08-2023
https://shopee.sg/adidas-Running-Ultraboost-Light-Shoes-Women-White-HQ6353-i.265436651.18588221399?sp_atk=5b881cc2-2972-4283-a643-b4b3a39e30d5&xptdk=5b881cc2-2972-4283-a643-b4b3a39e30d5,adidas Running Ultraboost Light Shoes Women White HQ6353,4,04-08-2023
https://shopee.sg/The-North-Face-Women-Vectiv-Taraval-Tech-Lifestyle-Shoes-Lunar-New-Year-White-Arrowood-Yellow-i.257542938.21070877539?sp_atk=e2a362d4-51df-4ddc-a58d-25b35beaacca&xptdk=e2a362d4-51df-4ddc-a58d-25b35beaacca,The North Face Women Vectiv Taraval Tech Lifestyle Shoes - Lunar New Year White / Arrowood Yellow,4,04-08-2023
https://shopee.sg/PUMA-PROADAPT-Δ-Men's-Golf-Shoes-(White)-i.341363989.23066347303?sp_atk=d6e543a3-1c18-4afd-8fce-e1b66d55d50c&xptdk=d6e543a3-1c18-4afd-8fce-e1b66d55d50c,PUMA PROADAPT Δ Men's Golf Shoes (White),4,04-08-2023
https://shopee.sg/MBT-MTR-1500-II-Lace-Up-Women-Running-Shoes-in-White-Pink-i.114877948.22330966482?sp_atk=ed2826c5-009f-4ae6-852c-06dd6d3f70d6&xptdk=ed2826c5-009f-4ae6-852c-06dd6d3f70d6,MBT MTR-1500 II Lace Up Women Running Shoes in White/Pink,4,04-08-2023
https://shopee.sg/adidas-Stan-Smith-White-Collegiate-Navy-FX5501-Unisex-(LF)-i.280432311.20354936534?sp_atk=5d1088c3-427e-4aae-9973-f1d1aad7c6b2&xptdk=5d1088c3-427e-4aae-9973-f1d1aad7c6b2,adidas Stan Smith White Collegiate Navy FX5501 Unisex (LF),4,04-08-2023
https://shopee.sg/Geox-Women-Shoes-Sneaker-D-Carum-White-i.267920682.7045488217?sp_atk=6e64df22-b32c-4b7d-9302-490553d15a25&xptdk=6e64df22-b32c-4b7d-9302-490553d15a25,Geox Women Shoes Sneaker D Carum White,4,04-08-2023
https://shopee.sg/adidas-Lifestyle-Stan-Smith-Shoes-Men-White-GY5695-i.265436651.16011015868?sp_atk=0f12c842-98aa-4719-bdde-ec5db47617b8&xptdk=0f12c842-98aa-4719-bdde-ec5db47617b8,adidas Lifestyle Stan Smith Shoes Men White GY5695,4,04-08-2023
https://shopee.sg/FitFlop-F-MODE-E01-Women's-Limited-Edition-Leather-Mix-Flatform-Sneakers-Urban-White-Mix-(FR3-646)-i.524040819.19070555766?sp_atk=f28e266f-b4c8-4e41-9007-78439c365dda&xptdk=f28e266f-b4c8-4e41-9007-78439c365dda,FitFlop F-MODE E01 Women's Limited Edition Leather-Mix Flatform Sneakers - Urban White Mix (FR3-646),4,04-08-2023
https://shopee.sg/adidas-Running-Questar-Shoes-Women-White-HP2431-i.265436651.23322231076?sp_atk=c8b0b273-5c7f-4228-bd52-37b6d5d93d18&xptdk=c8b0b273-5c7f-4228-bd52-37b6d5d93d18,adidas Running Questar Shoes Women White HP2431,4,04-08-2023
https://shopee.sg/Geox-Women-Shoes-Sneaker-D-Suzzie-B-Off-White-Lt-Blue-i.267920682.9218539027?sp_atk=6999d196-bb4c-4161-86fa-e3f4c9946141&xptdk=6999d196-bb4c-4161-86fa-e3f4c9946141,Geox Women Shoes Sneaker D Suzzie B Off White/Lt Blue,4,04-08-2023
https://shopee.sg/Sperry-Women's-SeaCycled™-Crest-Vibe-Beaded-Sneaker-White-(STS88472)-i.911396071.17394226829?sp_atk=2244b0a4-dbda-4a76-bd77-b62ee8b58d0d&xptdk=2244b0a4-dbda-4a76-bd77-b62ee8b58d0d,Sperry Women's SeaCycled™ Crest Vibe Beaded Sneaker - White (STS88472),4,04-08-2023
https://shopee.sg/ASICS-Men-COURT-FF-2-Tennis-Shoes-in-Mako-Blue-White-i.455553838.20219055744?sp_atk=40e72ec3-0b1a-411a-a682-64a4f5406e1b&xptdk=40e72ec3-0b1a-411a-a682-64a4f5406e1b,ASICS Men COURT FF 2 Tennis Shoes in Mako Blue/White,5,04-08-2023
https://shopee.sg/PUMA-Unisex-GS-Fast-Golf-Shoes-(White)-i.341363989.19988188175?sp_atk=5add00cf-0050-45e4-9789-894a890acea7&xptdk=5add00cf-0050-45e4-9789-894a890acea7,PUMA Unisex GS-Fast Golf Shoes (White),5,04-08-2023
https://shopee.sg/ASICS-Men-COURT-FF-2-Tennis-Shoes-in-White-Mako-Blue-i.455553838.23232360583?sp_atk=66a3fd01-a262-467e-be11-fc88a4e0c726&xptdk=66a3fd01-a262-467e-be11-fc88a4e0c726,ASICS Men COURT FF 2 Tennis Shoes in White/Mako Blue,5,04-08-2023
https://shopee.sg/PUMA-Unisex-Slipstream-Hi-Heritage-Sneakers-(White)-i.341363989.21371786850?sp_atk=e3012eb8-acb9-472c-ad65-3a13afe6bfc2&xptdk=e3012eb8-acb9-472c-ad65-3a13afe6bfc2,PUMA Unisex Slipstream Hi Heritage Sneakers (White),5,04-08-2023
https://shopee.sg/adidas-Running-Adistar-CS-Shoes-Women-White-HP5661-i.265436651.22441604384?sp_atk=1b19befa-0e16-4fda-9c8b-154f945bbb0f&xptdk=1b19befa-0e16-4fda-9c8b-154f945bbb0f,adidas Running Adistar CS Shoes Women White HP5661,5,04-08-2023
https://shopee.sg/Clarks-Un-Perri-Vibe-White-Leather-Womens-Shoes-i.119320434.9155078026?sp_atk=b4d9453f-2e97-4212-aef3-4793f0f8e690&xptdk=b4d9453f-2e97-4212-aef3-4793f0f8e690,Clarks Un Perri Vibe White Leather Womens Shoes,5,04-08-2023
https://shopee.sg/ECCO-ATH-1FW-WOMEN'S-SHOES-i.456133957.17183648371?sp_atk=9c596300-a708-4499-aa57-993b58bb4d21&xptdk=9c596300-a708-4499-aa57-993b58bb4d21,ECCO ATH-1FW WOMEN'S SHOES,5,04-08-2023
https://shopee.sg/Skechers-Online-Exclusive-Women-Foamies-GOwalk-5-Astonished-Walking-Shoes-111103-BKW-Sneakers-Sport-i.84710867.23923931411?sp_atk=4c040a11-b31f-4526-b54b-5b122adff501&xptdk=4c040a11-b31f-4526-b54b-5b122adff501,"Skechers Online Exclusive Women Foamies GOwalk 5 Astonished Walking Shoes - 111103-BKW - Sneakers, Sport",5,04-08-2023
https://shopee.sg/PUMA-RS-X-Efekt-Reflective-Men's-Sneakers-(White)-i.341363989.10399226528?sp_atk=9f5d9533-cddc-4467-bda9-0b774ac1eccd&xptdk=9f5d9533-cddc-4467-bda9-0b774ac1eccd,PUMA RS-X Efekt Reflective Men's Sneakers (White),5,04-08-2023
https://shopee.sg/Geox-Men-Shoes-Sneaker-U-Levita-A-White-i.267920682.5653132024?sp_atk=ffce155c-db94-4f04-aa9a-c9df7a816a10&xptdk=ffce155c-db94-4f04-aa9a-c9df7a816a10,Geox Men Shoes Sneaker U Levita A White,5,04-08-2023
https://shopee.sg/Adidas-Avacourt-White-Red-Women's-Tennis-Shoes-i.379296602.22472619463?sp_atk=e7e85575-4e30-4282-8ff5-2d7a92848990&xptdk=e7e85575-4e30-4282-8ff5-2d7a92848990,Adidas Avacourt White/Red Women's Tennis Shoes,5,04-08-2023
https://shopee.sg/PUMA-Slipstream-Always-On-Men's-Sneakers-(White)-i.341363989.22134751488?sp_atk=52c4fe14-8019-4785-81ab-ef223c1f6607&xptdk=52c4fe14-8019-4785-81ab-ef223c1f6607,PUMA Slipstream Always On Men's Sneakers (White),5,04-08-2023
https://shopee.sg/-NEW-PUMA-Unisex-Scuderia-Ferrari-Slipstream-Sneakers-(White)-i.341363989.16995278260?sp_atk=ff6757c8-6e0c-4ad7-b5ca-98c3eb6cb92d&xptdk=ff6757c8-6e0c-4ad7-b5ca-98c3eb6cb92d,[NEW] PUMA Unisex Scuderia Ferrari Slipstream Sneakers (White),5,04-08-2023
https://shopee.sg/adidas-Lifestyle-Stan-Smith-Shoes-Men-White-FZ6425-i.265436651.19679270190?sp_atk=d2f51b03-7f05-470d-b122-564fd6309a31&xptdk=d2f51b03-7f05-470d-b122-564fd6309a31,adidas Lifestyle Stan Smith Shoes Men White FZ6425,5,04-08-2023
https://shopee.sg/adidas-Running-Racer-TR21-Shoes-Kids-White-H06144-i.265436651.22441355190?sp_atk=a3596334-e05d-41dc-b30b-6b807301c1a2&xptdk=a3596334-e05d-41dc-b30b-6b807301c1a2,adidas Running Racer TR21 Shoes Kids White H06144,5,04-08-2023
https://shopee.sg/adidas-Lifestyle-Advantage-Shoes-Men-White-GZ5299-i.265436651.11815246966?sp_atk=a7f087e3-2052-4064-9b0d-f00779acb801&xptdk=a7f087e3-2052-4064-9b0d-f00779acb801,adidas Lifestyle Advantage Shoes Men White GZ5299,5,04-08-2023
https://shopee.sg/adidas-Lifestyle-OZNOVA-Shoes-Men-White-GX4505-i.265436651.20388199425?sp_atk=f3196558-9238-401a-a498-6d258cccc3b0&xptdk=f3196558-9238-401a-a498-6d258cccc3b0,adidas Lifestyle OZNOVA Shoes Men White GX4505,5,04-08-2023
https://shopee.sg/PUMA-Unisex-x-AMI-Slipstream-Lo-Sneakers-(White)-i.341363989.22767011944?sp_atk=fea73f27-c389-459b-9ada-3a135e1e4266&xptdk=fea73f27-c389-459b-9ada-3a135e1e4266,PUMA Unisex x AMI Slipstream Lo Sneakers (White),5,04-08-2023
https://shopee.sg/adidas-Stan-Smith-White-Collegiate-Navy-FX5501-Unisex-(LF)-i.280432311.20354936534?sp_atk=0101283d-1313-4965-be7f-cc85d70e62f8&xptdk=0101283d-1313-4965-be7f-cc85d70e62f8,adidas Stan Smith White Collegiate Navy FX5501 Unisex (LF),5,04-08-2023
https://shopee.sg/adidas-Stan-Smith-W-FZ6370-Womens-White-Scarlet-Gold-(LF)-i.280432311.19368444593?sp_atk=870c8aa9-fba8-4de2-af86-4f608386b81e&xptdk=870c8aa9-fba8-4de2-af86-4f608386b81e,adidas Stan Smith W FZ6370 Womens White Scarlet Gold (LF),5,04-08-2023
https://shopee.sg/adidas-Lifestyle-NMD_R1-Shoes-Men-White-HQ4463-i.265436651.15798738654?sp_atk=90e687a2-030b-4f01-a9d5-aa031b8519a0&xptdk=90e687a2-030b-4f01-a9d5-aa031b8519a0,adidas Lifestyle NMD_R1 Shoes Men White HQ4463,5,04-08-2023
https://shopee.sg/Superga-2696-Stripe-White-i.172406425.20117477518?sp_atk=afb2607d-23b5-4ae3-bc43-3c2578ad5d83&xptdk=afb2607d-23b5-4ae3-bc43-3c2578ad5d83,Superga 2696 Stripe White,5,04-08-2023
https://shopee.sg/adidas-Running-Ultrabounce-Shoes-Men-White-HP5778-i.265436651.23940679372?sp_atk=eed5c81f-1fe7-48ad-8f0b-c6de1a2fe941&xptdk=eed5c81f-1fe7-48ad-8f0b-c6de1a2fe941,adidas Running Ultrabounce Shoes Men White HP5778,5,04-08-2023
https://shopee.sg/adidas-Tennis-Grand-Court-Cloudfoam-Comfort-Shoes-Men-White-ID4467-i.265436651.14097439474?sp_atk=e4b9028e-a121-4058-a965-47367adae7cd&xptdk=e4b9028e-a121-4058-a965-47367adae7cd,adidas Tennis Grand Court Cloudfoam Comfort Shoes Men White ID4467,5,04-08-2023
https://shopee.sg/PUMA-PROADAPT-Δ-Men's-Golf-Shoes-(White)-i.341363989.23066347303?sp_atk=3e0463fd-8dbd-4a40-8f00-7c29e14446ca&xptdk=3e0463fd-8dbd-4a40-8f00-7c29e14446ca,PUMA PROADAPT Δ Men's Golf Shoes (White),5,04-08-2023
https://shopee.sg/adidas-Running-Pureboost-22-Shoes-Men-White-GY4705-i.265436651.22022232911?sp_atk=96bff461-c91a-4063-8c3d-a05ab037c237&xptdk=96bff461-c91a-4063-8c3d-a05ab037c237,adidas Running Pureboost 22 Shoes Men White GY4705,5,04-08-2023
https://shopee.sg/adidas-Running-Ultrabounce-Shoes-Men-White-HP5772-i.265436651.22966850579?sp_atk=6422bd3a-da10-4b3e-8120-3256c042f58b&xptdk=6422bd3a-da10-4b3e-8120-3256c042f58b,adidas Running Ultrabounce Shoes Men White HP5772,5,04-08-2023
https://shopee.sg/ASICS-Women-GEL-NIMBUS-24-Running-Shoes-in-White-Velvet-Pine-i.455553838.19757031690?sp_atk=a3bf4360-87a7-42f8-9570-e31d4cbc8969&xptdk=a3bf4360-87a7-42f8-9570-e31d4cbc8969,ASICS Women GEL-NIMBUS 24 Running Shoes in White/Velvet Pine,5,04-08-2023
https://shopee.sg/adidas-Running-Pureboost-22-HEAT.RDY-Shoes-Men-White-GY4706-i.265436651.15997382341?sp_atk=a958b75b-5f4c-4ac4-9c44-42dc8c1c3ac6&xptdk=a958b75b-5f4c-4ac4-9c44-42dc8c1c3ac6,adidas Running Pureboost 22 HEAT.RDY Shoes Men White GY4706,5,04-08-2023
https://shopee.sg/adidas-Running-adidas-by-Stella-McCartney-Ultraboost-Light-Shoes-Women-White-HQ8664-i.265436651.22441861722?sp_atk=e6de7520-f523-4247-924f-a6317f444aca&xptdk=e6de7520-f523-4247-924f-a6317f444aca,adidas Running adidas by Stella McCartney Ultraboost Light Shoes Women White HQ8664,5,04-08-2023
https://shopee.sg/adidas-Lifestyle-Stan-Smith-Shoes-Kids-White-FX7521-i.265436651.9384097458?sp_atk=4cf0508b-7d5e-4e4a-a262-6a231e7ce5c5&xptdk=4cf0508b-7d5e-4e4a-a262-6a231e7ce5c5,adidas Lifestyle Stan Smith Shoes Kids White FX7521,5,04-08-2023
https://shopee.sg/adidas-Running-Pureboost-22-HEAT.RDY-Shoes-Men-White-HQ3981-i.265436651.22841216172?sp_atk=527550f4-ad23-4a7f-8506-c5ffcdb70f19&xptdk=527550f4-ad23-4a7f-8506-c5ffcdb70f19,adidas Running Pureboost 22 HEAT.RDY Shoes Men White HQ3981,5,04-08-2023
https://shopee.sg/adidas-Running-Supernova-2.0-x-Parley-Shoes-Women-White-HP2240-i.265436651.19679270221?sp_atk=7d09f69e-e2ae-454c-bf9b-d4e14d449ade&xptdk=7d09f69e-e2ae-454c-bf9b-d4e14d449ade,adidas Running Supernova 2.0 x Parley Shoes Women White HP2240,5,04-08-2023
https://shopee.sg/adidas-Running-Supernova-2-Running-Shoes-Women-White-GZ6939-i.265436651.16472481557?sp_atk=1bbb3e0f-8890-4320-9fad-9dcdcbdf41ea&xptdk=1bbb3e0f-8890-4320-9fad-9dcdcbdf41ea,adidas Running Supernova 2 Running Shoes Women White GZ6939,5,04-08-2023
https://shopee.sg/adidas-Running-Pureboost-22-Shoes-Women-White-HQ8582-i.265436651.23922228702?sp_atk=26406644-427b-434b-b910-97611301fd3b&xptdk=26406644-427b-434b-b910-97611301fd3b,adidas Running Pureboost 22 Shoes Women White HQ8582,5,04-08-2023
https://shopee.sg/adidas-Running-Pureboost-21-Shoes-Men-White-GY5099-i.265436651.3793358512?sp_atk=8351eb15-6428-4874-aae2-685a492c0235&xptdk=8351eb15-6428-4874-aae2-685a492c0235,adidas Running Pureboost 21 Shoes Men White GY5099,5,04-08-2023
https://shopee.sg/PUMA-Unisex-x-AMI-TRC-Blaze-Mid-Sneakers-(White)-i.341363989.23567013377?sp_atk=72f80b67-ae8f-4d4f-8d85-bc768fea990a&xptdk=72f80b67-ae8f-4d4f-8d85-bc768fea990a,PUMA Unisex x AMI TRC Blaze Mid Sneakers (White),5,04-08-2023
https://shopee.sg/Saucony-Women-Guide-15-Wide-Running-Shoes-Black-White-i.972850661.21677367815?sp_atk=1569e25e-fe37-4130-aa5d-b619b9cb9eec&xptdk=1569e25e-fe37-4130-aa5d-b619b9cb9eec,Saucony Women Guide 15 Wide Running Shoes - Black / White,5,04-08-2023
https://shopee.sg/adidas-Running-Racer-TR21-Shoes-Men-White-GZ8182-i.265436651.15100043729?sp_atk=dc784316-6992-40af-9e47-228b672126da&xptdk=dc784316-6992-40af-9e47-228b672126da,adidas Running Racer TR21 Shoes Men White GZ8182,5,04-08-2023
https://shopee.sg/adidas-Running-Pureboost-22-HEAT.RDY-Shoes-Women-White-HQ1419-i.265436651.22941214614?sp_atk=5bcf6013-c08a-4d76-8fed-e53c64c196ab&xptdk=5bcf6013-c08a-4d76-8fed-e53c64c196ab,adidas Running Pureboost 22 HEAT.RDY Shoes Women White HQ1419,5,04-08-2023
https://shopee.sg/-NEW-PUMA-Suede-Classic-XXI-Men's-Sneakers-(Green)-i.341363989.18781738191?sp_atk=ab72a52b-ac7e-4917-9ab5-5ca9fb0b7cf9&xptdk=ab72a52b-ac7e-4917-9ab5-5ca9fb0b7cf9,[NEW] PUMA Suede Classic XXI Men's Sneakers (Green),5,04-08-2023
https://shopee.sg/adidas-Running-Supernova-3-Running-Shoes-Women-White-HQ1805-i.265436651.17095438189?sp_atk=270d8d84-697b-4882-8fe8-8bf7386a885c&xptdk=270d8d84-697b-4882-8fe8-8bf7386a885c,adidas Running Supernova 3 Running Shoes Women White HQ1805,5,04-08-2023
https://shopee.sg/PUMA-Unisex-Slipstream-Leather-Sneakers-i.341363989.20168758926?sp_atk=c36a291f-a5ed-4280-a030-2740a83a305d&xptdk=c36a291f-a5ed-4280-a030-2740a83a305d,PUMA Unisex Slipstream Leather Sneakers,5,04-08-2023
https://shopee.sg/PUMA-Unisex-Aviator-Pro-Foam-Sky-Running-Shoes-i.341363989.21252457694?sp_atk=95dbdc7f-3ef4-4f65-b4ea-5424add3c262&xptdk=95dbdc7f-3ef4-4f65-b4ea-5424add3c262,PUMA Unisex Aviator Pro Foam Sky Running Shoes,5,04-08-2023
https://shopee.sg/adidas-Lifestyle-Adifom-SLTN-Shoes-Men-White-HP6481-i.265436651.14297386030?sp_atk=df493db8-80e9-4b99-8ab3-0803feba02db&xptdk=df493db8-80e9-4b99-8ab3-0803feba02db,adidas Lifestyle Adifom SLTN Shoes Men White HP6481,5,04-08-2023
https://shopee.sg/adidas-Running-Pureboost-22-Shoes-Men-White-HQ8589-i.265436651.21172578133?sp_atk=5e7769ca-e083-4b43-b70b-3a06ad56266d&xptdk=5e7769ca-e083-4b43-b70b-3a06ad56266d,adidas Running Pureboost 22 Shoes Men White HQ8589,5,04-08-2023
https://shopee.sg/adidas-Running-EQ21-Run-Shoes-Men-White-H00511-i.265436651.11640431710?sp_atk=37485fa0-2126-4dca-a4aa-ebe6e3a8910c&xptdk=37485fa0-2126-4dca-a4aa-ebe6e3a8910c,adidas Running EQ21 Run Shoes Men White H00511,5,04-08-2023
https://shopee.sg/adidas-Running-Supernova-2-Running-Shoes-Men-White-GW9089-i.265436651.20008042747?sp_atk=80b4e83d-e018-4fc0-8c9f-e48745ec9ccd&xptdk=80b4e83d-e018-4fc0-8c9f-e48745ec9ccd,adidas Running Supernova 2 Running Shoes Men White GW9089,5,04-08-2023
https://shopee.sg/PUMA-Unisex-Extent-Nitro-Europa-Sneaker-i.341363989.20066408645?sp_atk=7bfcdacc-bb09-4364-a0be-6aabfcf909c7&xptdk=7bfcdacc-bb09-4364-a0be-6aabfcf909c7,PUMA Unisex Extent Nitro Europa Sneaker,5,04-08-2023
https://shopee.sg/ASICS-Unisex-CLASSIC-CT-SLIP-ON-Sportstyle-Shoes-in-White-White-i.455553838.17093948862?sp_atk=10beeafc-177d-4cdb-896a-c4bce0b34fb3&xptdk=10beeafc-177d-4cdb-896a-c4bce0b34fb3,ASICS Unisex CLASSIC CT SLIP-ON Sportstyle Shoes in White/White,5,04-08-2023
https://shopee.sg/Moda-Paolo-Unisex-School-Shoes-in-White-(1455T)-i.82022023.12854283779?sp_atk=90f8b70e-5fad-47cd-920c-1c7821d88f21&xptdk=90f8b70e-5fad-47cd-920c-1c7821d88f21,Moda Paolo Unisex School Shoes in White (1455T),6,04-08-2023
https://shopee.sg/adidas-Running-EQ19-Run-Shoes-Men-White-H68091-i.265436651.20548032289?sp_atk=e67e2304-80e4-43fd-9a33-6ee07039472f&xptdk=e67e2304-80e4-43fd-9a33-6ee07039472f,adidas Running EQ19 Run Shoes Men White H68091,6,04-08-2023
https://shopee.sg/prettyFIT-DAVIKAH-Women's-Leather-Lightweight-Platform-Sneakers-Ladies-Classic-Low-top-Casual-Elastic-Shoelace-Shoes-i.243520792.6785146593?sp_atk=b83e3f82-f456-4d72-9f63-310e29f3377f&xptdk=b83e3f82-f456-4d72-9f63-310e29f3377f,prettyFIT DAVIKAH Women's Leather Lightweight Platform Sneakers Ladies Classic Low-top Casual Elastic Shoelace Shoes,6,04-08-2023
https://shopee.sg/Walking-Tall-Premium-Casual-Shoes-Height-Increase-Shoes-(7-cm)-with-Rubber-OutSole-Mens-White-Shoes-C131A121D-i.228978173.10114595870?sp_atk=4c03ebce-7294-4db1-84f4-f198647e098b&xptdk=4c03ebce-7294-4db1-84f4-f198647e098b,Walking Tall Premium Casual Shoes  Height Increase Shoes (7 cm) with Rubber OutSole - Mens White Shoes C131A121D,6,04-08-2023
https://shopee.sg/adidas-Running-Runfalcon-3.0-Shoes-Women-White-HP7557-i.265436651.22341355644?sp_atk=f6f582f3-3a20-4274-b56a-a840bdc657e8&xptdk=f6f582f3-3a20-4274-b56a-a840bdc657e8,adidas Running Runfalcon 3.0 Shoes Women White HP7557,6,04-08-2023
https://shopee.sg/adidas-DIMENSION-LOW-BD7648-Black-White-Blue-i.280432311.16613157261?sp_atk=4a2be3f3-43e0-4f08-ac91-a618a9471ecc&xptdk=4a2be3f3-43e0-4f08-ac91-a618a9471ecc,adidas DIMENSION LOW BD7648 Black White Blue,6,04-08-2023
https://shopee.sg/adidas-Lifestyle-Stan-Smith-Shoes-Men-White-FX5509-i.265436651.5496002677?sp_atk=430567b5-bde2-49b6-9c9f-5dbe66e0badb&xptdk=430567b5-bde2-49b6-9c9f-5dbe66e0badb,adidas Lifestyle Stan Smith Shoes Men White FX5509,6,04-08-2023
https://shopee.sg/-COCORO-Japanese-Shoes-Store-COCORO-3102-Lace-up-Sneakers-i.690571420.20238736584?sp_atk=5d7dcd47-4d8a-4143-8bd6-4ac7161c5b56&xptdk=5d7dcd47-4d8a-4143-8bd6-4ac7161c5b56,[COCORO Japanese Shoes Store] COCORO 3102 Lace-up Sneakers,6,04-08-2023
https://shopee.sg/Geox-Women-Shoes-Sneaker-D-Rubidia-White-i.267920682.7041480217?sp_atk=3e6f9de4-6594-4bce-9d08-2446e88b324b&xptdk=3e6f9de4-6594-4bce-9d08-2446e88b324b,Geox Women Shoes Sneaker D Rubidia White,6,04-08-2023
https://shopee.sg/Geox-Women-Shoes-Pump-D-Annytah-White-i.267920682.6045457085?sp_atk=1fad7caa-c9f2-4e0b-a907-d9ab552973da&xptdk=1fad7caa-c9f2-4e0b-a907-d9ab552973da,Geox Women Shoes Pump D Annytah White,6,04-08-2023
https://shopee.sg/Brooks-Ghost-14-GTX-Men's-Running-Shoes-(Black-Blackened-Pearl-High-Risk)-i.54763243.13375825544?sp_atk=7b866b57-dd1f-425c-984f-f878cff100be&xptdk=7b866b57-dd1f-425c-984f-f878cff100be,Brooks Ghost 14 GTX Men's Running Shoes (Black/Blackened Pearl/High Risk),6,04-08-2023
https://shopee.sg/Geox-Women-Shoes-Sneaker-D-Spherica-White-i.267920682.20127144879?sp_atk=970e5f34-7c0a-4831-96d6-bba1972ae29a&xptdk=970e5f34-7c0a-4831-96d6-bba1972ae29a,Geox Women Shoes Sneaker D Spherica White,6,04-08-2023
https://shopee.sg/Geox-Women-Shoes-Sneaker-D-Noovae-A-White-i.267920682.6453069375?sp_atk=ec342771-15d9-4533-9696-4dc651b4c893&xptdk=ec342771-15d9-4533-9696-4dc651b4c893,Geox Women Shoes Sneaker D Noovae A White,6,04-08-2023
https://shopee.sg/MBT-1997-Classic-Men's-Active-Shoes-in-Black-White-i.114877948.16545269265?sp_atk=a4658839-abff-4fb4-b8c0-ebcaa81ef8c5&xptdk=a4658839-abff-4fb4-b8c0-ebcaa81ef8c5,MBT 1997 Classic Men's Active Shoes in Black/White,6,04-08-2023
https://shopee.sg/Everbest-Men's-Shoes-SD7005-White-Sneaker-for-Men-i.273529824.20343670870?sp_atk=f3a8019e-3b10-42a3-81d5-b12912d66c06&xptdk=f3a8019e-3b10-42a3-81d5-b12912d66c06,Everbest Men's Shoes - SD7005  White Sneaker for Men,6,04-08-2023
https://shopee.sg/Geox-Men-Shoes-Sneaker-U-Smoother-A-White-Lt-Grey-i.267920682.9676852224?sp_atk=f2a37a87-17b2-49d4-bec3-f876e6c969ad&xptdk=f2a37a87-17b2-49d4-bec3-f876e6c969ad,Geox Men Shoes Sneaker U Smoother A White/Lt Grey,6,04-08-2023
https://shopee.sg/Walking-Tall-Premium-Casual-Shoes-Height-Increase-Shoes-(7-cm)-with-Rubber-OutSole-Mens-White-Elevator-Shoes-C102D091D-i.228978173.9306074361?sp_atk=6540c128-ad0b-44f8-8d84-e4b9dfeafc83&xptdk=6540c128-ad0b-44f8-8d84-e4b9dfeafc83,Walking Tall Premium Casual Shoes Height Increase Shoes (7 cm) with Rubber OutSole - Mens White Elevator Shoes C102D091D,6,04-08-2023
https://shopee.sg/Walking-Tall-Premium-Casual-Shoes-Height-Increase-Shoes-(7-cm)-with-Rubber-OutSole-Mens-White-Shoes-B127B011D-i.228978173.2972958358?sp_atk=77ec1438-6a22-42b7-897c-4643442358ee&xptdk=77ec1438-6a22-42b7-897c-4643442358ee,Walking Tall Premium Casual Shoes  Height Increase Shoes (7 cm) with Rubber OutSole - Mens White Shoes B127B011D,6,04-08-2023
https://shopee.sg/Geox-Women-Shoes-Sneaker-D-Suzzie-B-Black-Off-White-i.267920682.3780239220?sp_atk=c110b571-bdda-4052-a618-5021d8ccc8bc&xptdk=c110b571-bdda-4052-a618-5021d8ccc8bc,Geox Women Shoes Sneaker D Suzzie B Black/Off White,6,04-08-2023
https://shopee.sg/Geox-Men-Shoes-Sneaker-U-Colbyn-Black-White-i.267920682.3341599833?sp_atk=d28620cc-b4c4-4a67-a3a4-48392be24347&xptdk=d28620cc-b4c4-4a67-a3a4-48392be24347,Geox Men Shoes Sneaker U Colbyn Black/White,6,04-08-2023
https://shopee.sg/Everbest-Men's-Shoes-SD7006-Men's-Lace-up-Sneaker-i.273529824.15892467208?sp_atk=535e51c7-eba0-4c9b-897f-e2cfd9805477&xptdk=535e51c7-eba0-4c9b-897f-e2cfd9805477,Everbest Men's Shoes - SD7006  Men's Lace up Sneaker,6,04-08-2023
https://shopee.sg/DR.KONG-MEN'S-EZWALK-SNEAKERS-DK-CE000940-WHT-i.276299695.6340039293?sp_atk=e49b44ba-cf16-4915-b63c-ecac1724d438&xptdk=e49b44ba-cf16-4915-b63c-ecac1724d438,DR.KONG MEN'S EZWALK SNEAKERS DK-CE000940-WHT,6,04-08-2023
https://shopee.sg/Walking-Tall-Height-increase-shoes-(6-cm)-with-Rubber-OutSole-White-Men-Casual-Shoes-Quality-Elevator-Shoes-C89K012D-i.228978173.7074280425?sp_atk=8e01e716-92db-4792-9013-bd143f749545&xptdk=8e01e716-92db-4792-9013-bd143f749545,Walking Tall Height increase shoes (6 cm) with Rubber OutSole - White Men Casual Shoes Quality | Elevator Shoes C89K012D,6,04-08-2023
https://shopee.sg/Geox-Women-Shoes-Sneaker-D-Jaysen-White-i.267920682.20327139734?sp_atk=e9ea4083-10b0-4cb5-a088-8ee7d779f495&xptdk=e9ea4083-10b0-4cb5-a088-8ee7d779f495,Geox Women Shoes Sneaker D Jaysen White,6,04-08-2023
https://shopee.sg/MBT-1997-Classic-Women's-Active-Shoes-in-Black-White-i.114877948.11192606536?sp_atk=e075ef24-b7eb-4913-b1ce-0e00aa5ed579&xptdk=e075ef24-b7eb-4913-b1ce-0e00aa5ed579,MBT 1997 Classic Women's Active Shoes in Black/White,6,04-08-2023
https://shopee.sg/ALDO-Theta-Men's-Sneakers-White-i.959254401.21588726462?sp_atk=548ab972-aa75-4c1c-997f-007502cd776e&xptdk=548ab972-aa75-4c1c-997f-007502cd776e,ALDO Theta Men's Sneakers- White,6,04-08-2023
https://shopee.sg/Geox-Men-Shoes-Sneaker-U-Spherica-EC4-B-White-i.267920682.23625736473?sp_atk=c0e12e69-d6e6-4709-b8ae-fd127586a24e&xptdk=c0e12e69-d6e6-4709-b8ae-fd127586a24e,Geox Men Shoes Sneaker U Spherica EC4 B White,6,04-08-2023
https://shopee.sg/adidas-Tennis-Advantage-Shoes-Men-White-HR0235-i.265436651.20272579092?sp_atk=fabf82b5-720a-4725-9714-7f858be96808&xptdk=fabf82b5-720a-4725-9714-7f858be96808,adidas Tennis Advantage Shoes Men White HR0235,6,04-08-2023
https://shopee.sg/ASICS-Women-PATRIOT-13-Running-Shoes-in-Papaya-White-i.455553838.23218114655?sp_atk=3515ae4c-4134-4dee-8ee2-eca5b0062697&xptdk=3515ae4c-4134-4dee-8ee2-eca5b0062697,ASICS Women PATRIOT 13 Running Shoes in Papaya/White,6,04-08-2023
https://shopee.sg/NATIVE-Jefferson-Unisex-Shoe-Shell-White-Shell-White-i.330344897.11239394727?sp_atk=440c61c5-0ad4-4642-9792-74b1113956b7&xptdk=440c61c5-0ad4-4642-9792-74b1113956b7,NATIVE Jefferson Unisex Shoe - Shell White / Shell White,6,04-08-2023
https://shopee.sg/ASICS-Men-PATRIOT-13-Running-Shoes-in-Island-Blue-White-i.455553838.23718109065?sp_atk=6ea8b143-6136-452f-b4ce-91837091ff84&xptdk=6ea8b143-6136-452f-b4ce-91837091ff84,ASICS Men PATRIOT 13 Running Shoes in Island Blue/White,6,04-08-2023
https://shopee.sg/adidas-Lifestyle-Retropy-F2-Shoes-Men-White-GW5473-i.265436651.20079260261?sp_atk=29cfe133-f89b-43fe-89ce-8ee278d63e70&xptdk=29cfe133-f89b-43fe-89ce-8ee278d63e70,adidas Lifestyle Retropy F2 Shoes Men White GW5473,6,04-08-2023
https://shopee.sg/Vans-x-Michael-February-UltraRange-Neo-VR3-Sneakers-Women-(Unisex-US-Size)-WHITE-VN000BCEWTM1-i.884975004.22670390559?sp_atk=ee6b71df-83c4-439a-b592-98b23deb79a9&xptdk=ee6b71df-83c4-439a-b592-98b23deb79a9,Vans x Michael February UltraRange Neo VR3 Sneakers Women (Unisex US Size) WHITE VN000BCEWTM1,6,04-08-2023
https://shopee.sg/ON-Women-Cloudflow-Training-Shoes-Meadow-White-i.258374675.20780444048?sp_atk=eaa34c35-d8c2-4b82-93c2-9ed76d7b3a17&xptdk=eaa34c35-d8c2-4b82-93c2-9ed76d7b3a17,ON Women Cloudflow Training Shoes - Meadow / White,6,04-08-2023
https://shopee.sg/prettyFIT-DENISE-Women's-Leather-Sneakers-Ladies-Basic-Casual-Elastic-Shoelace-Shoes-i.243520792.8339390080?sp_atk=e45da8c6-59c5-49dc-a1e7-a27a8d7a60d9&xptdk=e45da8c6-59c5-49dc-a1e7-a27a8d7a60d9,prettyFIT DENISE Women's Leather Sneakers Ladies Basic Casual Elastic Shoelace Shoes,6,04-08-2023
https://shopee.sg/adidas-Running-Pureboost-22-Shoes-Men-White-GZ5175-i.265436651.22122234406?sp_atk=78fcce27-1305-46ea-9632-df230bda40bb&xptdk=78fcce27-1305-46ea-9632-df230bda40bb,adidas Running Pureboost 22 Shoes Men White GZ5175,6,04-08-2023
https://shopee.sg/NATIVE-Jefferson-Unisex-Shoe-Shell-White-Shell-White-i.48785701.18970029123?sp_atk=0d2d6e8a-31c7-4c3a-bd2c-9b5230d67b03&xptdk=0d2d6e8a-31c7-4c3a-bd2c-9b5230d67b03,NATIVE Jefferson Unisex Shoe - Shell White / Shell White,6,04-08-2023
https://shopee.sg/Walking-Tall-Premium-Casual-Shoes-Height-Increase-Shoes-(8-cm)-with-Rubber-OutSole-Mens-White-Shoes-C127B0091D-X-i.228978173.19470256476?sp_atk=041c5037-f6ef-4363-8394-30d5e60bab85&xptdk=041c5037-f6ef-4363-8394-30d5e60bab85,Walking Tall Premium Casual Shoes | Height Increase Shoes (8 cm) with Rubber OutSole - Mens White Shoes | C127B0091D-X,6,04-08-2023
https://shopee.sg/adidas-Running-Duramo-SL-2.0-Shoes-Women-White-HP2388-i.265436651.22366574045?sp_atk=3772101b-247b-4718-b949-3ea8fa66e72f&xptdk=3772101b-247b-4718-b949-3ea8fa66e72f,adidas Running Duramo SL 2.0 Shoes Women White HP2388,6,04-08-2023
https://shopee.sg/NATIVE-Jefferson-Unisex-Shoe-Regatte-Blue-Shell-White-i.48785701.22114981751?sp_atk=277b99ee-028f-4aed-8e54-9d8eb6973466&xptdk=277b99ee-028f-4aed-8e54-9d8eb6973466,NATIVE Jefferson Unisex Shoe - Regatte Blue / Shell White,6,04-08-2023
https://shopee.sg/Geox-Women-Shoes-Sneaker-D-Giyo-White-i.267920682.6245495497?sp_atk=e47477a5-ca89-4e34-b0b9-92479ae26d19&xptdk=e47477a5-ca89-4e34-b0b9-92479ae26d19,Geox Women Shoes Sneaker D Giyo White,6,04-08-2023
https://shopee.sg/adidas-Running-Ultrabounce-Shoes-Men-White-HP5771-i.265436651.23740679313?sp_atk=9b592d22-d209-4fd8-8622-7bfd5ecc68c7&xptdk=9b592d22-d209-4fd8-8622-7bfd5ecc68c7,adidas Running Ultrabounce Shoes Men White HP5771,6,04-08-2023
https://shopee.sg/Geox-Women-Shoes-Sneaker-D-Nydame-White-i.267920682.4045492030?sp_atk=48d740fe-7c84-4e62-9990-01784ebaaee7&xptdk=48d740fe-7c84-4e62-9990-01784ebaaee7,Geox Women Shoes Sneaker D Nydame White,6,04-08-2023
https://shopee.sg/NATIVE-Jefferson-Unisex-Shoe-Victoria-Blue-Shell-White-i.48785701.19170029190?sp_atk=4dd1a680-a360-4dbb-b891-34dcb88e0934&xptdk=4dd1a680-a360-4dbb-b891-34dcb88e0934,NATIVE Jefferson Unisex Shoe - Victoria Blue / Shell White,6,04-08-2023
https://shopee.sg/adidas-Lifestyle-Advantage-Shoes-Men-White-GZ5300-i.265436651.7596047903?sp_atk=339f7a60-331e-48ec-88af-e710281601d1&xptdk=339f7a60-331e-48ec-88af-e710281601d1,adidas Lifestyle Advantage Shoes Men White GZ5300,6,04-08-2023
https://shopee.sg/PUMA-BETTER-FOAM-Adore-Women's-Running-Shoes-(White)-i.341363989.13098841657?sp_atk=43d37f9a-76ef-4000-b81f-bcc39fab4ef2&xptdk=43d37f9a-76ef-4000-b81f-bcc39fab4ef2,PUMA BETTER FOAM Adore Women's Running Shoes (White),6,04-08-2023
https://shopee.sg/prettyFIT-CYRA-Lightweight-Leather-Sneakers-Elastic-Shoelace-Casual-Shoes-i.243520792.16793681296?sp_atk=0d99773b-2e46-4be0-9062-f0c7c01dee20&xptdk=0d99773b-2e46-4be0-9062-f0c7c01dee20,prettyFIT CYRA Lightweight Leather Sneakers Elastic Shoelace Casual Shoes,6,04-08-2023
https://shopee.sg/Tretorn-Men-Campos-Sneaker-White-Stone-i.298151663.9126869316?sp_atk=20030ff6-84a8-466c-a8a4-9810b69c1baa&xptdk=20030ff6-84a8-466c-a8a4-9810b69c1baa,Tretorn Men Campos Sneaker - White Stone,6,04-08-2023
https://shopee.sg/prettyFIT-COLIN-Women's-Leather-Sneakers-Elastic-Shoelace-Lightweight-Ladies-Casual-Shoes-i.243520792.23726679525?sp_atk=d3471f1b-1694-40fc-9109-345259e5eeb8&xptdk=d3471f1b-1694-40fc-9109-345259e5eeb8,prettyFIT COLIN Women's Leather Sneakers Elastic Shoelace Lightweight Ladies Casual Shoes,6,04-08-2023
https://shopee.sg/Tretorn-Womens-Nylite-38-Plus-Night-White-Vintage-White-i.298151663.4050916986?sp_atk=52e4e155-d81f-4732-9a47-76537dcc1740&xptdk=52e4e155-d81f-4732-9a47-76537dcc1740,Tretorn Womens Nylite 38 Plus - Night-White/Vintage White,6,04-08-2023
https://shopee.sg/PUMA-Slipstream-UT-Soft-Sneakers-Women-(White)-i.341363989.20777039424?sp_atk=cc1eb15e-cdf0-4605-a6f1-a04e30b0d821&xptdk=cc1eb15e-cdf0-4605-a6f1-a04e30b0d821,PUMA Slipstream UT Soft Sneakers Women (White),6,04-08-2023
https://shopee.sg/Converse-CTAS-Floral-Embroidery-Unisex-Sneakers-Black-Cheeky-Coral-White-i.252818873.22367366072?sp_atk=b432b099-ac24-4bd0-bcea-76230be00d96&xptdk=b432b099-ac24-4bd0-bcea-76230be00d96,Converse CTAS Floral Embroidery Unisex Sneakers - Black/Cheeky Coral/White,6,04-08-2023
https://shopee.sg/Converse-All-Star-BB-Prototype-CX-White-Out-Men's-Sneakers-White-Aqua-Mist-White-i.252818873.20589980217?sp_atk=4cbb019b-454e-4bd3-8600-afba7b7687c8&xptdk=4cbb019b-454e-4bd3-8600-afba7b7687c8,Converse All Star BB Prototype CX White Out Men's Sneakers - White/Aqua Mist/White,6,04-08-2023
https://shopee.sg/Converse-CTAS-Construct-Colorblock-Men's-Sneakers-White-Ghosted-Black-i.252818873.17997400711?sp_atk=5acced45-92cf-47b5-a9ea-942452c4450f&xptdk=5acced45-92cf-47b5-a9ea-942452c4450f,Converse CTAS Construct Colorblock Men's Sneakers - White/Ghosted/Black,6,04-08-2023
https://shopee.sg/Geox-Woman-Shoe-Sneakers-D-Kency-Off-White-Lt-Gold-i.267920682.23442369553?sp_atk=f2d53337-fd16-4597-9e74-055fe84c1b9c&xptdk=f2d53337-fd16-4597-9e74-055fe84c1b9c,Geox Woman Shoe Sneakers D Kency Off White/Lt Gold,6,04-08-2023
https://shopee.sg/adidas-Lifestyle-Advantage-Shoes-Men-White-ID9644-i.265436651.23545588483?sp_atk=c11efbf0-b75a-4368-8571-4e0ae3d22aeb&xptdk=c11efbf0-b75a-4368-8571-4e0ae3d22aeb,adidas Lifestyle Advantage Shoes Men White ID9644,6,04-08-2023
https://shopee.sg/-NEW-PUMA-Caracal-Men's-Shoes-(White)-i.341363989.23447455717?sp_atk=89154e68-c400-4c96-92f0-3bb737a8d26e&xptdk=89154e68-c400-4c96-92f0-3bb737a8d26e,[NEW] PUMA Caracal Men's Shoes (White),6,04-08-2023
https://shopee.sg/adidas-Tennis-Grand-Court-Cloudfoam-Comfort-Shoes-Men-White-ID4465-i.265436651.23241980336?sp_atk=5f68c6c9-14d7-4773-8cc1-e2c4d0a263cb&xptdk=5f68c6c9-14d7-4773-8cc1-e2c4d0a263cb,adidas Tennis Grand Court Cloudfoam Comfort Shoes Men White ID4465,6,04-08-2023
https://shopee.sg/adidas-Running-Supernova-2.0-Shoes-Men-White-HQ9939-i.265436651.23122229422?sp_atk=7d63efa6-dd45-44d5-9b83-8164c95b42bf&xptdk=7d63efa6-dd45-44d5-9b83-8164c95b42bf,adidas Running Supernova 2.0 Shoes Men White HQ9939,6,04-08-2023
https://shopee.sg/adidas-Running-Ultrabounce-Shoes-Women-White-HP5790-i.265436651.22766851747?sp_atk=cb2eb863-b53b-407c-9392-756ed643470b&xptdk=cb2eb863-b53b-407c-9392-756ed643470b,adidas Running Ultrabounce Shoes Women White HP5790,6,04-08-2023
