shopee,casual shoes for men,https://shopee.sg/Everlast-Unisex-Canvas-Lace-Up-Sneakers-Black-Clay-Brown-Gum-Colorway-(1EG0305-BLK)-Casual-Streetwear-Athleisure-i.75762037.18848370634?sp_atk=db4efefc-7357-4e7a-850b-ca4b5a900ae7&xptdk=db4efefc-7357-4e7a-850b-ca4b5a900ae7,Everlast Unisex Canvas Lace Up Sneakers - Black/Clay Brown Gum Colorway (1EG0305 BLK) Casual Streetwear | Athleisure,1,04-08-2023
shopee,casual shoes for men,https://shopee.sg/BATA-Men-Red-Label-Casual-Lace-Up-Shoes-851X522-i.324728427.21530617641?sp_atk=113e02b4-8695-49c9-bc74-c21957357ee1&xptdk=113e02b4-8695-49c9-bc74-c21957357ee1,BATA Men Red Label Casual Lace Up Shoes 851X522,1,04-08-2023
shopee,casual shoes for men,https://shopee.sg/Moda-Paolo-Men-Casual-Shoes-in-2-Colours-(34459T)-i.82022023.18423920665?sp_atk=d3c7da30-5d1e-4d43-9d4e-107aee11b4db&xptdk=d3c7da30-5d1e-4d43-9d4e-107aee11b4db,Moda Paolo Men Casual Shoes in 2 Colours (34459T),1,04-08-2023
shopee,casual shoes for men,https://shopee.sg/Everlast-Unisex-Canvas-Slip-On-Sneakers-Black-Clay-Gum-Colorway-(1EG0303-BLK)-Casual-Streetwear-Athleisure-i.75762037.21148369590?sp_atk=1afc9b78-2e50-4437-9783-9da21b7f9e3b&xptdk=1afc9b78-2e50-4437-9783-9da21b7f9e3b,Everlast Unisex Canvas Slip On Sneakers - Black/Clay Gum Colorway (1EG0303 BLK) Casual Streetwear | Athleisure,1,04-08-2023
shopee,casual shoes for men,https://shopee.sg/Skechers-Men-GOrun-Pulse-Haptic-Motion-Running-Shoes-220536-BLOR-Air-Cooled-Goga-Mat-Sneakers-Casual-i.84710867.14493036944?sp_atk=e19bcc02-e951-4f69-b702-a534a6bd3629&xptdk=e19bcc02-e951-4f69-b702-a534a6bd3629,"Skechers Men GOrun Pulse Haptic Motion Running Shoes - 220536-BLOR - Air-Cooled Goga Mat, Sneakers, Casual",1,04-08-2023
shopee,casual shoes for men,https://shopee.sg/Everlast-Unisex-Canvas-Lace-Up-Sneakers-Clay-Brown-Black-White-Gum-Colorway-(EL19-M635)-Casual-Streetwear-Athleisure-i.75762037.20048366604?sp_atk=b5346e2e-377c-410c-bcf8-41364df16a79&xptdk=b5346e2e-377c-410c-bcf8-41364df16a79,Everlast Unisex Canvas Lace Up Sneakers - Clay Brown/Black/White Gum Colorway (EL19-M635) Casual Streetwear | Athleisure,1,04-08-2023
shopee,casual shoes for men,https://shopee.sg/BATA-Men-Red-Label-Casual-Lace-Up-Shoes-851X522-i.324728427.21330619341?sp_atk=9d2f0253-4cc9-4ceb-8213-4968aa610ee7&xptdk=9d2f0253-4cc9-4ceb-8213-4968aa610ee7,BATA Men Red Label Casual Lace Up Shoes 851X522,1,04-08-2023
shopee,casual shoes for men,https://shopee.sg/CLARKS-TriStellarFree-Black-Nubuck-Mens-Casual-i.119320434.16087806897?sp_atk=1696a4fd-2963-428a-a657-19fcce2667a5&xptdk=1696a4fd-2963-428a-a657-19fcce2667a5,CLARKS TriStellarFree Black Nubuck Mens Casual,1,04-08-2023
shopee,casual shoes for men,https://shopee.sg/Everlast-Unisex-Single-Stripe-Canvas-Sneakers-Black-White-Colorway-(EL19-M634)-Casual-Streetwear-Athleisure-Sports-i.75762037.20748368115?sp_atk=d93d97f9-aa35-4fdc-988f-17f2d1e684be&xptdk=d93d97f9-aa35-4fdc-988f-17f2d1e684be,Everlast Unisex Single Stripe Canvas Sneakers - Black/White Colorway (EL19-M634) Casual Streetwear | Athleisure Sports,1,04-08-2023
shopee,casual shoes for men,https://shopee.sg/Moda-Paolo-Men-Casual-Shoes-in-2-Colours-(34423T)-i.82022023.20809532794?sp_atk=a36302c5-9278-4614-91c1-b39f11704b4c&xptdk=a36302c5-9278-4614-91c1-b39f11704b4c,Moda Paolo Men Casual Shoes in 2 Colours (34423T),1,04-08-2023
shopee,casual shoes for men,https://shopee.sg/Everlast-Unisex-Canvas-Slip-On-Sneakers-Dark-Maroon-Red-White-(EL20-M646)-Casual-Streetwear-Mid-Top-Athleisure-Sport-i.75762037.20548334644?sp_atk=3c3d6738-edef-40d2-bafb-4ee7b70dda97&xptdk=3c3d6738-edef-40d2-bafb-4ee7b70dda97,Everlast Unisex Canvas Slip On Sneakers - Dark Maroon Red/White (EL20-M646) Casual Streetwear | Mid Top Athleisure Sport,1,04-08-2023
shopee,casual shoes for men,https://shopee.sg/Everlast-Unisex-Canvas-Lace-Up-Sneakers-Leather-Brown-Grey-White-Gum-Colorway-(EL20-M645)-Casual-Streetwear-Mid-Top-i.75762037.17285941279?sp_atk=e085026d-deae-4543-9540-89ef4a956152&xptdk=e085026d-deae-4543-9540-89ef4a956152,Everlast Unisex Canvas Lace Up Sneakers - Leather Brown/Grey/White Gum Colorway (EL20-M645) Casual Streetwear | Mid Top,1,04-08-2023
shopee,casual shoes for men,https://shopee.sg/Everbest-Men's-Shoes-BS1063-Casual-Men's-Lace-Up-Loafer-i.273529824.8313736527?sp_atk=527f0f44-0b3b-4960-ab1d-8d4fc972562b&xptdk=527f0f44-0b3b-4960-ab1d-8d4fc972562b,Everbest Men's Shoes - BS1063 Casual Men's  Lace Up Loafer,1,04-08-2023
shopee,casual shoes for men,https://shopee.sg/Skechers-Online-Exclusive-Men-Work-Cessnock-Slip-Resistant-Lival-Work-Shoes-200063-BLK-Memory-Foam-Sneakers-Casual-i.84710867.13175793004?sp_atk=2150e940-8d53-4e3b-a1fd-6dd2d7b166b6&xptdk=2150e940-8d53-4e3b-a1fd-6dd2d7b166b6,"Skechers Online Exclusive Men Work Cessnock Slip Resistant Lival Work Shoes - 200063-BLK - Memory Foam, Sneakers, Casual",1,04-08-2023
shopee,casual shoes for men,https://shopee.sg/Rigorer-Casual-Sneakers-CA424--i.106407924.22801200477?sp_atk=01cd6551-c2a3-4b10-b01b-3d470db74e98&xptdk=01cd6551-c2a3-4b10-b01b-3d470db74e98,Rigorer Casual Sneakers [CA424],1,04-08-2023
shopee,casual shoes for men,https://shopee.sg/Skechers-Men-GOwalk-6-Modernized-Walking-Shoes-216275-GRY-Air-Cooled-Goga-Mat-Sneakers-Casual-i.84710867.20969956729?sp_atk=30f8fd6b-a35d-4f24-b5d3-1fba605f999a&xptdk=30f8fd6b-a35d-4f24-b5d3-1fba605f999a,"Skechers Men GOwalk 6 Modernized Walking Shoes - 216275-GRY - Air-Cooled Goga Mat, Sneakers, Casual",1,04-08-2023
shopee,casual shoes for men,https://shopee.sg/Moda-Paolo-Men-Casual-Shoes-in-2-Colours-(34461T)-i.82022023.20228727597?sp_atk=b1950c04-cf97-4b2d-8a2e-ff6b81f17e97&xptdk=b1950c04-cf97-4b2d-8a2e-ff6b81f17e97,Moda Paolo Men Casual Shoes in 2 Colours (34461T),1,04-08-2023
shopee,casual shoes for men,https://shopee.sg/BATA-Comfit-Men-Casual-Slip-On-Shoes-851X875-i.324728427.21790699728?sp_atk=885317a8-8e9b-42a5-b772-dd2f7a6900fe&xptdk=885317a8-8e9b-42a5-b772-dd2f7a6900fe,BATA Comfit Men Casual Slip On Shoes 851X875,1,04-08-2023
shopee,casual shoes for men,https://shopee.sg/Everbest-Men's-Shoes-BS1062-Casual-Men's-Moccasin-Slip-On-Loafer-i.273529824.7996739204?sp_atk=f0875957-00b3-4da9-a458-9c3cc71853fd&xptdk=f0875957-00b3-4da9-a458-9c3cc71853fd,Everbest Men's Shoes - BS1062 Casual Men's Moccasin Slip On Loafer,1,04-08-2023
shopee,casual shoes for men,https://shopee.sg/BATA-Men-Brown-Casual-Lace-Up-Dress-Shoes-Otto-850X001-i.324728427.13497976237?sp_atk=62e8f43e-5da9-4005-b1d1-bd29b0f9d423&xptdk=62e8f43e-5da9-4005-b1d1-bd29b0f9d423,BATA Men Brown Casual Lace Up Dress Shoes Otto 850X001,1,04-08-2023
shopee,casual shoes for men,https://shopee.sg/Moda-Paolo-Men-Casual-Shoes-in-2-Colours-(34460T)-i.82022023.18326357118?sp_atk=6bba62ed-b9d1-459e-8c51-5d48775a9c75&xptdk=6bba62ed-b9d1-459e-8c51-5d48775a9c75,Moda Paolo Men Casual Shoes in 2 Colours (34460T),1,04-08-2023
shopee,casual shoes for men,https://shopee.sg/Skechers-Men-SKECHERS-USA-Respected-Catel-Shoes-204321-BLK-Air-Cooled-Memory-Foam-Sneakers-Casual-i.84710867.17754859729?sp_atk=f0e8241e-2318-4071-bb4c-b684059c1dfc&xptdk=f0e8241e-2318-4071-bb4c-b684059c1dfc,"Skechers Men SKECHERS USA Respected Catel Shoes - 204321-BLK - Air-Cooled Memory Foam, Sneakers, Casual",1,04-08-2023
shopee,casual shoes for men,https://shopee.sg/Everlast-Unisex-Canvas-Slip-On-Sneakers-Black-White-(EL20-M646)-Casual-Streetwear-Mid-Top-Athleisure-Sports-Shoes-i.75762037.19148334065?sp_atk=7153d7d8-6704-407a-8214-0212baefd352&xptdk=7153d7d8-6704-407a-8214-0212baefd352,Everlast Unisex Canvas Slip On Sneakers - Black/White (EL20-M646) Casual Streetwear | Mid Top Athleisure Sports Shoes,1,04-08-2023
shopee,casual shoes for men,https://shopee.sg/Moda-Paolo-Men-Casual-Shoes-in-2-Colours-(34431T)-i.82022023.18907665281?sp_atk=96c4438e-8bfe-46a5-9b55-8e25cfff0c3e&xptdk=96c4438e-8bfe-46a5-9b55-8e25cfff0c3e,Moda Paolo Men Casual Shoes in 2 Colours (34431T),1,04-08-2023
shopee,casual shoes for men,https://shopee.sg/Everbest-Men's-Shoes-BS1064-Casual-Men's-Moccasin-Slip-On-Loafer-Boat-Shoe-i.273529824.8987110994?sp_atk=304b0996-f269-46a4-a5af-13ad95f16a6d&xptdk=304b0996-f269-46a4-a5af-13ad95f16a6d,Everbest Men's Shoes - BS1064 Casual Men's Moccasin Slip On Loafer Boat Shoe,1,04-08-2023
shopee,casual shoes for men,https://shopee.sg/Everlast-Unisex-EVL-LITE-Mesh-Sneakers-Monochrome-White-(1EAH0031-MWE)-Casual-Athleisure-Urban-Streetwear-Trainers-i.75762037.20459988318?sp_atk=3b18b9a8-6dcd-4354-b897-2f3d89141b78&xptdk=3b18b9a8-6dcd-4354-b897-2f3d89141b78,Everlast Unisex EVL-LITE Mesh Sneakers - Monochrome White (1EAH0031 MWE) Casual Athleisure | Urban Streetwear | Trainers,1,04-08-2023
shopee,casual shoes for men,https://shopee.sg/Skechers-Men-Slip-Ins-GOwalk-6-Easy-On-Walking-Shoes-216278-BBK-Air-Cooled-Memory-Foam-Sneakers-Casual-i.84710867.19270968312?sp_atk=77a94b2d-cd8b-49c4-b2bb-2b885c992c73&xptdk=77a94b2d-cd8b-49c4-b2bb-2b885c992c73,"Skechers Men Slip-Ins GOwalk 6 Easy On Walking Shoes - 216278-BBK - Air-Cooled Memory Foam, Sneakers, Casual",1,04-08-2023
shopee,casual shoes for men,https://shopee.sg/Skechers-Men-Slip-Ins-GOwalk-6-Easy-On-Walking-Shoes-216278-NAT-Air-Cooled-Memory-Foam-Sneakers-Casual-i.84710867.23617646256?sp_atk=49bba4dc-3ca9-470f-b9ad-d5c496f90a05&xptdk=49bba4dc-3ca9-470f-b9ad-d5c496f90a05,"Skechers Men Slip-Ins GOwalk 6 Easy On Walking Shoes - 216278-NAT - Air-Cooled Memory Foam, Sneakers, Casual",1,04-08-2023
shopee,casual shoes for men,https://shopee.sg/Skechers-Men-Sport-Casual-D'Lux-Trail-Shoes-237336-BKGY-Air-Cooled-Memory-Foam-i.84710867.22308384167?sp_atk=4f538c82-4a4b-4bea-9d4f-4aa03f8153d6&xptdk=4f538c82-4a4b-4bea-9d4f-4aa03f8153d6,Skechers Men Sport Casual D'Lux Trail Shoes - 237336-BKGY Air-Cooled Memory Foam,1,04-08-2023
shopee,casual shoes for men,https://shopee.sg/Skechers-Men-GOwalk-Arch-Fit-Robust-Comfort-Walking-Shoes-216264-NVY-Sneakers-Casual-i.84710867.21572116179?sp_atk=f5744adf-71fc-4f66-bca3-c1d4f72556ec&xptdk=f5744adf-71fc-4f66-bca3-c1d4f72556ec,"Skechers Men GOwalk Arch Fit Robust Comfort Walking Shoes - 216264-NVY - Sneakers, Casual",1,04-08-2023
shopee,casual shoes for men,https://shopee.sg/Skechers-Men-GOwalk-Flex-Quota-Walking-Shoes-216481-BKGY-Air-Cooled-Goga-Mat-Sneakers-Casual-i.84710867.21945244917?sp_atk=fd78ec82-910e-4834-a4e6-c379021db241&xptdk=fd78ec82-910e-4834-a4e6-c379021db241,"Skechers Men GOwalk Flex Quota Walking Shoes - 216481-BKGY - Air-Cooled Goga Mat, Sneakers, Casual",1,04-08-2023
shopee,casual shoes for men,https://shopee.sg/CHERRY-Loafers-Slip-Ons-Leather-Casual-Shoes-Men-Breathable-Cow-Leather-Comfortable-Driving-Footwear-OXHIDE-B1-N6-i.158660597.20549111683?sp_atk=d20ff3a0-2efe-4251-9c8f-88ccfd9aa9f2&xptdk=d20ff3a0-2efe-4251-9c8f-88ccfd9aa9f2,CHERRY Loafers/ Slip Ons Leather Casual Shoes Men Breathable Cow Leather Comfortable Driving Footwear -OXHIDE B1 N6,1,04-08-2023
shopee,casual shoes for men,https://shopee.sg/Skechers-Men-SKECHERS-USA-Respected-Lowry-Shoes-204436-BLK-Air-Cooled-Memory-Foam-Sneakers-Casual-i.84710867.21572116231?sp_atk=70a40d2d-7478-40bc-a61f-8285d3e1dd64&xptdk=70a40d2d-7478-40bc-a61f-8285d3e1dd64,"Skechers Men SKECHERS USA Respected Lowry Shoes - 204436-BLK - Air-Cooled Memory Foam, Sneakers, Casual",1,04-08-2023
shopee,casual shoes for men,https://shopee.sg/Moda-Paolo-Men-Casual-Shoes-in-2-Colours-(34371T)-i.82022023.14257151310?sp_atk=55b02895-54ec-44f1-bbc3-5b6296ac64ef&xptdk=55b02895-54ec-44f1-bbc3-5b6296ac64ef,Moda Paolo Men Casual Shoes in 2 Colours (34371T),1,04-08-2023
shopee,casual shoes for men,https://shopee.sg/CLARKS-Bradley-Lane-Stone-Mens-Casual-i.119320434.22625834621?sp_atk=b257c5cb-171e-40a0-978a-4080e4a57418&xptdk=b257c5cb-171e-40a0-978a-4080e4a57418,CLARKS Bradley Lane Stone Mens Casual,1,04-08-2023
shopee,casual shoes for men,https://shopee.sg/Caterpillar-Men's-OVERVIEW-Streetwear-Shoes-Sand-(P725155)-Casual-Lace-Up-Athleisure-Low-Top-Sneakers-i.911415871.21679996977?sp_atk=54e415ac-5c8a-49b2-a278-af04026dda5e&xptdk=54e415ac-5c8a-49b2-a278-af04026dda5e,Caterpillar Men's OVERVIEW Streetwear Shoes - Sand (P725155) Casual Lace Up | Athleisure Low Top | Sneakers,1,04-08-2023
shopee,casual shoes for men,https://shopee.sg/Everbest-Men's-Shoes-SD7008-Men's-Casual-Lace-up-Sneaker-i.273529824.21843679016?sp_atk=dd01bd8a-0412-4ac7-86f0-9fe0ba2de63e&xptdk=dd01bd8a-0412-4ac7-86f0-9fe0ba2de63e,Everbest Men's Shoes - SD7008  Men's Casual Lace up Sneaker,1,04-08-2023
shopee,casual shoes for men,https://shopee.sg/Skechers-Men-Max-Cushioning-Delta-Running-Shoes-220351-RED-Air-Cooled-Goga-Mat-Sneakers-Casual-i.84710867.21422714211?sp_atk=f5abd899-a410-49ef-990d-4c9b291b1dfd&xptdk=f5abd899-a410-49ef-990d-4c9b291b1dfd,"Skechers Men Max Cushioning Delta Running Shoes - 220351-RED - Air-Cooled Goga Mat, Sneakers, Casual",1,04-08-2023
shopee,casual shoes for men,https://shopee.sg/Skechers-Men-GOwalk-Arch-Fit-Clinton-Walking-Shoes-216254-NVY-Sneakers-Casual-i.84710867.20947947491?sp_atk=b388cd71-fa1e-4ba6-ac5f-aa97a5ff3f46&xptdk=b388cd71-fa1e-4ba6-ac5f-aa97a5ff3f46,"Skechers Men GOwalk Arch Fit Clinton Walking Shoes - 216254-NVY - Sneakers, Casual",1,04-08-2023
shopee,casual shoes for men,https://shopee.sg/Skechers-Men-GOrun-Elevate-Valor-2.0-Running-Shoes-220329-WHT-Air-Cooled-Goga-Mat-Sneakers-Casual-i.84710867.15995734743?sp_atk=695394fc-976c-4aa2-bbaa-679cd7eda6d2&xptdk=695394fc-976c-4aa2-bbaa-679cd7eda6d2,"Skechers Men GOrun Elevate Valor 2.0 Running Shoes - 220329-WHT - Air-Cooled Goga Mat, Sneakers, Casual",1,04-08-2023
shopee,casual shoes for men,https://shopee.sg/BATA-Red-Label-Men-Casual-Sneakers-860X002-i.324728427.20278470922?sp_atk=11a05a4c-7e97-461e-91e0-7f4b11c359d0&xptdk=11a05a4c-7e97-461e-91e0-7f4b11c359d0,BATA Red Label Men Casual Sneakers 860X002,1,04-08-2023
shopee,casual shoes for men,https://shopee.sg/Moda-Paolo-Men-Casual-Shoes-in-2-Colours-(34430T)-i.82022023.20409959565?sp_atk=bbcd6f04-30f6-458a-863b-2adc2f984096&xptdk=bbcd6f04-30f6-458a-863b-2adc2f984096,Moda Paolo Men Casual Shoes in 2 Colours (34430T),1,04-08-2023
shopee,casual shoes for men,https://shopee.sg/Moda-Paolo-Men-Casual-Shoes-in-2-Colours-(34424T)-i.82022023.17773378754?sp_atk=eae07219-012b-4a09-b254-c44e21b478b3&xptdk=eae07219-012b-4a09-b254-c44e21b478b3,Moda Paolo Men Casual Shoes in 2 Colours (34424T),1,04-08-2023
shopee,casual shoes for men,https://shopee.sg/Brown-Loafers-Slip-Ons-Leather-Casual-Shoes-Men-Breathable-Cow-Leather-Comfortable-Driving-Footwear-OXHIDE-USER1-N8-i.158660597.20749118632?sp_atk=1ffe9f42-f8af-46f4-bbc2-7cf262091ae6&xptdk=1ffe9f42-f8af-46f4-bbc2-7cf262091ae6,Brown Loafers/ Slip Ons Leather Casual Shoes Men Breathable Cow Leather Comfortable Driving Footwear -OXHIDE USER1 N8,1,04-08-2023
shopee,casual shoes for men,https://shopee.sg/CLARKS-Cotrell-Plain-Black-Oily-Lea-Mens-Casual-Wide-Fit-i.119320434.18073846169?sp_atk=32218176-4915-4dd9-b788-950b0883d569&xptdk=32218176-4915-4dd9-b788-950b0883d569,CLARKS Cotrell Plain Black Oily Lea Mens Casual - Wide Fit,1,04-08-2023
shopee,casual shoes for men,https://shopee.sg/Moda-Paolo-Genuine-Leather-Men-Casual-in-Black-(34843T)-i.82022023.22614695859?sp_atk=1c3d5fb2-c559-4df0-a116-87155756fde8&xptdk=1c3d5fb2-c559-4df0-a116-87155756fde8,Moda Paolo Genuine Leather Men Casual in Black (34843T),1,04-08-2023
shopee,casual shoes for men,https://shopee.sg/CLARKS-Ferius-Creek-Black-Leather-Mens-Casual-i.119320434.22225840214?sp_atk=c39ddc28-357d-40cd-b986-a428405579eb&xptdk=c39ddc28-357d-40cd-b986-a428405579eb,CLARKS Ferius Creek Black Leather Mens Casual,1,04-08-2023
shopee,casual shoes for men,https://shopee.sg/CLARKS-Ferius-Creek-Dark-Blue-Combi-Mens-Casual-i.119320434.21073850670?sp_atk=20b73a99-4116-4450-80b6-dacad34308e9&xptdk=20b73a99-4116-4450-80b6-dacad34308e9,CLARKS Ferius Creek Dark Blue Combi Mens Casual,1,04-08-2023
shopee,casual shoes for men,https://shopee.sg/CLARKS-Cotrell-Plain-Brown-Oily-Mens-Casual-Wide-Fit-i.119320434.23825827909?sp_atk=4914380b-f2d1-4813-9104-9ae312784d72&xptdk=4914380b-f2d1-4813-9104-9ae312784d72,CLARKS Cotrell Plain Brown Oily Mens Casual - Wide Fit,1,04-08-2023
shopee,casual shoes for men,https://shopee.sg/Skechers-Men-GOwalk-Flex-Rightful-Walking-Shoes-216482-CCBK-Air-Cooled-Goga-Mat-Sneakers-Casual-i.84710867.21422714228?sp_atk=0d515d09-842c-44d5-9921-65fe8418e6d4&xptdk=0d515d09-842c-44d5-9921-65fe8418e6d4,"Skechers Men GOwalk Flex Rightful Walking Shoes - 216482-CCBK - Air-Cooled Goga Mat, Sneakers, Casual",1,04-08-2023
shopee,casual shoes for men,https://shopee.sg/Skechers-Online-Exclusive-Men-Foamies-GOwalk-5-Astonished-Walking-Shoes-243002-NVRD-Sneakers-Casual-i.84710867.10222241411?sp_atk=1b439a09-ce61-49b0-892e-9ac5e14929b7&xptdk=1b439a09-ce61-49b0-892e-9ac5e14929b7,"Skechers Online Exclusive Men Foamies GOwalk 5 Astonished Walking Shoes - 243002-NVRD - Sneakers, Casual",1,04-08-2023
shopee,casual shoes for men,https://shopee.sg/Skechers-Men-GOwalk-6-Requisite-Walking-Shoes-216623-WHT-Air-Cooled-Goga-Mat-Sneakers-Casual-i.84710867.23622700300?sp_atk=d9f38ab3-8f8a-45b3-b1d8-e244ed25a5b8&xptdk=d9f38ab3-8f8a-45b3-b1d8-e244ed25a5b8,"Skechers Men GOwalk 6 Requisite Walking Shoes - 216623-WHT - Air-Cooled Goga Mat, Sneakers, Casual",1,04-08-2023
shopee,casual shoes for men,https://shopee.sg/Walking-Tall-Premium-Casual-Shoes-Height-Increase-Shoes-(8.5-cm)-with-Rubber-OutSole-Mens-Black-Elevator-Shoes-YLM7881-i.228978173.6572004650?sp_atk=5acc7eb0-8824-48de-bbdb-8d4c14b025b4&xptdk=5acc7eb0-8824-48de-bbdb-8d4c14b025b4,Walking Tall Premium Casual Shoes Height Increase Shoes (8.5 cm) with Rubber OutSole - Mens Black Elevator Shoes YLM7881,1,04-08-2023
shopee,casual shoes for men,https://shopee.sg/Skechers-Men-SKECHERS-USA-Street-Wear-Arch-Fit-Orvan-Verdigo-Shoes-210433-BLK-Sneakers-Casual-i.84710867.22015945669?sp_atk=2217a897-95db-421d-aaf9-7b6df511fed2&xptdk=2217a897-95db-421d-aaf9-7b6df511fed2,"Skechers Men SKECHERS USA Street Wear Arch Fit Orvan Verdigo Shoes - 210433-BLK - Sneakers, Casual",1,04-08-2023
shopee,casual shoes for men,https://shopee.sg/Skechers-Men-Max-Cushioning-Essential-Running-Shoes-220723-BLOR-Air-Cooled-Goga-Mat-Sneakers-Casual-i.84710867.21551979576?sp_atk=1ca02f5f-d39f-48dc-8e76-041f05912317&xptdk=1ca02f5f-d39f-48dc-8e76-041f05912317,"Skechers Men Max Cushioning Essential Running Shoes - 220723-BLOR - Air-Cooled Goga Mat, Sneakers, Casual",1,04-08-2023
shopee,casual shoes for men,https://shopee.sg/CLARKS-Orson-Harbour-Multicolour-Lea-Mens-Casual-i.119320434.23225827622?sp_atk=4516e1c8-ceb4-45a5-befe-464332f7804e&xptdk=4516e1c8-ceb4-45a5-befe-464332f7804e,CLARKS Orson Harbour Multicolour Lea Mens Casual,1,04-08-2023
shopee,casual shoes for men,https://shopee.sg/Skechers-Men-Max-Cushioning-Delta-Relief-Running-Shoes-220340-CHAR-Air-Cooled-Goga-Mat-Sneakers-Casual-i.84710867.19658445066?sp_atk=5038bad1-292f-4bac-9b97-2727dfa1281b&xptdk=5038bad1-292f-4bac-9b97-2727dfa1281b,"Skechers Men Max Cushioning Delta Relief Running Shoes - 220340-CHAR - Air-Cooled Goga Mat, Sneakers, Casual",1,04-08-2023
shopee,casual shoes for men,https://shopee.sg/Skechers-Men-GOwalk-Flex-Rightful-Walking-Shoes-216482-NVOR-Air-Cooled-Goga-Mat-Sneakers-Casual-i.84710867.21422714194?sp_atk=f64b9f37-622b-4ca7-bb80-2b86ac83a2f1&xptdk=f64b9f37-622b-4ca7-bb80-2b86ac83a2f1,"Skechers Men GOwalk Flex Rightful Walking Shoes - 216482-NVOR - Air-Cooled Goga Mat, Sneakers, Casual",1,04-08-2023
shopee,casual shoes for men,https://shopee.sg/Skechers-Men-GOwalk-Arch-Fit-Robust-Comfort-Walking-Shoes-216264-CCGY-Sneakers-Casual-i.84710867.23920914828?sp_atk=fb44282f-b3d5-4a92-97e0-5cc8fd064aa8&xptdk=fb44282f-b3d5-4a92-97e0-5cc8fd064aa8,"Skechers Men GOwalk Arch Fit Robust Comfort Walking Shoes - 216264-CCGY - Sneakers, Casual",1,04-08-2023
shopee,casual shoes for men,https://shopee.sg/CLARKS-Orson-Harbour-Brown-Leather-Mens-Casual-i.119320434.21873837333?sp_atk=0499663d-ad30-4c0c-8775-b268da7e11d1&xptdk=0499663d-ad30-4c0c-8775-b268da7e11d1,CLARKS Orson Harbour Brown Leather Mens Casual,1,04-08-2023
shopee,casual shoes for men,https://shopee.sg/Caterpillar-Men's-Detours-Mid-Top-Shoe-Pavement-Grey-(P725475)-Casual-Streetwear-Athleisure-Sneakers-i.911415871.23218680923?sp_atk=1487f406-badb-47c9-84c0-39f190a4a5fe&xptdk=1487f406-badb-47c9-84c0-39f190a4a5fe,Caterpillar Men's Detours Mid Top Shoe - Pavement Grey (P725475) Casual Streetwear | Athleisure Sneakers,2,04-08-2023
shopee,casual shoes for men,https://shopee.sg/Skechers-Men-Max-Cushioning-Essential-Momentum-Running-Shoes-220722-NVOR-Air-Cooled-Goga-Mat-Sneakers-Casual-i.84710867.23415941480?sp_atk=66c210f1-d8ff-4e50-9949-468e5f2fc479&xptdk=66c210f1-d8ff-4e50-9949-468e5f2fc479,"Skechers Men Max Cushioning Essential Momentum Running Shoes - 220722-NVOR - Air-Cooled Goga Mat, Sneakers, Casual",2,04-08-2023
shopee,casual shoes for men,https://shopee.sg/Skechers-Men-GOwalk-Flex-Rightful-Walking-Shoes-216482-CCBK-Air-Cooled-Goga-Mat-Sneakers-Casual-i.84710867.21422714228?sp_atk=1c86189c-f40e-49bd-bc13-d9edec7ede84&xptdk=1c86189c-f40e-49bd-bc13-d9edec7ede84,"Skechers Men GOwalk Flex Rightful Walking Shoes - 216482-CCBK - Air-Cooled Goga Mat, Sneakers, Casual",2,04-08-2023
shopee,casual shoes for men,https://shopee.sg/Moda-Paolo-Men-Casual-Shoes-in-2-Colours-(34459T)-i.82022023.18423920665?sp_atk=cd3569ba-4add-4319-9bb3-0fe8b1bc2671&xptdk=cd3569ba-4add-4319-9bb3-0fe8b1bc2671,Moda Paolo Men Casual Shoes in 2 Colours (34459T),2,04-08-2023
shopee,casual shoes for men,https://shopee.sg/Skechers-Men-Sport-Global-Jogger-Tychon-Shoes-237220-NVRD-Air-Cooled-Memory-Foam-Sneakers-Casual-i.84710867.15196550124?sp_atk=22ce3e6b-0627-498a-a74a-fc06fa3707bd&xptdk=22ce3e6b-0627-498a-a74a-fc06fa3707bd,"Skechers Men Sport Global Jogger Tychon Shoes - 237220-NVRD - Air-Cooled Memory Foam, Sneakers, Casual",2,04-08-2023
shopee,casual shoes for men,https://shopee.sg/CLARKS-Ferius-Creek-Black-Leather-Mens-Casual-i.119320434.22225840214?sp_atk=a3d1ead6-c3fd-407f-9ea4-e0d95960abe3&xptdk=a3d1ead6-c3fd-407f-9ea4-e0d95960abe3,CLARKS Ferius Creek Black Leather Mens Casual,2,04-08-2023
shopee,casual shoes for men,https://shopee.sg/Skechers-Men-Foamies-GOwalk-5-Astonished-Walking-Shoes-243002-BKCC-Sneakers-Casual-i.84710867.5166687292?sp_atk=5b337045-98f3-4962-82bb-f862bfa9578f&xptdk=5b337045-98f3-4962-82bb-f862bfa9578f,"Skechers Men Foamies GOwalk 5 Astonished Walking Shoes - 243002-BKCC - Sneakers, Casual",2,04-08-2023
shopee,casual shoes for men,https://shopee.sg/Skechers-Men-Max-Cushioning-Delta-Speed-Up-Running-Shoes-220358-NVY-Air-Cooled-Goga-Mat-Sneakers-Casual-i.84710867.20947948018?sp_atk=b7a5ddbe-603b-4f19-b522-b456b30783d7&xptdk=b7a5ddbe-603b-4f19-b522-b456b30783d7,"Skechers Men Max Cushioning Delta Speed Up Running Shoes - 220358-NVY - Air-Cooled Goga Mat, Sneakers, Casual",2,04-08-2023
shopee,casual shoes for men,https://shopee.sg/Skechers-Men-GOwalk-Flex-Reveal-Walking-Shoes-216483-CCNV-Air-Cooled-Goga-Mat-Sneakers-Casual-i.84710867.19634712621?sp_atk=a252fd7c-0243-4a80-b8ff-4d78bcf7e7b8&xptdk=a252fd7c-0243-4a80-b8ff-4d78bcf7e7b8,"Skechers Men GOwalk Flex Reveal Walking Shoes - 216483-CCNV - Air-Cooled Goga Mat, Sneakers, Casual",2,04-08-2023
shopee,casual shoes for men,https://shopee.sg/Skechers-Men-GOwalk-6-Expanse-Walking-Shoes-216271-GRY-Air-Cooled-Goga-Mat-Sneakers-Casual-i.84710867.21871551037?sp_atk=837bd2c7-bfc4-4f45-8019-92b0593dedce&xptdk=837bd2c7-bfc4-4f45-8019-92b0593dedce,"Skechers Men GOwalk 6 Expanse Walking Shoes - 216271-GRY - Air-Cooled Goga Mat, Sneakers, Casual",2,04-08-2023
shopee,casual shoes for men,https://shopee.sg/Skechers-Men-GOwalk-Flex-Reveal-Walking-Shoes-216483-BKRD-Air-Cooled-Goga-Mat-Sneakers-Casual-i.84710867.19634712618?sp_atk=fda8e367-e415-489a-940a-2fdb8cbb3ea9&xptdk=fda8e367-e415-489a-940a-2fdb8cbb3ea9,"Skechers Men GOwalk Flex Reveal Walking Shoes - 216483-BKRD - Air-Cooled Goga Mat, Sneakers, Casual",2,04-08-2023
shopee,casual shoes for men,https://shopee.sg/CLARKS-TriStellarFree-Black-Nubuck-Mens-Casual-i.119320434.16087806897?sp_atk=63ed3f9c-ed26-4bb2-937d-4f8773ec3d17&xptdk=63ed3f9c-ed26-4bb2-937d-4f8773ec3d17,CLARKS TriStellarFree Black Nubuck Mens Casual,2,04-08-2023
shopee,casual shoes for men,https://shopee.sg/CLARKS-Orson-Harbour-Multicolour-Lea-Mens-Casual-i.119320434.23225827622?sp_atk=66320338-7ab1-4dcb-a538-c41d0f3f8b6b&xptdk=66320338-7ab1-4dcb-a538-c41d0f3f8b6b,CLARKS Orson Harbour Multicolour Lea Mens Casual,2,04-08-2023
shopee,casual shoes for men,https://shopee.sg/Moda-Paolo-Men-Casual-Shoes-in-2-Colours-(34430T)-i.82022023.20409959565?sp_atk=d6decf55-c8c6-468d-866b-6f6a5eecf029&xptdk=d6decf55-c8c6-468d-866b-6f6a5eecf029,Moda Paolo Men Casual Shoes in 2 Colours (34430T),2,04-08-2023
shopee,casual shoes for men,https://shopee.sg/Skechers-Men-Max-Cushioning-Delta-Spectral-Running-Shoes-220357-BKRD-Air-Cooled-Goga-Mat-Sneakers-Casual-i.84710867.21158441990?sp_atk=096880d1-6a7f-4090-a572-ded7dd69d87d&xptdk=096880d1-6a7f-4090-a572-ded7dd69d87d,"Skechers Men Max Cushioning Delta Spectral Running Shoes - 220357-BKRD - Air-Cooled Goga Mat, Sneakers, Casual",2,04-08-2023
shopee,casual shoes for men,https://shopee.sg/CLARKS-Ferius-Creek-Dark-Blue-Combi-Mens-Casual-i.119320434.21073850670?sp_atk=a6da1091-4c87-4fbf-ab2e-b4a12d3f9e0f&xptdk=a6da1091-4c87-4fbf-ab2e-b4a12d3f9e0f,CLARKS Ferius Creek Dark Blue Combi Mens Casual,2,04-08-2023
shopee,casual shoes for men,https://shopee.sg/CLARKS-Morven-Sail-Navy-Leather-Mens-Casual-i.119320434.22225833136?sp_atk=38fe6d6c-7e3b-43aa-bb95-c3db6e0f42d8&xptdk=38fe6d6c-7e3b-43aa-bb95-c3db6e0f42d8,CLARKS Morven Sail Navy Leather Mens Casual,2,04-08-2023
shopee,casual shoes for men,https://shopee.sg/CLARKS-Stafford-Park5-Tan-Leather-Mens-Casual-i.119320434.23825827609?sp_atk=a90ed7e3-2e61-405a-93f7-4425e4d73a1b&xptdk=a90ed7e3-2e61-405a-93f7-4425e4d73a1b,CLARKS Stafford Park5 Tan Leather Mens Casual,2,04-08-2023
shopee,casual shoes for men,https://shopee.sg/Moda-Paolo-Men-Casual-Shoes-in-2-Colours-(34461T)-i.82022023.20228727597?sp_atk=868181cb-9dae-4879-8152-00ae9b0dac0f&xptdk=868181cb-9dae-4879-8152-00ae9b0dac0f,Moda Paolo Men Casual Shoes in 2 Colours (34461T),2,04-08-2023
shopee,casual shoes for men,https://shopee.sg/Moda-Paolo-Men-Casual-Shoes-in-2-Colours-(34424T)-i.82022023.17773378754?sp_atk=ed09a962-ba0d-4bc7-ac70-4f7a250a89c4&xptdk=ed09a962-ba0d-4bc7-ac70-4f7a250a89c4,Moda Paolo Men Casual Shoes in 2 Colours (34424T),2,04-08-2023
shopee,casual shoes for men,https://shopee.sg/CLARKS-Orson-Harbour-Brown-Leather-Mens-Casual-i.119320434.21873837333?sp_atk=cc809713-33a4-4f17-abd9-7bf2de0ea8e3&xptdk=cc809713-33a4-4f17-abd9-7bf2de0ea8e3,CLARKS Orson Harbour Brown Leather Mens Casual,2,04-08-2023
shopee,casual shoes for men,https://shopee.sg/CLARKS-Allston-Edge-Navy-Nubuck-Mens-Casual-i.119320434.23825828607?sp_atk=74cb5203-8b58-4923-afb9-eaf66269e86d&xptdk=74cb5203-8b58-4923-afb9-eaf66269e86d,CLARKS Allston Edge Navy Nubuck Mens Casual,2,04-08-2023
shopee,casual shoes for men,https://shopee.sg/Brown-Loafers-Slip-Ons-Leather-Casual-Shoes-Men-Breathable-Cow-Leather-Comfortable-Driving-Footwear-OXHIDE-USER1-N8-i.158660597.20749118632?sp_atk=8069c82f-e979-457e-9245-d0079c4468a5&xptdk=8069c82f-e979-457e-9245-d0079c4468a5,Brown Loafers/ Slip Ons Leather Casual Shoes Men Breathable Cow Leather Comfortable Driving Footwear -OXHIDE USER1 N8,2,04-08-2023
shopee,casual shoes for men,https://shopee.sg/CLARKS-Stafford-Park5-Black-Nubuck-Mens-Casual-i.119320434.20273851028?sp_atk=40d6ea7e-ac01-47a9-a5eb-f908b2c161d3&xptdk=40d6ea7e-ac01-47a9-a5eb-f908b2c161d3,CLARKS Stafford Park5 Black Nubuck Mens Casual,2,04-08-2023
shopee,casual shoes for men,https://shopee.sg/CLARKS-Cotrell-Plain-Black-Oily-Lea-Mens-Casual-Wide-Fit-i.119320434.18073846169?sp_atk=75ed383c-2f23-48a3-baa3-e4059f6dd8a9&xptdk=75ed383c-2f23-48a3-baa3-e4059f6dd8a9,CLARKS Cotrell Plain Black Oily Lea Mens Casual - Wide Fit,2,04-08-2023
shopee,casual shoes for men,https://shopee.sg/CLARKS-Cotrell-Plain-Brown-Oily-Mens-Casual-Wide-Fit-i.119320434.23825827909?sp_atk=6ddd540e-a300-4e26-bf95-a3d7cf861ea4&xptdk=6ddd540e-a300-4e26-bf95-a3d7cf861ea4,CLARKS Cotrell Plain Brown Oily Mens Casual - Wide Fit,2,04-08-2023
shopee,casual shoes for men,https://shopee.sg/Walking-Tall-Premium-Casual-Shoes-Height-Increase-Shoes-(7-cm)-with-Rubber-OutSole-Mens-White-Elevator-Shoes-C102D091D-i.228978173.9306074361?sp_atk=636a4144-d275-49c1-bc06-92c8d115e061&xptdk=636a4144-d275-49c1-bc06-92c8d115e061,Walking Tall Premium Casual Shoes Height Increase Shoes (7 cm) with Rubber OutSole - Mens White Elevator Shoes C102D091D,2,04-08-2023
shopee,casual shoes for men,https://shopee.sg/CHERRY-Loafers-Slip-Ons-Leather-Casual-Shoes-Men-Breathable-Cow-Leather-Comfortable-Driving-Footwear-OXHIDE-B1-N6-i.158660597.20549111683?sp_atk=073faf9b-1835-4e7c-9c65-690770e81d60&xptdk=073faf9b-1835-4e7c-9c65-690770e81d60,CHERRY Loafers/ Slip Ons Leather Casual Shoes Men Breathable Cow Leather Comfortable Driving Footwear -OXHIDE B1 N6,2,04-08-2023
shopee,casual shoes for men,https://shopee.sg/Walking-Tall-Premium-Casual-Sneakers-Shoes-Height-Increase-Shoes-(7-cm)-with-Rubber-OutSole-Black-with-Brown-C139B0051D-i.228978173.21366235856?sp_atk=eeea632d-9565-4621-aa44-58bd5801bb72&xptdk=eeea632d-9565-4621-aa44-58bd5801bb72,Walking Tall Premium Casual Sneakers Shoes Height Increase Shoes (7 cm) with Rubber OutSole Black with Brown-C139B0051D,2,04-08-2023
shopee,casual shoes for men,https://shopee.sg/Walking-Tall-Height-increase-shoes-(7-cm)-with-Rubber-OutSole-Brown-Leather-Casual-Shoes-Quality-Elevator-Shoes-C83K022D-i.228978173.3320099220?sp_atk=29fe373c-8927-4cbf-abfa-208d7599ea6f&xptdk=29fe373c-8927-4cbf-abfa-208d7599ea6f,Walking Tall Height increase shoes (7 cm) with Rubber OutSole Brown Leather Casual Shoes Quality Elevator Shoes C83K022D,2,04-08-2023
shopee,casual shoes for men,https://shopee.sg/Walking-Tall-Premium-Casual-Shoes-Height-Increase-Shoes-(7-cm)-with-Rubber-OutSole-Mens-White-Shoes-LH05516-i.228978173.17659721180?sp_atk=79eb9130-2cfc-425f-bf83-ad994e7db554&xptdk=79eb9130-2cfc-425f-bf83-ad994e7db554,Walking Tall Premium Casual Shoes | Height Increase Shoes (7 cm) with Rubber OutSole - Mens White Shoes - LH05516,2,04-08-2023
shopee,casual shoes for men,https://shopee.sg/Moda-Paolo-Men-Casual-Shoes-in-2-Colours-(34423T)-i.82022023.20809532794?sp_atk=e0289719-4d02-4c29-9ecd-018db459c282&xptdk=e0289719-4d02-4c29-9ecd-018db459c282,Moda Paolo Men Casual Shoes in 2 Colours (34423T),2,04-08-2023
shopee,casual shoes for men,https://shopee.sg/Walking-Tall-Height-increase-shoes-(6-cm)-with-Rubber-OutSole-White-Men-Casual-Shoes-Quality-Elevator-Shoes-C89K012D-i.228978173.7074280425?sp_atk=a185c95a-670c-4fde-85d1-e8f0432267a2&xptdk=a185c95a-670c-4fde-85d1-e8f0432267a2,Walking Tall Height increase shoes (6 cm) with Rubber OutSole - White Men Casual Shoes Quality | Elevator Shoes C89K012D,2,04-08-2023
shopee,casual shoes for men,https://shopee.sg/Walking-Tall-Premium-Casual-Shoes-Height-Increase-Shoes-(7-cm)-with-Rubber-OutSole-Mens-Grey-Shoes-YLM78812-i.228978173.4093066908?sp_atk=fab6cc05-efd6-41d1-b06b-b72141687602&xptdk=fab6cc05-efd6-41d1-b06b-b72141687602,Walking Tall Premium Casual Shoes  Height Increase Shoes (7 cm) with Rubber OutSole - Mens Grey Shoes YLM78812,2,04-08-2023
shopee,casual shoes for men,https://shopee.sg/Walking-Tall-Premium-Casual-Sneakers-Shoes-Height-Increase-Shoes-(7-cm)-with-Rubber-OutSole-black-with-grey-YL788202-i.228978173.19566238202?sp_atk=1b09adbe-aeaf-4cd3-b648-79d057f3b228&xptdk=1b09adbe-aeaf-4cd3-b648-79d057f3b228,Walking Tall Premium Casual Sneakers Shoes | Height Increase Shoes (7 cm) with Rubber OutSole - black with grey-YL788202,2,04-08-2023
shopee,casual shoes for men,https://shopee.sg/Walking-Tall-Height-increase-shoes-(7.5-cm)-with-Rubber-OutSole-Black-Leather-Men-shoes-Quality-Casual-Shoes-C11K163D-i.228978173.6054695088?sp_atk=47c2ee72-e101-4047-8dbf-086ecfcbde4b&xptdk=47c2ee72-e101-4047-8dbf-086ecfcbde4b,Walking Tall Height increase shoes (7.5 cm) with Rubber OutSole - Black Leather Men shoes  Quality Casual Shoes C11K163D,2,04-08-2023
shopee,casual shoes for men,https://shopee.sg/Moda-Paolo-Men-Casual-Shoes-in-2-Colours-(34431T)-i.82022023.18907665281?sp_atk=1a58126f-3f52-432f-8bc3-59161c18cc22&xptdk=1a58126f-3f52-432f-8bc3-59161c18cc22,Moda Paolo Men Casual Shoes in 2 Colours (34431T),2,04-08-2023
shopee,casual shoes for men,https://shopee.sg/Walking-Tall-Premium-Casual-Shoes-Height-Increase-Shoes-(8.5-cm)-with-Rubber-OutSole-Mens-Black-Elevator-Shoes-YLM7881-i.228978173.6572004650?sp_atk=9054847e-7184-4ecb-a9af-fcc8bc0951b5&xptdk=9054847e-7184-4ecb-a9af-fcc8bc0951b5,Walking Tall Premium Casual Shoes Height Increase Shoes (8.5 cm) with Rubber OutSole - Mens Black Elevator Shoes YLM7881,2,04-08-2023
shopee,casual shoes for men,https://shopee.sg/Walking-Tall-Premium-Casual-Shoes-Height-Increase-Shoes-(7-cm)-with-Rubber-OutSole-Mens-White-Shoes-B127B011D-i.228978173.2972958358?sp_atk=2b75ef43-0548-426c-a7d0-642d52e29f8b&xptdk=2b75ef43-0548-426c-a7d0-642d52e29f8b,Walking Tall Premium Casual Shoes  Height Increase Shoes (7 cm) with Rubber OutSole - Mens White Shoes B127B011D,2,04-08-2023
shopee,casual shoes for men,https://shopee.sg/Moda-Paolo-Genuine-Leather-Men-Casual-in-Black-(34843T)-i.82022023.22614695859?sp_atk=23a2b35e-2c7e-4270-81a4-6dfae0534a09&xptdk=23a2b35e-2c7e-4270-81a4-6dfae0534a09,Moda Paolo Genuine Leather Men Casual in Black (34843T),2,04-08-2023
shopee,casual shoes for men,https://shopee.sg/Skechers-Men-GOwalk-Arch-Fit-Seltos-Walking-Shoes-216136-NVY-Sneakers-Casual-i.84710867.14877913154?sp_atk=b3d9fd75-3fce-473f-a34b-21a3aedba2f7&xptdk=b3d9fd75-3fce-473f-a34b-21a3aedba2f7,"Skechers Men GOwalk Arch Fit Seltos Walking Shoes - 216136-NVY - Sneakers, Casual",2,04-08-2023
shopee,casual shoes for men,https://shopee.sg/Walking-Tall-Premium-Casual-Shoes-Height-Increase-Shoes-(7-cm)-with-Rubber-OutSole-Mens-White-Shoes-C131A121D-i.228978173.10114595870?sp_atk=38808626-1b86-4b75-bf43-727bce59de10&xptdk=38808626-1b86-4b75-bf43-727bce59de10,Walking Tall Premium Casual Shoes  Height Increase Shoes (7 cm) with Rubber OutSole - Mens White Shoes C131A121D,2,04-08-2023
shopee,casual shoes for men,https://shopee.sg/Brown-Loafers-Slip-Ons-Leather-Casual-Shoes-Men-Breathable-Cow-Leather-Comfortable-Driving-Footwear-OXHIDE-R121-N4-i.158660597.18649110101?sp_atk=0f59b3c3-ebae-4a2b-9d93-35735a6c82a4&xptdk=0f59b3c3-ebae-4a2b-9d93-35735a6c82a4,Brown Loafers/ Slip Ons Leather Casual Shoes Men Breathable Cow Leather Comfortable Driving Footwear -OXHIDE R121 N4,2,04-08-2023
shopee,casual shoes for men,https://shopee.sg/Moda-Paolo-Men-Casual-Shoes-in-2-Colours-(34476T)-i.82022023.10396413284?sp_atk=35ac46ea-486b-47f5-85f6-384da59edc6b&xptdk=35ac46ea-486b-47f5-85f6-384da59edc6b,Moda Paolo Men Casual Shoes in 2 Colours (34476T),2,04-08-2023
shopee,casual shoes for men,https://shopee.sg/Moda-Paolo-Men-Casual-Shoes-in-2-Colours-(34426T)-i.82022023.16374668691?sp_atk=3c5181bc-6f15-4fc9-ab30-ad0f2bdd98cd&xptdk=3c5181bc-6f15-4fc9-ab30-ad0f2bdd98cd,Moda Paolo Men Casual Shoes in 2 Colours (34426T),2,04-08-2023
shopee,casual shoes for men,https://shopee.sg/Walking-Tall-Premium-Casual-Shoes-Height-Increase-Shoes-(7-cm)-with-Rubber-OutSole-Mens-white-Shoes-T55H202D-W-i.228978173.14312974610?sp_atk=0fb77fd9-bda0-49f4-8dcf-d58bf86995c1&xptdk=0fb77fd9-bda0-49f4-8dcf-d58bf86995c1,Walking Tall Premium Casual Shoes | Height Increase Shoes (7 cm) with Rubber OutSole - Mens white Shoes-T55H202D-W,2,04-08-2023
shopee,casual shoes for men,https://shopee.sg/Moda-Paolo-Men-Casual-Shoes-in-2-Colours-(34370T)-i.82022023.13269965364?sp_atk=b5676c35-70c4-4caf-8343-638a4242c71c&xptdk=b5676c35-70c4-4caf-8343-638a4242c71c,Moda Paolo Men Casual Shoes in 2 Colours (34370T),2,04-08-2023
shopee,casual shoes for men,https://shopee.sg/Walking-Tall-Premium-Casual-Shoes-Height-Increase-Shoes-(7-cm)-with-Rubber-OutSole-Mens-Black-Shoes-122V011D-i.228978173.17459721607?sp_atk=fb307e5e-528e-4047-aed9-ea6ff580f70b&xptdk=fb307e5e-528e-4047-aed9-ea6ff580f70b,Walking Tall Premium Casual Shoes  Height Increase Shoes (7 cm) with Rubber OutSole - Mens Black Shoes -122V011D,2,04-08-2023
shopee,casual shoes for men,https://shopee.sg/Walking-Tall-Premium-Casual-Shoes-Height-Increase-Shoes-(8-cm)-with-Rubber-OutSole-Mens-Black-Elevator-Shoes-B113D051DP-i.228978173.7572004969?sp_atk=28d83890-2fac-47d4-8c4c-1cd04d59dd9b&xptdk=28d83890-2fac-47d4-8c4c-1cd04d59dd9b,Walking Tall Premium Casual Shoes Height Increase Shoes (8 cm) with Rubber OutSole- Mens Black Elevator Shoes B113D051DP,2,04-08-2023
shopee,casual shoes for men,https://shopee.sg/Walking-Tall-Premium-Casual-Shoes-Height-Increase-Shoes-(6-cm)-with-Rubber-OutSole-Mens-Blue-White-Shoes-YLK67621-i.228978173.14112974534?sp_atk=f71dc897-7e9d-45ba-a388-a9093752c549&xptdk=f71dc897-7e9d-45ba-a388-a9093752c549,Walking Tall Premium Casual Shoes | Height Increase Shoes (6 cm) with Rubber OutSole - Mens Blue White Shoes-YLK67621,2,04-08-2023
shopee,casual shoes for men,https://shopee.sg/MBT-Tiano-Men-Casual-in-Camouflage-Dark-Brown-i.114877948.14373308346?sp_atk=05dd59ad-281e-4c30-9143-bf50fa7e7e69&xptdk=05dd59ad-281e-4c30-9143-bf50fa7e7e69,MBT Tiano Men Casual in Camouflage Dark Brown,2,04-08-2023
shopee,casual shoes for men,https://shopee.sg/Moda-Paolo-Men-Casual-Shoes-in-2-Colours-(34428T)-i.82022023.19211151951?sp_atk=4a6cd2eb-10ef-48a7-9bf9-7b43a6e035ac&xptdk=4a6cd2eb-10ef-48a7-9bf9-7b43a6e035ac,Moda Paolo Men Casual Shoes in 2 Colours (34428T),2,04-08-2023
shopee,casual shoes for men,https://shopee.sg/Moda-Paolo-Men-Casual-Shoes-in-2-Colours-(34429T)-i.82022023.16674679097?sp_atk=4393d9a8-6b47-4311-a85a-1156d4d56599&xptdk=4393d9a8-6b47-4311-a85a-1156d4d56599,Moda Paolo Men Casual Shoes in 2 Colours (34429T),2,04-08-2023
shopee,casual shoes for men,https://shopee.sg/Moda-Paolo-Men-Casual-Shoes-in-2-Colours-(34425T)-i.82022023.10696319331?sp_atk=59562125-a4c1-41e5-ba99-4d4650872283&xptdk=59562125-a4c1-41e5-ba99-4d4650872283,Moda Paolo Men Casual Shoes in 2 Colours (34425T),2,04-08-2023
shopee,casual shoes for men,https://shopee.sg/Moda-Paolo-Men-Casual-Shoes-in-2-Colours-(34427T)-i.82022023.15687631570?sp_atk=535c28ec-d5a1-4417-b8ea-3b905af65a18&xptdk=535c28ec-d5a1-4417-b8ea-3b905af65a18,Moda Paolo Men Casual Shoes in 2 Colours (34427T),2,04-08-2023
shopee,casual shoes for men,https://shopee.sg/Moda-Paolo-Men-Casual-Shoes-in-2-Colours-(34462T)-i.82022023.16974004132?sp_atk=8b97a91e-9351-4c61-afa1-61bef7c2ee0f&xptdk=8b97a91e-9351-4c61-afa1-61bef7c2ee0f,Moda Paolo Men Casual Shoes in 2 Colours (34462T),2,04-08-2023
shopee,casual shoes for men,https://shopee.sg/Caterpillar-Unisex-Reactor-Sneakers-Black-(P110560)-Casual-Streetwear-Athleisure-Shoes-Trainers-i.911415871.21671334315?sp_atk=5774378e-1b9b-494b-b728-3d2c2adc7f94&xptdk=5774378e-1b9b-494b-b728-3d2c2adc7f94,Caterpillar Unisex Reactor Sneakers - Black (P110560) Casual Streetwear | Athleisure Shoes | Trainers,2,04-08-2023
shopee,casual shoes for men,https://shopee.sg/CLARKS-Nature-Three-Black-Leather-Mens-Casual-Shoes-Clarks-Unstructured-i.119320434.1856832982?sp_atk=c6d58a2e-b1b3-47f4-afbd-b42fbbe23abe&xptdk=c6d58a2e-b1b3-47f4-afbd-b42fbbe23abe,CLARKS Nature Three Black Leather Mens Casual Shoes Clarks Unstructured,2,04-08-2023
shopee,casual shoes for men,https://shopee.sg/BATA-Red-Label-Men-Lace-Up-Casual-Shoes-860X003-i.324728427.22738713513?sp_atk=51b8ab60-c08d-4fb7-a0ab-feac552ab9c6&xptdk=51b8ab60-c08d-4fb7-a0ab-feac552ab9c6,BATA Red Label Men Lace Up Casual Shoes 860X003,2,04-08-2023
shopee,casual shoes for men,https://shopee.sg/Walking-Tall-Premium-Casual-Shoes-Height-Increase-Shoes-(8-cm)-with-Rubber-OutSole-Mens-White-Shoes-C127B0091D-X-i.228978173.19470256476?sp_atk=882a0015-322f-4a71-a319-8ccfebcb73d4&xptdk=882a0015-322f-4a71-a319-8ccfebcb73d4,Walking Tall Premium Casual Shoes | Height Increase Shoes (8 cm) with Rubber OutSole - Mens White Shoes | C127B0091D-X,2,04-08-2023
shopee,casual shoes for men,https://shopee.sg/Walking-Tall-Premium-Casual-Shoes-Height-Increase-Shoes-(8-cm)-with-Rubber-OutSole-Mens-White-Shoes-C127B0091D-X-i.228978173.19470256476?sp_atk=470876fa-deee-417d-b617-774af48844fc&xptdk=470876fa-deee-417d-b617-774af48844fc,Walking Tall Premium Casual Shoes | Height Increase Shoes (8 cm) with Rubber OutSole - Mens White Shoes | C127B0091D-X,3,04-08-2023
shopee,casual shoes for men,https://shopee.sg/Moda-Paolo-Genuine-Leather-Men-Casual-in-Black-(34844T)-i.82022023.18770465881?sp_atk=4987496e-cebe-421f-9f11-247bb3ba7519&xptdk=4987496e-cebe-421f-9f11-247bb3ba7519,Moda Paolo Genuine Leather Men Casual in Black (34844T),3,04-08-2023
shopee,casual shoes for men,https://shopee.sg/Caterpillar-Unisex-Reactor-Sneakers-Birch-bright-White-(P110564)-Casual-Streetwear-Athleisure-Shoes-Trainers-i.911415871.15396159621?sp_atk=e462ea5f-9282-4b73-ae06-c90e11630df4&xptdk=e462ea5f-9282-4b73-ae06-c90e11630df4,Caterpillar Unisex Reactor Sneakers - Birch/bright White (P110564) Casual Streetwear | Athleisure Shoes | Trainers,3,04-08-2023
shopee,casual shoes for men,https://shopee.sg/Walking-Tall-Premium-Casual-Sneakers-Shoes-Height-Increase-Shoes-(7-cm)-with-Rubber-OutSole-Men-Shoe-Brown-C127B0091-i.228978173.22808637056?sp_atk=d619a8d6-4d67-4275-88ce-c3ee30fbcfe4&xptdk=d619a8d6-4d67-4275-88ce-c3ee30fbcfe4,Walking Tall Premium Casual Sneakers Shoes | Height Increase Shoes (7 cm) with Rubber OutSole - Men Shoe Brown-C127B0091,3,04-08-2023
shopee,casual shoes for men,https://shopee.sg/CLARKS-Ferius-Creek-Tan-Combi-Mens-Casual-i.119320434.17792849327?sp_atk=904cafc0-02d0-43c3-b6df-301bf6ae1012&xptdk=904cafc0-02d0-43c3-b6df-301bf6ae1012,CLARKS Ferius Creek Tan Combi Mens Casual,3,04-08-2023
shopee,casual shoes for men,https://shopee.sg/CLARKS-Stafford-Park5-Navy-Nubuck-Mens-Casual-i.119320434.20273853151?sp_atk=7ec5a4b1-7efc-4662-ab5f-81c36678869e&xptdk=7ec5a4b1-7efc-4662-ab5f-81c36678869e,CLARKS Stafford Park5 Navy Nubuck Mens Casual,3,04-08-2023
shopee,casual shoes for men,https://shopee.sg/CLARKS-Bradley-Easy-Stone-Mens-Casual-i.119320434.23125838323?sp_atk=254c4ad0-cec9-4501-a700-ece070c3e2da&xptdk=254c4ad0-cec9-4501-a700-ece070c3e2da,CLARKS Bradley Easy Stone Mens Casual,3,04-08-2023
shopee,casual shoes for men,https://shopee.sg/CLARKS-Langton-Race-Grey-Nubuck-Mens-Casual-i.119320434.21173850501?sp_atk=cd7ae642-572a-4b31-afe8-c9537ebc04bf&xptdk=cd7ae642-572a-4b31-afe8-c9537ebc04bf,CLARKS Langton Race Grey Nubuck Mens Casual,3,04-08-2023
shopee,casual shoes for men,https://shopee.sg/Everlast-Unisex-EVL-LITE-Mesh-Sneakers-Monochrome-Black-(1EAH0030-MBK)-Casual-Athleisure-Urban-Streetwear-Trainers-i.75762037.14894642409?sp_atk=69f40dd6-719f-49a1-97db-69574fc6540b&xptdk=69f40dd6-719f-49a1-97db-69574fc6540b,Everlast Unisex EVL-LITE Mesh Sneakers - Monochrome Black (1EAH0030 MBK) Casual Athleisure | Urban Streetwear | Trainers,3,04-08-2023
shopee,casual shoes for men,https://shopee.sg/Moda-Paolo-Men-Casual-Shoes-in-2-Colours-(34475T)-i.82022023.19011337537?sp_atk=e2ebd7c6-f827-4b40-8795-5631e5fa0b29&xptdk=e2ebd7c6-f827-4b40-8795-5631e5fa0b29,Moda Paolo Men Casual Shoes in 2 Colours (34475T),3,04-08-2023
shopee,casual shoes for men,https://shopee.sg/Moda-Paolo-Genuine-Leather-Men-Casual-in-Black-(34845T)-i.82022023.22215321887?sp_atk=6cc14610-a57c-483a-b481-3260024fa4bf&xptdk=6cc14610-a57c-483a-b481-3260024fa4bf,Moda Paolo Genuine Leather Men Casual in Black (34845T),3,04-08-2023
shopee,casual shoes for men,https://shopee.sg/Walking-Tall-Premium-Sneakers-Shoe-Casual-Black-shoes-Height-Increase-Shoes-(7-cm)-with-Rubber-OutSole-B76B051D-i.228978173.21531873890?sp_atk=501a7db6-3874-4894-b3ef-118d26978856&xptdk=501a7db6-3874-4894-b3ef-118d26978856,Walking Tall Premium Sneakers Shoe | Casual Black shoes | Height Increase Shoes (7 cm) with Rubber OutSole - B76B051D,3,04-08-2023
shopee,casual shoes for men,https://shopee.sg/Walking-Tall-Premium-Casual-Shoes-Height-Increase-Shoes-(7-cm)-with-Rubber-OutSole-Mens-Grey-Shoes-C127B071D-i.228978173.16759721516?sp_atk=08964b10-6b0a-4ed7-abcd-54c1530e24e7&xptdk=08964b10-6b0a-4ed7-abcd-54c1530e24e7,Walking Tall Premium Casual Shoes | Height Increase Shoes (7 cm) with Rubber OutSole - Mens Grey Shoes - C127B071D,3,04-08-2023
shopee,casual shoes for men,https://shopee.sg/Walking-Tall-Premium-Casual-Shoes-Height-Increase-Shoes-(8-cm)-with-Rubber-OutSole-Mens-Grey-Shoes-022A071D-i.228978173.14912974233?sp_atk=32f5806e-98a1-44e9-8fb3-05a0bc13f192&xptdk=32f5806e-98a1-44e9-8fb3-05a0bc13f192,Walking Tall Premium Casual Shoes | Height Increase Shoes (8 cm) with Rubber OutSole - Mens Grey Shoes-022A071D,3,04-08-2023
shopee,casual shoes for men,https://shopee.sg/Walking-Tall-Premium-Casual-Shoes-Height-Increase-Shoes-(7-cm)-with-Rubber-OutSole-Mens-Black-Shoes-C116D071D-i.228978173.8872059168?sp_atk=c162cc53-3087-4cb4-a103-e49dbfe4019e&xptdk=c162cc53-3087-4cb4-a103-e49dbfe4019e,Walking Tall Premium Casual Shoes  Height Increase Shoes (7 cm) with Rubber OutSole - Mens Black Shoes C116D071D,3,04-08-2023
shopee,casual shoes for men,https://shopee.sg/Walking-Tall-Height-increase-shoes-(7.5-cm)-with-Rubber-OutSole-Brown-Leather-Men-shoes-Quality-Casual-Shoes-i.228978173.4954630367?sp_atk=5f83fc8b-73f8-44e6-b244-2ed4c4a62380&xptdk=5f83fc8b-73f8-44e6-b244-2ed4c4a62380,Walking Tall Height increase shoes (7.5 cm) with Rubber OutSole - Brown Leather Men shoes  Quality Casual Shoes,3,04-08-2023
shopee,casual shoes for men,https://shopee.sg/Walking-Tall-Premium-Casual-Shoes-Height-Increase-Shoes-(10-cm)-with-Rubber-OutSole-Mens-Black-Shoes-B58A061D-i.228978173.11214595839?sp_atk=3587d6e2-e474-4900-97ee-65490a37f739&xptdk=3587d6e2-e474-4900-97ee-65490a37f739,Walking Tall Premium Casual Shoes  Height Increase Shoes (10 cm) with Rubber OutSole - Mens Black Shoes B58A061D,3,04-08-2023
shopee,casual shoes for men,https://shopee.sg/Walking-Tall-Premium-Derby-Business-casual-Shoes-For-Men-Height-Increase-Shoes-(7-cm)-with-Rubber-Out-Sole-D117B0031D-i.228978173.13999433058?sp_atk=3753339d-a738-45ef-9388-ac8270727ec4&xptdk=3753339d-a738-45ef-9388-ac8270727ec4,Walking Tall Premium Derby Business casual Shoes For Men | Height Increase Shoes (7 cm) with Rubber Out Sole -D117B0031D,3,04-08-2023
shopee,casual shoes for men,https://shopee.sg/Caterpillar-Unisex-Hardwear-Hi-Leather-Boots-Midnight-Black-(P110893)-Casual-Lace-up-Shoes-Heavy-Duty-Streetwear-i.911415871.23918689654?sp_atk=1ccf6599-ef25-4c32-a318-f92ff0ba6b36&xptdk=1ccf6599-ef25-4c32-a318-f92ff0ba6b36,Caterpillar Unisex Hardwear Hi Leather Boots - Midnight Black (P110893) Casual Lace-up Shoes | Heavy Duty Streetwear,3,04-08-2023
shopee,casual shoes for men,https://shopee.sg/Everbest-Men's-Shoes-BS1061-Casual-Men's-Slip-On-i.273529824.8913712612?sp_atk=10364886-b0b4-44f6-ab2a-7ace3d682295&xptdk=10364886-b0b4-44f6-ab2a-7ace3d682295,Everbest Men's Shoes - BS1061 Casual Men's Slip On,3,04-08-2023
shopee,casual shoes for men,https://shopee.sg/Skechers-Men-On-The-GO-GO-Consistent-Synthwave-Walking-Sandals-229035-OLV-Air-Cooled-Goga-Mat-Slipper-Casual-i.84710867.20155615513?sp_atk=3d42ee30-b231-468a-b194-5ef938805f06&xptdk=3d42ee30-b231-468a-b194-5ef938805f06,"Skechers Men On-The-GO GO Consistent Synthwave Walking Sandals - 229035-OLV - Air-Cooled Goga Mat, Slipper, Casual",3,04-08-2023
shopee,casual shoes for men,https://shopee.sg/Skechers-Men-Foamies-Arch-Fit-Easy-Break-Walking-Sandals-243156-CHOC-Slipper-Casual-i.84710867.21232641391?sp_atk=c9aae686-ea2b-444b-8b5c-fcc1da4fd0cb&xptdk=c9aae686-ea2b-444b-8b5c-fcc1da4fd0cb,"Skechers Men Foamies Arch Fit Easy Break Walking Sandals - 243156-CHOC - Slipper, Casual",3,04-08-2023
shopee,casual shoes for men,https://shopee.sg/Caterpillar-Men's-Arcola-Shoe-Beeswax-Brown-(P725448)-Casual-Leather-Streetwear-Heavy-Duty-Dress-Shoe-i.911415871.20171333043?sp_atk=bc8d405e-e098-42d3-94ad-389bf410958e&xptdk=bc8d405e-e098-42d3-94ad-389bf410958e,Caterpillar Men's Arcola Shoe - Beeswax Brown (P725448) Casual Leather Streetwear | Heavy Duty Dress Shoe,3,04-08-2023
shopee,casual shoes for men,https://shopee.sg/Walk-Safari-Comfortable-Leather-Man-Casual-Fashion-Street-Leather-Sandals-ZS8811-i.114866093.1767614578?sp_atk=1b2da616-78bf-407a-a90c-275471a17f25&xptdk=1b2da616-78bf-407a-a90c-275471a17f25,Walk Safari Comfortable Leather Man Casual Fashion Street Leather Sandals ZS8811,3,04-08-2023
shopee,casual shoes for men,https://shopee.sg/Caterpillar-Men's-Arlington-Boot-Mustang-Brown-(P725447)-Casual-Leather-Boots-Heavy-Duty-Streetwear-i.911415871.20771332549?sp_atk=23bb0680-425a-496e-af45-f1f116109bec&xptdk=23bb0680-425a-496e-af45-f1f116109bec,Caterpillar Men's Arlington Boot - Mustang Brown (P725447) Casual Leather Boots | Heavy Duty Streetwear,3,04-08-2023
shopee,casual shoes for men,https://shopee.sg/Walk-Safari-Comfortable-Leather-Man-Casual-Fashion-Street-Sandals-ZS8812-i.114866093.1900646834?sp_atk=eb2620b5-3a52-496b-8e55-4f0f230e8cde&xptdk=eb2620b5-3a52-496b-8e55-4f0f230e8cde,Walk Safari Comfortable Leather Man Casual Fashion Street Sandals ZS8812,3,04-08-2023
shopee,casual shoes for men,https://shopee.sg/Skechers-Men-Sport-Casual-Gambix-Berlow-Sandals-237293-BBK-i.84710867.18732639181?sp_atk=426bcc3f-6c02-42ce-9445-35cbd613f22e&xptdk=426bcc3f-6c02-42ce-9445-35cbd613f22e,Skechers Men Sport Casual Gambix Berlow Sandals - 237293-BBK,3,04-08-2023
shopee,casual shoes for men,https://shopee.sg/Caterpillar-Unisex-Hardwear-Hi-Leather-Boots-Chocolate-Brown-(P110895)-Casual-Lace-up-Shoes-Heavy-Duty-Streetwear-i.911415871.23418690703?sp_atk=6434c80e-15d7-4eba-9ac0-087177f20609&xptdk=6434c80e-15d7-4eba-9ac0-087177f20609,Caterpillar Unisex Hardwear Hi Leather Boots - Chocolate Brown (P110895) Casual Lace-up Shoes | Heavy Duty Streetwear,3,04-08-2023
shopee,casual shoes for men,https://shopee.sg/Skechers-Online-Exclusive-Men-Foamies-GOwalk-5-Sit-Back-Walking-Sandals-243024-BLK-Slipper-Casual-i.84710867.23701192952?sp_atk=2328775b-2b06-422f-9476-52d96c7906f4&xptdk=2328775b-2b06-422f-9476-52d96c7906f4,"Skechers Online Exclusive Men Foamies GOwalk 5 Sit Back Walking Sandals - 243024-BLK - Slipper, Casual",3,04-08-2023
shopee,casual shoes for men,https://shopee.sg/Aetrex-Men's-Casual-Comfort-Posted-Orthotics-W-Metatarsal-Support-i.292384578.5951818959?sp_atk=329f086a-74ad-4b7f-b6df-83c87ea8bf70&xptdk=329f086a-74ad-4b7f-b6df-83c87ea8bf70,Aetrex Men's Casual Comfort Posted Orthotics W/Metatarsal Support,3,04-08-2023
shopee,casual shoes for men,https://shopee.sg/Everlast-Men's-EVL-CX-Slide-Sandals-Black-White-Black-(1EAH0040)-Casual-Basic-Footwear-i.75762037.15193854653?sp_atk=e460681c-0bac-4946-a7de-5ae5a71c2f2e&xptdk=e460681c-0bac-4946-a7de-5ae5a71c2f2e,Everlast Men's EVL-CX Slide Sandals - Black-White-Black (1EAH0040) Casual | Basic Footwear,3,04-08-2023
shopee,casual shoes for men,https://shopee.sg/Everlast-Men's-EVL-CX-Slide-Sandals-Black-Black-Black-(1EAH0039)-Casual-Basic-Footwear-i.75762037.15593854266?sp_atk=f5e68a84-1bd3-4e5f-8222-a59ac0cf1ed6&xptdk=f5e68a84-1bd3-4e5f-8222-a59ac0cf1ed6,Everlast Men's EVL-CX Slide Sandals - Black-Black-Black (1EAH0039) Casual | Basic Footwear,3,04-08-2023
shopee,casual shoes for men,https://shopee.sg/Skechers-Men-Sport-Casual-Gambix-Berlow-Sandals-237293-WNVR-i.84710867.21332640869?sp_atk=c81ee4b9-c5e5-4f1b-9251-cf8e5c1c22a4&xptdk=c81ee4b9-c5e5-4f1b-9251-cf8e5c1c22a4,Skechers Men Sport Casual Gambix Berlow Sandals - 237293-WNVR,3,04-08-2023
shopee,casual shoes for men,https://shopee.sg/Skechers-Men-Foamies-Arch-Fit-Arch-Fit-Foamies-Walking-Sandals-243158-CHAR-Slipper-Casual-i.84710867.15051968935?sp_atk=a6108889-9659-4e51-a33c-4367a005b756&xptdk=a6108889-9659-4e51-a33c-4367a005b756,"Skechers Men Foamies Arch Fit Arch Fit Foamies Walking Sandals - 243158-CHAR - Slipper, Casual",3,04-08-2023
shopee,casual shoes for men,https://shopee.sg/Clarks-Ellison-Easy-Black-Leather-Flip-Flop-Mens-Casual-i.119320434.16375374414?sp_atk=bafcb92d-a8ed-4242-b3ee-fd2ab3441b34&xptdk=bafcb92d-a8ed-4242-b3ee-fd2ab3441b34,Clarks Ellison Easy Black Leather Flip Flop Mens Casual,3,04-08-2023
shopee,casual shoes for men,https://shopee.sg/Caterpillar-Unisex-Rigor-Sandal-Shoe-Oatmeal-White-(P110621)-Casual-Streetwear-Urban-Gladiators-i.911415871.19171335508?sp_atk=82b7d315-5915-4002-b686-9a3c305f06ad&xptdk=82b7d315-5915-4002-b686-9a3c305f06ad,Caterpillar Unisex Rigor Sandal Shoe - Oatmeal White (P110621) Casual Streetwear | Urban Gladiators,3,04-08-2023
shopee,casual shoes for men,https://shopee.sg/Caterpillar-Men's-Arcola-Shoe-Black-(P725450)-Casual-Leather-Streetwear-Heavy-Duty-Dress-Shoe-i.911415871.23918681408?sp_atk=9eed1852-57aa-4671-adc8-a73eb146b42c&xptdk=9eed1852-57aa-4671-adc8-a73eb146b42c,Caterpillar Men's Arcola Shoe - Black (P725450) Casual Leather Streetwear | Heavy Duty Dress Shoe,3,04-08-2023
shopee,casual shoes for men,https://shopee.sg/Skechers-Men-Foamies-GOwalk-5-Sit-Back-Walking-Sandals-243024-CCL-Slipper-Casual-i.84710867.23701192997?sp_atk=dc5eff67-c6de-4951-8fb7-9537387c137c&xptdk=dc5eff67-c6de-4951-8fb7-9537387c137c,"Skechers Men Foamies GOwalk 5 Sit Back Walking Sandals - 243024-CCL - Slipper, Casual",3,04-08-2023
shopee,casual shoes for men,https://shopee.sg/Aetrex-Men's-Casual-Orthotics-Insole-For-Everyday-Shoes-i.292384578.5447515753?sp_atk=49558606-3b93-4e50-b97d-2c5bab6752d0&xptdk=49558606-3b93-4e50-b97d-2c5bab6752d0,Aetrex Men's Casual Orthotics - Insole For Everyday Shoes,3,04-08-2023
shopee,casual shoes for men,https://shopee.sg/Walking-Tall-Premium-Boots-Casual-shoes-Height-Increase-Shoes-(8-cm)-with-Rubber-outsole-Black-B140A0012D-i.228978173.21566221984?sp_atk=a0c7c200-35e8-41d3-91a9-94ae81189a3e&xptdk=a0c7c200-35e8-41d3-91a9-94ae81189a3e,Walking Tall Premium Boots Casual shoes | Height Increase Shoes (8 cm) with Rubber outsole Black -B140A0012D,3,04-08-2023
shopee,casual shoes for men,https://shopee.sg/Caterpillar-Men's-Narrate-Suede-Boot-Black-(P725203)-Casual-Streetwear-Lace-Up-Leather-Boots-i.911415871.18771333177?sp_atk=8585f469-1c7b-4f45-81c6-2ecccb87eb42&xptdk=8585f469-1c7b-4f45-81c6-2ecccb87eb42,Caterpillar Men's Narrate Suede Boot - Black (P725203) Casual Streetwear | Lace Up Leather Boots,3,04-08-2023
shopee,casual shoes for men,https://shopee.sg/Everlast-Men's-EVL-CX-Slide-Sandals-Black-White-Grey-(1EAH0042)-Casual-Basic-Footwear-i.75762037.21654081390?sp_atk=b4aa8530-ac2d-4e0d-8a7f-306dbe930d91&xptdk=b4aa8530-ac2d-4e0d-8a7f-306dbe930d91,Everlast Men's EVL-CX Slide Sandals - Black-White-Grey (1EAH0042)  Casual | Basic Footwear,3,04-08-2023
shopee,casual shoes for men,https://shopee.sg/Everlast-Men's-EVL-CX-Slide-Sandals-Black-White-White-(1EAH0041)-Casual-Basic-Footwear-i.75762037.18154081330?sp_atk=3c972517-ecf3-45a6-99c5-7b6bf3a0ea99&xptdk=3c972517-ecf3-45a6-99c5-7b6bf3a0ea99,Everlast Men's EVL-CX Slide Sandals - Black-White-White (1EAH0041) Casual | Basic Footwear,3,04-08-2023
shopee,casual shoes for men,https://shopee.sg/New-Balance-111-Laceless-Men-Casual-Sneakers-i.82375312.5533309648?sp_atk=366f5c9a-321d-4882-957d-4bab7b905395&xptdk=366f5c9a-321d-4882-957d-4bab7b905395,New Balance 111 Laceless Men Casual Sneakers,3,04-08-2023
shopee,casual shoes for men,https://shopee.sg/Walking-Tall-Premium-Boots-Casual-shoes-Height-Increase-Shoes-(7-cm)-with-Rubber-outsole-Brown-Leather-Men-shoes-i.228978173.23466368260?sp_atk=7ee561be-5c01-4303-b0dc-ac378d398e2f&xptdk=7ee561be-5c01-4303-b0dc-ac378d398e2f,Walking Tall Premium Boots Casual shoes | Height Increase Shoes (7 cm) with Rubber outsole | Brown Leather Men shoes,3,04-08-2023
shopee,casual shoes for men,https://shopee.sg/Surfers-Paradise-Waterproof-Unisex-Casual-Slippers-Army-i.53499528.19347544687?sp_atk=2cf5707c-e1bd-4555-b3e0-886995c70302&xptdk=2cf5707c-e1bd-4555-b3e0-886995c70302,Surfers Paradise Waterproof Unisex Casual Slippers Army,3,04-08-2023
shopee,casual shoes for men,https://shopee.sg/Skechers-Online-Exclusive-Men-Outdoor-Side-Lines-2.0-Breaker-Trail-Hiking-Slides-8790164-CCBK-Slipper-Casual-i.84710867.22024559537?sp_atk=4554e4f2-0a87-4cef-86cc-ea7e05902ecf&xptdk=4554e4f2-0a87-4cef-86cc-ea7e05902ecf,"Skechers Online Exclusive Men Outdoor Side Lines 2.0 Breaker Trail & Hiking Slides - 8790164-CCBK - Slipper, Casual",3,04-08-2023
shopee,casual shoes for men,https://shopee.sg/Walking-Tall-Premium-Cowboy-Boots-Casual-shoes-Height-Increase-Shoes-(8-cm)-with-Rubber-outsole-Black-B176D0011D-i.228978173.18836235799?sp_atk=20e77533-4072-4c62-b823-aff6d172efc3&xptdk=20e77533-4072-4c62-b823-aff6d172efc3,Walking Tall Premium Cowboy Boots Casual shoes | Height Increase Shoes (8 cm) with Rubber outsole | Black-B176D0011D,3,04-08-2023
shopee,casual shoes for men,https://shopee.sg/Everlast-Unisex-EZZY-Slide-Sandals-Monochrome-Black-(EL19-M633)-Casual-Basic-Footwear-i.75762037.18248793729?sp_atk=f6f748f1-e0a2-4ca2-911e-c34e3753fc59&xptdk=f6f748f1-e0a2-4ca2-911e-c34e3753fc59,Everlast Unisex EZZY Slide Sandals - Monochrome Black (EL19-M633) Casual | Basic Footwear,3,04-08-2023
shopee,casual shoes for men,https://shopee.sg/DR-SCHOLLS-Stylish-Step-Casual-Sneaker-Insoles-(Pair)-1s-i.195238920.16497351836?sp_atk=af717406-8241-42fd-84cc-7735d1c8d0d4&xptdk=af717406-8241-42fd-84cc-7735d1c8d0d4,DR SCHOLLS Stylish Step Casual Sneaker Insoles (Pair) 1s,3,04-08-2023
shopee,casual shoes for men,https://shopee.sg/Montbell-Unisex-Shoelace-Casual-Flat-Long-Black-Blue-Black-Red-210cm-i.94279148.19328687186?sp_atk=70bba7c2-11ca-48c9-9a95-764640c5bd4f&xptdk=70bba7c2-11ca-48c9-9a95-764640c5bd4f,Montbell Unisex Shoelace Casual Flat Long Black/Blue Black/Red 210cm,3,04-08-2023
shopee,casual shoes for men,https://shopee.sg/Everlast-Unisex-Double-Strap-Sandals-Green-(4025220171)-Earth-Green-Adjustable-Casual-Slides-i.75762037.18289476040?sp_atk=c07a2983-336b-4298-a9d8-73761e22f50b&xptdk=c07a2983-336b-4298-a9d8-73761e22f50b,Everlast Unisex Double Strap Sandals - Green (4025220171) Earth Green | Adjustable Casual Slides,3,04-08-2023
shopee,casual shoes for men,https://shopee.sg/-NEW-COLOURS-Rigorer-Adjustable-Slides-SL504-(Sports-Foot-Wear-Slippers-Sandals-Flip-Flop-Casual-Footwear)-i.106407924.5300017673?sp_atk=ba35c1b8-4c37-4c2a-a09e-764e3e0fc6fb&xptdk=ba35c1b8-4c37-4c2a-a09e-764e3e0fc6fb,[NEW COLOURS] Rigorer Adjustable Slides [SL504] - (Sports Foot Wear Slippers Sandals Flip Flop Casual Footwear),3,04-08-2023
shopee,casual shoes for men,https://shopee.sg/Montbell-Sock-On-Sandals-Comfort-Unisex-Casual-Black-i.94279148.1605757482?sp_atk=d02de7ee-be1e-4f66-a5bf-d94fd9e61892&xptdk=d02de7ee-be1e-4f66-a5bf-d94fd9e61892,Montbell Sock-On Sandals Comfort Unisex Casual Black,3,04-08-2023
shopee,casual shoes for men,https://shopee.sg/Skechers-Men-Foamies-Arch-Fit-Feelin-Fresh-Walking-Slides-243159-WHT-Slipper-Casual-i.84710867.15751968954?sp_atk=87001e47-b365-4718-b988-61b1befb996d&xptdk=87001e47-b365-4718-b988-61b1befb996d,"Skechers Men Foamies Arch Fit Feelin Fresh Walking Slides - 243159-WHT - Slipper, Casual",3,04-08-2023
shopee,casual shoes for men,https://shopee.sg/Skechers-Men-Foamies-Arch-Fit-Feelin-Fresh-Walking-Slides-243159-CHAR-Slipper-Casual-i.84710867.18409527812?sp_atk=c10fc94d-7bdc-4142-be7a-ee4fde28989f&xptdk=c10fc94d-7bdc-4142-be7a-ee4fde28989f,"Skechers Men Foamies Arch Fit Feelin Fresh Walking Slides - 243159-CHAR - Slipper, Casual",3,04-08-2023
shopee,casual shoes for men,https://shopee.sg/Skechers-Men-On-The-GO-Hyper-Slide-Hyper-Comfort-Walking-Slides-229133-CHAR-HYPER-BURST-Slipper-Casual-i.84710867.21551979559?sp_atk=1aa56eab-7dcb-457d-b5b7-192015051802&xptdk=1aa56eab-7dcb-457d-b5b7-192015051802,"Skechers Men On-The-GO Hyper Slide Hyper Comfort Walking Slides - 229133-CHAR - HYPER BURST, Slipper, Casual",3,04-08-2023
shopee,casual shoes for men,https://shopee.sg/Aetrex-Men's-Casual-Comfort-Orthotics-W-Metatarsal-Support-Insole-i.292384578.6347514263?sp_atk=f95fecfe-4ce6-4dd9-9dec-c35c98ac1441&xptdk=f95fecfe-4ce6-4dd9-9dec-c35c98ac1441,Aetrex Men's Casual Comfort Orthotics W/Metatarsal Support Insole,3,04-08-2023
shopee,casual shoes for men,https://shopee.sg/Skechers-Men-Foamies-Arch-Fit-Feelin-Fresh-Walking-Slides-243159-OLV-Slipper-Casual-i.84710867.21551979621?sp_atk=4a88e293-9d47-43b6-9d7f-2fc5b5bd1745&xptdk=4a88e293-9d47-43b6-9d7f-2fc5b5bd1745,"Skechers Men Foamies Arch Fit Feelin Fresh Walking Slides - 243159-OLV - Slipper, Casual",3,04-08-2023
shopee,casual shoes for men,https://shopee.sg/Skechers-Men-Foamies-GOwalk-5-Cruise'N-Walking-Slides-243021-WHT-Slipper-Casual-i.84710867.23422702238?sp_atk=14a6eb5f-e087-42c7-a324-f066aee60200&xptdk=14a6eb5f-e087-42c7-a324-f066aee60200,"Skechers Men Foamies GOwalk 5 Cruise'N Walking Slides - 243021-WHT - Slipper, Casual",3,04-08-2023
shopee,casual shoes for men,https://shopee.sg/Skechers-Men-Foamies-GOwalk-5-Cruise'N-Walking-Slides-243021-OLV-Slipper-Casual-i.84710867.21838935699?sp_atk=09b71500-a5c4-489f-af58-0bc44c64c09d&xptdk=09b71500-a5c4-489f-af58-0bc44c64c09d,"Skechers Men Foamies GOwalk 5 Cruise'N Walking Slides - 243021-OLV - Slipper, Casual",4,04-08-2023
shopee,casual shoes for men,https://shopee.sg/Skechers-Men-Foamies-GOwalk-5-Cruise'N-Walking-Slides-243021-WHT-Slipper-Casual-i.84710867.23422702238?sp_atk=97376094-df17-43ec-9c0a-05de3f913f9a&xptdk=97376094-df17-43ec-9c0a-05de3f913f9a,"Skechers Men Foamies GOwalk 5 Cruise'N Walking Slides - 243021-WHT - Slipper, Casual",4,04-08-2023
shopee,casual shoes for men,https://shopee.sg/Montbell-Unisex-Shoelace-Casual-Round-Blue-Brown-Khaki-Orange-140cm-2-laces-per-pack-i.94279148.18728598370?sp_atk=3654616a-1906-4813-b86e-38d8bdfa9ca9&xptdk=3654616a-1906-4813-b86e-38d8bdfa9ca9,Montbell Unisex Shoelace Casual Round Blue Brown Khaki Orange 140cm  2 laces per pack,4,04-08-2023
shopee,casual shoes for men,https://shopee.sg/Skechers-Men-Foamies-GOwalk-5-Cruise'N-Walking-Slides-243021-BLK-Slipper-Casual-i.84710867.20738937235?sp_atk=d852fdc0-c228-4e8e-a4d5-5431ce6b2eaa&xptdk=d852fdc0-c228-4e8e-a4d5-5431ce6b2eaa,"Skechers Men Foamies GOwalk 5 Cruise'N Walking Slides - 243021-BLK - Slipper, Casual",4,04-08-2023
shopee,casual shoes for men,https://shopee.sg/Aetrex-Men's-Casual-Comfort-Posted-Orthotics-Insole-i.292384578.7047514289?sp_atk=a76f7a75-25bb-46d5-ad78-d6b532bee434&xptdk=a76f7a75-25bb-46d5-ad78-d6b532bee434,Aetrex Men's Casual Comfort Posted Orthotics Insole,4,04-08-2023
shopee,casual shoes for men,https://shopee.sg/Montbell-Unisex-Shoelace-Casual-Round-Blue-Brown-Khaki-Orange-120cm-2-laces-per-pack-i.94279148.18126991729?sp_atk=f8490542-3fc8-41dd-84ed-daab764e1d26&xptdk=f8490542-3fc8-41dd-84ed-daab764e1d26,Montbell Unisex Shoelace Casual Round Blue Brown Khaki Orange 120cm 2 laces per pack,4,04-08-2023
shopee,casual shoes for men,https://shopee.sg/Montbell-Unisex-Shoelace-Casual-Round-Red-Silver-160cm-2-laces-per-pack-i.94279148.19128601392?sp_atk=99cde296-3f7b-4c81-81b8-1b865216a054&xptdk=99cde296-3f7b-4c81-81b8-1b865216a054,Montbell Unisex Shoelace Casual Round Red Silver 160cm 2 laces per pack,4,04-08-2023
shopee,casual shoes for men,https://shopee.sg/Everlast-Unisex-EZZY-Slide-Sandals-Black-Black-White-(EL19-M633)-Casual-Basic-Footwear-i.75762037.16386057644?sp_atk=7d2898b4-1b1a-409d-a31f-8c1d91b5ba29&xptdk=7d2898b4-1b1a-409d-a31f-8c1d91b5ba29,Everlast Unisex EZZY Slide Sandals - Black/Black/White (EL19-M633) Casual | Basic Footwear,4,04-08-2023
shopee,casual shoes for men,https://shopee.sg/Montbell-Unisex-Shoelace-Casual-Flat-Black-Blue-Black-Red-150-i.94279148.21328822881?sp_atk=655d50b2-5b0d-42fe-b608-de0cf59db5b3&xptdk=655d50b2-5b0d-42fe-b608-de0cf59db5b3,Montbell Unisex Shoelace Casual Flat Black Blue Black Red 150,4,04-08-2023
shopee,casual shoes for men,https://shopee.sg/Everlast-Unisex-PILLOW-Slides-Black-(4055220120)-Casual-Basic-Sandals-i.75762037.21254056540?sp_atk=695f2e87-6447-4484-99d2-6247470f551a&xptdk=695f2e87-6447-4484-99d2-6247470f551a,Everlast Unisex PILLOW Slides - Black (4055220120) Casual | Basic Sandals,4,04-08-2023
shopee,casual shoes for men,https://shopee.sg/Everlast-Unisex-PILLOW-Slides-White-(4055220100)-Casual-Basic-Sandals-i.75762037.14493852911?sp_atk=17e9057d-282a-41d0-9075-e8dcc0549549&xptdk=17e9057d-282a-41d0-9075-e8dcc0549549,Everlast Unisex PILLOW Slides - White (4055220100) Casual | Basic Sandals,4,04-08-2023
shopee,casual shoes for men,https://shopee.sg/Everlast-Unisex-Double-Strap-Sandals-Coffee-(4025220102)-Coffee-Brown-Adjustable-Casual-Slides-i.75762037.22844540665?sp_atk=8a255e8e-aff6-45f9-b51e-e1fe87fced4e&xptdk=8a255e8e-aff6-45f9-b51e-e1fe87fced4e,Everlast Unisex Double Strap Sandals - Coffee (4025220102) Coffee Brown | Adjustable Casual Slides,4,04-08-2023
